case_id,linked_transaction_pattern,customer_segment,amount_bucket,destination_country,summary,risk_factors,decision,investigator_notes
CASE-0001,CARD,Retail,<500K,South Africa,CUST-0063 initiated a CARD of USD 215.39 to South Africa via web. Key concerns: R-003 customer behavior deviation.,R-003 customer behavior deviation,escalated,"Investigator reviewed customer history, destination risk, and transaction purpose. Final decision: escalated."
CASE-0002,WIRE,Retail,<500K,China,CUST-0198 initiated a WIRE of USD 313113.2 to China via branch. Key concerns: R-003 customer behavior deviation.,R-003 customer behavior deviation,filed_SAR,"Investigator reviewed customer history, destination risk, and transaction purpose. Final decision: filed_SAR."
CASE-0003,CRYPTO_TRANSFER,SME,500K-5M,Cyprus,"CUST-0434 initiated a CRYPTO_TRANSFER of USD 2482220.64 to Cyprus via api. Key concerns: R-003 customer behavior deviation, R-004 large crypto transfer.",R-003 customer behavior deviation|R-004 large crypto transfer,escalated,"Investigator reviewed customer history, destination risk, and transaction purpose. Final decision: escalated."
CASE-0004,CASH_PAYMENT,Retail,<500K,Brazil,CUST-0250 initiated a CASH_PAYMENT of USD 126045.83 to Brazil via branch. Key concerns: R-003 customer behavior deviation.,R-003 customer behavior deviation,closed_false_positive,"Investigator reviewed customer history, destination risk, and transaction purpose. Final decision: closed_false_positive."
CASE-0005,CASH_PAYMENT,Retail,<500K,Panama,"CUST-0483 initiated a CASH_PAYMENT of USD 87392.98 to Panama via advisor. Key concerns: R-002 high-risk jurisdiction, R-003 customer behavior deviation.",R-002 high-risk jurisdiction|R-003 customer behavior deviation,closed_false_positive,"Investigator reviewed customer history, destination risk, and transaction purpose. Final decision: closed_false_positive."
CASE-0006,CRYPTO_TRANSFER,Retail,500K-5M,Brazil,"CUST-0321 initiated a CRYPTO_TRANSFER of USD 595136.94 to Brazil via advisor. Key concerns: R-003 customer behavior deviation, R-004 large crypto transfer, R-005 opaque merchant category.",R-003 customer behavior deviation|R-004 large crypto transfer|R-005 opaque merchant category,escalated,"Investigator reviewed customer history, destination risk, and transaction purpose. Final decision: escalated."
CASE-0007,CASH_PAYMENT,SME,500K-5M,Turkey,CUST-0078 initiated a CASH_PAYMENT of USD 1741121.46 to Turkey via api. Key concerns: R-003 customer behavior deviation.,R-003 customer behavior deviation,closed_false_positive,"Investigator reviewed customer history, destination risk, and transaction purpose. Final decision: closed_false_positive."
CASE-0008,WIRE,Retail,<500K,Mexico,CUST-0308 initiated a WIRE of USD 77721.97 to Mexico via branch. Key concerns: R-003 customer behavior deviation.,R-003 customer behavior deviation,closed_false_positive,"Investigator reviewed customer history, destination risk, and transaction purpose. Final decision: closed_false_positive."
CASE-0009,WIRE,Retail,<500K,Nigeria,"CUST-0140 initiated a WIRE of USD 42007.25 to Nigeria via web. Key concerns: R-002 high-risk jurisdiction, R-003 customer behavior deviation.",R-002 high-risk jurisdiction|R-003 customer behavior deviation,filed_SAR,"Investigator reviewed customer history, destination risk, and transaction purpose. Final decision: filed_SAR."
CASE-0010,CASH_PAYMENT,SME,>5M,Turkey,"CUST-0127 initiated a CASH_PAYMENT of USD 7367230.04 to Turkey via branch. Key concerns: R-001 high-value cash payment, R-003 customer behavior deviation, R-005 opaque merchant category.",R-001 high-value cash payment|R-003 customer behavior deviation|R-005 opaque merchant category,escalated,"Investigator reviewed customer history, destination risk, and transaction purpose. Final decision: escalated."
CASE-0011,CRYPTO_TRANSFER,Retail,<500K,Iran,"CUST-0116 initiated a CRYPTO_TRANSFER of USD 221681.35 to Iran via branch. Key concerns: R-002 high-risk jurisdiction, R-003 customer behavior deviation.",R-002 high-risk jurisdiction|R-003 customer behavior deviation,filed_SAR,"Investigator reviewed customer history, destination risk, and transaction purpose. Final decision: filed_SAR."
CASE-0012,INTERNATIONAL_REMITTANCE,Retail,<500K,Panama,"CUST-0328 initiated a INTERNATIONAL_REMITTANCE of USD 106476.45 to Panama via branch. Key concerns: R-002 high-risk jurisdiction, R-003 customer behavior deviation, R-005 opaque merchant category.",R-002 high-risk jurisdiction|R-003 customer behavior deviation|R-005 opaque merchant category,closed_false_positive,"Investigator reviewed customer history, destination risk, and transaction purpose. Final decision: closed_false_positive."
CASE-0013,INTERNATIONAL_REMITTANCE,Retail,<500K,Cayman Islands,"CUST-0100 initiated a INTERNATIONAL_REMITTANCE of USD 456050.03 to Cayman Islands via branch. Key concerns: R-002 high-risk jurisdiction, R-003 customer behavior deviation.",R-002 high-risk jurisdiction|R-003 customer behavior deviation,closed_false_positive,"Investigator reviewed customer history, destination risk, and transaction purpose. Final decision: closed_false_positive."
CASE-0014,ACH,Retail,<500K,Cyprus,CUST-0088 initiated a ACH of USD 2573.09 to Cyprus via api. Key concerns: R-003 customer behavior deviation.,R-003 customer behavior deviation,escalated,"Investigator reviewed customer history, destination risk, and transaction purpose. Final decision: escalated."
CASE-0015,INTERNATIONAL_REMITTANCE,Retail,<500K,Turkey,CUST-0473 initiated a INTERNATIONAL_REMITTANCE of USD 66992.01 to Turkey via advisor. Key concerns: R-003 customer behavior deviation.,R-003 customer behavior deviation,closed_false_positive,"Investigator reviewed customer history, destination risk, and transaction purpose. Final decision: closed_false_positive."
CASE-0016,INTERNATIONAL_REMITTANCE,HNI,<500K,Brazil,CUST-0381 initiated a INTERNATIONAL_REMITTANCE of USD 14124.3 to Brazil via advisor. Key concerns: R-003 customer behavior deviation.,R-003 customer behavior deviation,closed_false_positive,"Investigator reviewed customer history, destination risk, and transaction purpose. Final decision: closed_false_positive."
CASE-0017,WIRE,Retail,<500K,China,CUST-0267 initiated a WIRE of USD 170162.94 to China via advisor. Key concerns: R-003 customer behavior deviation.,R-003 customer behavior deviation,filed_SAR,"Investigator reviewed customer history, destination risk, and transaction purpose. Final decision: filed_SAR."
CASE-0018,INTERNATIONAL_REMITTANCE,HNI,<500K,UAE,CUST-0478 initiated a INTERNATIONAL_REMITTANCE of USD 184858.22 to UAE via branch. Key concerns: R-003 customer behavior deviation.,R-003 customer behavior deviation,escalated,"Investigator reviewed customer history, destination risk, and transaction purpose. Final decision: escalated."
CASE-0019,CASH_PAYMENT,Retail,<500K,British Virgin Islands,"CUST-0333 initiated a CASH_PAYMENT of USD 300606.08 to British Virgin Islands via advisor. Key concerns: R-002 high-risk jurisdiction, R-003 customer behavior deviation.",R-002 high-risk jurisdiction|R-003 customer behavior deviation,request_more_info,"Investigator reviewed customer history, destination risk, and transaction purpose. Final decision: request_more_info."
CASE-0020,CRYPTO_TRANSFER,HNI,<500K,Brazil,CUST-0332 initiated a CRYPTO_TRANSFER of USD 4149.07 to Brazil via branch. Key concerns: R-003 customer behavior deviation.,R-003 customer behavior deviation,closed_false_positive,"Investigator reviewed customer history, destination risk, and transaction purpose. Final decision: closed_false_positive."
CASE-0021,CASH_PAYMENT,Corporate,>5M,Cayman Islands,"CUST-0417 initiated a CASH_PAYMENT of USD 12430170.65 to Cayman Islands via advisor. Key concerns: R-001 high-value cash payment, R-002 high-risk jurisdiction, R-003 customer behavior deviation.",R-001 high-value cash payment|R-002 high-risk jurisdiction|R-003 customer behavior deviation,request_more_info,"Investigator reviewed customer history, destination risk, and transaction purpose. Final decision: request_more_info."
CASE-0022,CASH_PAYMENT,Retail,<500K,Brazil,CUST-0168 initiated a CASH_PAYMENT of USD 210742.37 to Brazil via api. Key concerns: R-003 customer behavior deviation.,R-003 customer behavior deviation,escalated,"Investigator reviewed customer history, destination risk, and transaction purpose. Final decision: escalated."
CASE-0023,ACH,HNI,<500K,Mexico,CUST-0020 initiated a ACH of USD 19723.54 to Mexico via branch. Key concerns: R-003 customer behavior deviation.,R-003 customer behavior deviation,closed_false_positive,"Investigator reviewed customer history, destination risk, and transaction purpose. Final decision: closed_false_positive."
CASE-0024,WIRE,Retail,<500K,Turkey,CUST-0150 initiated a WIRE of USD 131577.88 to Turkey via api. Key concerns: R-003 customer behavior deviation.,R-003 customer behavior deviation,request_more_info,"Investigator reviewed customer history, destination risk, and transaction purpose. Final decision: request_more_info."
CASE-0025,ACH,Retail,<500K,Mexico,CUST-0198 initiated a ACH of USD 4047.57 to Mexico via branch. Key concerns: R-003 customer behavior deviation.,R-003 customer behavior deviation,closed_false_positive,"Investigator reviewed customer history, destination risk, and transaction purpose. Final decision: closed_false_positive."
CASE-0026,WIRE,Retail,<500K,Iran,"CUST-0419 initiated a WIRE of USD 329097.58 to Iran via api. Key concerns: R-002 high-risk jurisdiction, R-003 customer behavior deviation, R-005 opaque merchant category.",R-002 high-risk jurisdiction|R-003 customer behavior deviation|R-005 opaque merchant category,closed_false_positive,"Investigator reviewed customer history, destination risk, and transaction purpose. Final decision: closed_false_positive."
CASE-0027,CASH_PAYMENT,Retail,<500K,Cyprus,CUST-0044 initiated a CASH_PAYMENT of USD 21289.82 to Cyprus via web. Key concerns: R-003 customer behavior deviation.,R-003 customer behavior deviation,filed_SAR,"Investigator reviewed customer history, destination risk, and transaction purpose. Final decision: filed_SAR."
CASE-0028,INTERNATIONAL_REMITTANCE,Retail,<500K,China,CUST-0008 initiated a INTERNATIONAL_REMITTANCE of USD 953.43 to China via api. Key concerns: R-003 customer behavior deviation.,R-003 customer behavior deviation,escalated,"Investigator reviewed customer history, destination risk, and transaction purpose. Final decision: escalated."
CASE-0029,CRYPTO_TRANSFER,Retail,<500K,Russia,"CUST-0114 initiated a CRYPTO_TRANSFER of USD 64389.82 to Russia via api. Key concerns: R-002 high-risk jurisdiction, R-003 customer behavior deviation.",R-002 high-risk jurisdiction|R-003 customer behavior deviation,escalated,"Investigator reviewed customer history, destination risk, and transaction purpose. Final decision: escalated."
CASE-0030,CARD,HNI,<500K,Cayman Islands,CUST-0110 initiated a CARD of USD 40479.24 to Cayman Islands via branch. Key concerns: R-002 high-risk jurisdiction.,R-002 high-risk jurisdiction,escalated,"Investigator reviewed customer history, destination risk, and transaction purpose. Final decision: escalated."
CASE-0031,CASH_PAYMENT,HNI,>5M,China,"CUST-0386 initiated a CASH_PAYMENT of USD 10265810.87 to China via advisor. Key concerns: R-001 high-value cash payment, R-003 customer behavior deviation.",R-001 high-value cash payment|R-003 customer behavior deviation,closed_false_positive,"Investigator reviewed customer history, destination risk, and transaction purpose. Final decision: closed_false_positive."
CASE-0032,WIRE,HNI,<500K,Mexico,CUST-0094 initiated a WIRE of USD 15971.12 to Mexico via advisor. Key concerns: R-003 customer behavior deviation.,R-003 customer behavior deviation,escalated,"Investigator reviewed customer history, destination risk, and transaction purpose. Final decision: escalated."
CASE-0033,CARD,Retail,<500K,Turkey,CUST-0489 initiated a CARD of USD 449.39 to Turkey via web. Key concerns: R-003 customer behavior deviation.,R-003 customer behavior deviation,request_more_info,"Investigator reviewed customer history, destination risk, and transaction purpose. Final decision: request_more_info."
CASE-0034,WIRE,SME,500K-5M,Panama,"CUST-0279 initiated a WIRE of USD 1975917.48 to Panama via advisor. Key concerns: R-002 high-risk jurisdiction, R-003 customer behavior deviation.",R-002 high-risk jurisdiction|R-003 customer behavior deviation,closed_false_positive,"Investigator reviewed customer history, destination risk, and transaction purpose. Final decision: closed_false_positive."
CASE-0035,INTERNATIONAL_REMITTANCE,Retail,500K-5M,British Virgin Islands,"CUST-0115 initiated a INTERNATIONAL_REMITTANCE of USD 527848.79 to British Virgin Islands via api. Key concerns: R-002 high-risk jurisdiction, R-003 customer behavior deviation, R-005 opaque merchant category.",R-002 high-risk jurisdiction|R-003 customer behavior deviation|R-005 opaque merchant category,escalated,"Investigator reviewed customer history, destination risk, and transaction purpose. Final decision: escalated."
CASE-0036,INTERNATIONAL_REMITTANCE,SME,<500K,Hong Kong,CUST-0287 initiated a INTERNATIONAL_REMITTANCE of USD 8423.15 to Hong Kong via branch. Key concerns: R-003 customer behavior deviation.,R-003 customer behavior deviation,escalated,"Investigator reviewed customer history, destination risk, and transaction purpose. Final decision: escalated."
CASE-0037,CHECK,Retail,<500K,Mexico,CUST-0136 initiated a CHECK of USD 457.59 to Mexico via web. Key concerns: R-003 customer behavior deviation.,R-003 customer behavior deviation,request_more_info,"Investigator reviewed customer history, destination risk, and transaction purpose. Final decision: request_more_info."
CASE-0038,ACH,SME,<500K,British Virgin Islands,CUST-0190 initiated a ACH of USD 7739.37 to British Virgin Islands via branch. Key concerns: R-002 high-risk jurisdiction.,R-002 high-risk jurisdiction,filed_SAR,"Investigator reviewed customer history, destination risk, and transaction purpose. Final decision: filed_SAR."
CASE-0039,CHECK,Corporate,<500K,Cyprus,CUST-0204 initiated a CHECK of USD 27033.17 to Cyprus via web. Key concerns: R-003 customer behavior deviation.,R-003 customer behavior deviation,filed_SAR,"Investigator reviewed customer history, destination risk, and transaction purpose. Final decision: filed_SAR."
CASE-0040,ACH,HNI,<500K,Mexico,CUST-0235 initiated a ACH of USD 54301.98 to Mexico via api. Key concerns: R-003 customer behavior deviation.,R-003 customer behavior deviation,request_more_info,"Investigator reviewed customer history, destination risk, and transaction purpose. Final decision: request_more_info."
CASE-0041,CASH_PAYMENT,SME,>5M,Turkey,"CUST-0127 initiated a CASH_PAYMENT of USD 7367230.04 to Turkey via branch. Key concerns: R-001 high-value cash payment, R-003 customer behavior deviation, R-005 opaque merchant category.",R-001 high-value cash payment|R-003 customer behavior deviation|R-005 opaque merchant category,request_more_info,"Investigator reviewed customer history, destination risk, and transaction purpose. Final decision: request_more_info."
CASE-0042,CRYPTO_TRANSFER,SME,500K-5M,Mexico,"CUST-0451 initiated a CRYPTO_TRANSFER of USD 1312418.98 to Mexico via branch. Key concerns: R-003 customer behavior deviation, R-004 large crypto transfer.",R-003 customer behavior deviation|R-004 large crypto transfer,filed_SAR,"Investigator reviewed customer history, destination risk, and transaction purpose. Final decision: filed_SAR."
CASE-0043,CASH_PAYMENT,SME,>5M,Turkey,"CUST-0127 initiated a CASH_PAYMENT of USD 7367230.04 to Turkey via branch. Key concerns: R-001 high-value cash payment, R-003 customer behavior deviation, R-005 opaque merchant category.",R-001 high-value cash payment|R-003 customer behavior deviation|R-005 opaque merchant category,request_more_info,"Investigator reviewed customer history, destination risk, and transaction purpose. Final decision: request_more_info."
CASE-0044,CASH_PAYMENT,SME,<500K,Brazil,CUST-0444 initiated a CASH_PAYMENT of USD 14126.07 to Brazil via web. Key concerns: R-003 customer behavior deviation.,R-003 customer behavior deviation,closed_false_positive,"Investigator reviewed customer history, destination risk, and transaction purpose. Final decision: closed_false_positive."
CASE-0045,CHECK,SME,<500K,Nigeria,CUST-0349 initiated a CHECK of USD 43154.02 to Nigeria via web. Key concerns: R-002 high-risk jurisdiction.,R-002 high-risk jurisdiction,escalated,"Investigator reviewed customer history, destination risk, and transaction purpose. Final decision: escalated."
CASE-0046,WIRE,Retail,<500K,Turkey,CUST-0424 initiated a WIRE of USD 91448.49 to Turkey via api. Key concerns: R-003 customer behavior deviation.,R-003 customer behavior deviation,escalated,"Investigator reviewed customer history, destination risk, and transaction purpose. Final decision: escalated."
CASE-0047,CASH_PAYMENT,Retail,<500K,Cyprus,CUST-0369 initiated a CASH_PAYMENT of USD 191.47 to Cyprus via advisor. Key concerns: R-003 customer behavior deviation.,R-003 customer behavior deviation,closed_false_positive,"Investigator reviewed customer history, destination risk, and transaction purpose. Final decision: closed_false_positive."
CASE-0048,INTERNATIONAL_REMITTANCE,Retail,<500K,China,CUST-0413 initiated a INTERNATIONAL_REMITTANCE of USD 26646.62 to China via advisor. Key concerns: R-003 customer behavior deviation.,R-003 customer behavior deviation,closed_false_positive,"Investigator reviewed customer history, destination risk, and transaction purpose. Final decision: closed_false_positive."
CASE-0049,WIRE,Retail,<500K,Cayman Islands,CUST-0069 initiated a WIRE of USD 197.1 to Cayman Islands via mobile. Key concerns: R-002 high-risk jurisdiction.,R-002 high-risk jurisdiction,escalated,"Investigator reviewed customer history, destination risk, and transaction purpose. Final decision: escalated."
CASE-0050,CARD,Retail,<500K,China,CUST-0189 initiated a CARD of USD 813.21 to China via mobile. Key concerns: R-003 customer behavior deviation.,R-003 customer behavior deviation,escalated,"Investigator reviewed customer history, destination risk, and transaction purpose. Final decision: escalated."
CASE-0051,WIRE,Retail,<500K,Turkey,CUST-0424 initiated a WIRE of USD 91448.49 to Turkey via api. Key concerns: R-003 customer behavior deviation.,R-003 customer behavior deviation,closed_false_positive,"Investigator reviewed customer history, destination risk, and transaction purpose. Final decision: closed_false_positive."
CASE-0052,CASH_PAYMENT,Retail,<500K,Cyprus,CUST-0064 initiated a CASH_PAYMENT of USD 96935.3 to Cyprus via web. Key concerns: R-003 customer behavior deviation.,R-003 customer behavior deviation,closed_false_positive,"Investigator reviewed customer history, destination risk, and transaction purpose. Final decision: closed_false_positive."
CASE-0053,CASH_PAYMENT,Retail,<500K,Mexico,CUST-0177 initiated a CASH_PAYMENT of USD 230615.24 to Mexico via branch. Key concerns: R-003 customer behavior deviation.,R-003 customer behavior deviation,request_more_info,"Investigator reviewed customer history, destination risk, and transaction purpose. Final decision: request_more_info."
CASE-0054,CRYPTO_TRANSFER,Retail,<500K,Mexico,"CUST-0091 initiated a CRYPTO_TRANSFER of USD 361352.0 to Mexico via advisor. Key concerns: R-003 customer behavior deviation, R-004 large crypto transfer, R-005 opaque merchant category.",R-003 customer behavior deviation|R-004 large crypto transfer|R-005 opaque merchant category,closed_false_positive,"Investigator reviewed customer history, destination risk, and transaction purpose. Final decision: closed_false_positive."
CASE-0055,WIRE,Retail,<500K,Turkey,CUST-0411 initiated a WIRE of USD 103.39 to Turkey via web. Key concerns: R-003 customer behavior deviation.,R-003 customer behavior deviation,filed_SAR,"Investigator reviewed customer history, destination risk, and transaction purpose. Final decision: filed_SAR."
CASE-0056,CRYPTO_TRANSFER,Retail,<500K,India,CUST-0037 initiated a CRYPTO_TRANSFER of USD 1320.92 to India via web. Key concerns: R-003 customer behavior deviation.,R-003 customer behavior deviation,escalated,"Investigator reviewed customer history, destination risk, and transaction purpose. Final decision: escalated."
CASE-0057,INTERNATIONAL_REMITTANCE,SME,500K-5M,Brazil,CUST-0459 initiated a INTERNATIONAL_REMITTANCE of USD 4466629.0 to Brazil via advisor. Key concerns: R-003 customer behavior deviation.,R-003 customer behavior deviation,escalated,"Investigator reviewed customer history, destination risk, and transaction purpose. Final decision: escalated."
CASE-0058,INTERNATIONAL_REMITTANCE,Corporate,<500K,Mexico,CUST-0204 initiated a INTERNATIONAL_REMITTANCE of USD 52748.31 to Mexico via branch. Key concerns: R-003 customer behavior deviation.,R-003 customer behavior deviation,filed_SAR,"Investigator reviewed customer history, destination risk, and transaction purpose. Final decision: filed_SAR."
CASE-0059,CASH_PAYMENT,SME,500K-5M,Panama,"CUST-0003 initiated a CASH_PAYMENT of USD 961271.33 to Panama via web. Key concerns: R-002 high-risk jurisdiction, R-003 customer behavior deviation, R-005 opaque merchant category.",R-002 high-risk jurisdiction|R-003 customer behavior deviation|R-005 opaque merchant category,filed_SAR,"Investigator reviewed customer history, destination risk, and transaction purpose. Final decision: filed_SAR."
CASE-0060,INTERNATIONAL_REMITTANCE,Retail,<500K,Brazil,CUST-0171 initiated a INTERNATIONAL_REMITTANCE of USD 125624.98 to Brazil via branch. Key concerns: R-003 customer behavior deviation.,R-003 customer behavior deviation,filed_SAR,"Investigator reviewed customer history, destination risk, and transaction purpose. Final decision: filed_SAR."
CASE-0061,CASH_PAYMENT,Retail,<500K,Hong Kong,CUST-0231 initiated a CASH_PAYMENT of USD 439.79 to Hong Kong via mobile. Key concerns: R-003 customer behavior deviation.,R-003 customer behavior deviation,escalated,"Investigator reviewed customer history, destination risk, and transaction purpose. Final decision: escalated."
CASE-0062,CASH_PAYMENT,HNI,<500K,Turkey,CUST-0339 initiated a CASH_PAYMENT of USD 20209.32 to Turkey via advisor. Key concerns: R-003 customer behavior deviation.,R-003 customer behavior deviation,request_more_info,"Investigator reviewed customer history, destination risk, and transaction purpose. Final decision: request_more_info."
CASE-0063,CRYPTO_TRANSFER,HNI,<500K,Canada,CUST-0065 initiated a CRYPTO_TRANSFER of USD 18170.79 to Canada via branch. Key concerns: R-003 customer behavior deviation.,R-003 customer behavior deviation,escalated,"Investigator reviewed customer history, destination risk, and transaction purpose. Final decision: escalated."
CASE-0064,CHECK,HNI,<500K,British Virgin Islands,CUST-0335 initiated a CHECK of USD 68429.28 to British Virgin Islands via api. Key concerns: R-002 high-risk jurisdiction.,R-002 high-risk jurisdiction,request_more_info,"Investigator reviewed customer history, destination risk, and transaction purpose. Final decision: request_more_info."
CASE-0065,ACH,SME,<500K,Brazil,CUST-0444 initiated a ACH of USD 3858.96 to Brazil via branch. Key concerns: R-003 customer behavior deviation.,R-003 customer behavior deviation,closed_false_positive,"Investigator reviewed customer history, destination risk, and transaction purpose. Final decision: closed_false_positive."
CASE-0066,WIRE,Retail,<500K,Mexico,"CUST-0119 initiated a WIRE of USD 264689.35 to Mexico via web. Key concerns: R-003 customer behavior deviation, R-005 opaque merchant category.",R-003 customer behavior deviation|R-005 opaque merchant category,request_more_info,"Investigator reviewed customer history, destination risk, and transaction purpose. Final decision: request_more_info."
CASE-0067,CHECK,HNI,<500K,USA,CUST-0392 initiated a CHECK of USD 12685.39 to USA via mobile. Key concerns: R-003 customer behavior deviation.,R-003 customer behavior deviation,filed_SAR,"Investigator reviewed customer history, destination risk, and transaction purpose. Final decision: filed_SAR."
CASE-0068,INTERNATIONAL_REMITTANCE,Retail,<500K,Panama,"CUST-0154 initiated a INTERNATIONAL_REMITTANCE of USD 118747.63 to Panama via web. Key concerns: R-002 high-risk jurisdiction, R-003 customer behavior deviation.",R-002 high-risk jurisdiction|R-003 customer behavior deviation,escalated,"Investigator reviewed customer history, destination risk, and transaction purpose. Final decision: escalated."
CASE-0069,INTERNATIONAL_REMITTANCE,HNI,<500K,Brazil,CUST-0292 initiated a INTERNATIONAL_REMITTANCE of USD 57318.98 to Brazil via branch. Key concerns: R-003 customer behavior deviation.,R-003 customer behavior deviation,closed_false_positive,"Investigator reviewed customer history, destination risk, and transaction purpose. Final decision: closed_false_positive."
CASE-0070,INTERNATIONAL_REMITTANCE,SME,500K-5M,Russia,"CUST-0167 initiated a INTERNATIONAL_REMITTANCE of USD 1096944.82 to Russia via advisor. Key concerns: R-002 high-risk jurisdiction, R-003 customer behavior deviation.",R-002 high-risk jurisdiction|R-003 customer behavior deviation,escalated,"Investigator reviewed customer history, destination risk, and transaction purpose. Final decision: escalated."
CASE-0071,CASH_PAYMENT,Retail,500K-5M,Turkey,"CUST-0274 initiated a CASH_PAYMENT of USD 678924.2 to Turkey via advisor. Key concerns: R-003 customer behavior deviation, R-005 opaque merchant category.",R-003 customer behavior deviation|R-005 opaque merchant category,filed_SAR,"Investigator reviewed customer history, destination risk, and transaction purpose. Final decision: filed_SAR."
CASE-0072,CHECK,Retail,<500K,Mexico,CUST-0413 initiated a CHECK of USD 661.82 to Mexico via mobile. Key concerns: R-003 customer behavior deviation.,R-003 customer behavior deviation,escalated,"Investigator reviewed customer history, destination risk, and transaction purpose. Final decision: escalated."
CASE-0073,INTERNATIONAL_REMITTANCE,Retail,<500K,British Virgin Islands,"CUST-0045 initiated a INTERNATIONAL_REMITTANCE of USD 157458.35 to British Virgin Islands via web. Key concerns: R-002 high-risk jurisdiction, R-003 customer behavior deviation.",R-002 high-risk jurisdiction|R-003 customer behavior deviation,request_more_info,"Investigator reviewed customer history, destination risk, and transaction purpose. Final decision: request_more_info."
CASE-0074,ACH,Corporate,<500K,Mexico,CUST-0454 initiated a ACH of USD 34716.5 to Mexico via branch. Key concerns: R-003 customer behavior deviation.,R-003 customer behavior deviation,filed_SAR,"Investigator reviewed customer history, destination risk, and transaction purpose. Final decision: filed_SAR."
CASE-0075,ACH,SME,<500K,Mexico,CUST-0451 initiated a ACH of USD 52371.29 to Mexico via mobile. Key concerns: R-003 customer behavior deviation.,R-003 customer behavior deviation,closed_false_positive,"Investigator reviewed customer history, destination risk, and transaction purpose. Final decision: closed_false_positive."
CASE-0076,CASH_PAYMENT,Retail,<500K,British Virgin Islands,"CUST-0333 initiated a CASH_PAYMENT of USD 300606.08 to British Virgin Islands via advisor. Key concerns: R-002 high-risk jurisdiction, R-003 customer behavior deviation.",R-002 high-risk jurisdiction|R-003 customer behavior deviation,closed_false_positive,"Investigator reviewed customer history, destination risk, and transaction purpose. Final decision: closed_false_positive."
CASE-0077,ACH,SME,<500K,Nigeria,CUST-0434 initiated a ACH of USD 17321.34 to Nigeria via branch. Key concerns: R-002 high-risk jurisdiction.,R-002 high-risk jurisdiction,closed_false_positive,"Investigator reviewed customer history, destination risk, and transaction purpose. Final decision: closed_false_positive."
CASE-0078,CARD,Retail,<500K,Brazil,CUST-0275 initiated a CARD of USD 131.25 to Brazil via advisor. Key concerns: R-003 customer behavior deviation.,R-003 customer behavior deviation,escalated,"Investigator reviewed customer history, destination risk, and transaction purpose. Final decision: escalated."
CASE-0079,ACH,Retail,<500K,Panama,CUST-0310 initiated a ACH of USD 163.68 to Panama via api. Key concerns: R-002 high-risk jurisdiction.,R-002 high-risk jurisdiction,closed_false_positive,"Investigator reviewed customer history, destination risk, and transaction purpose. Final decision: closed_false_positive."
CASE-0080,INTERNATIONAL_REMITTANCE,Retail,<500K,Cyprus,CUST-0412 initiated a INTERNATIONAL_REMITTANCE of USD 106548.87 to Cyprus via api. Key concerns: R-003 customer behavior deviation.,R-003 customer behavior deviation,request_more_info,"Investigator reviewed customer history, destination risk, and transaction purpose. Final decision: request_more_info."
CASE-0081,CHECK,SME,<500K,China,CUST-0194 initiated a CHECK of USD 27686.81 to China via advisor. Key concerns: R-003 customer behavior deviation.,R-003 customer behavior deviation,closed_false_positive,"Investigator reviewed customer history, destination risk, and transaction purpose. Final decision: closed_false_positive."
CASE-0082,WIRE,HNI,500K-5M,Cyprus,"CUST-0109 initiated a WIRE of USD 1795139.11 to Cyprus via api. Key concerns: R-003 customer behavior deviation, R-005 opaque merchant category.",R-003 customer behavior deviation|R-005 opaque merchant category,escalated,"Investigator reviewed customer history, destination risk, and transaction purpose. Final decision: escalated."
CASE-0083,CARD,HNI,<500K,Cyprus,CUST-0294 initiated a CARD of USD 58522.1 to Cyprus via branch. Key concerns: R-003 customer behavior deviation.,R-003 customer behavior deviation,closed_false_positive,"Investigator reviewed customer history, destination risk, and transaction purpose. Final decision: closed_false_positive."
CASE-0084,WIRE,SME,500K-5M,Cyprus,"CUST-0281 initiated a WIRE of USD 2065926.15 to Cyprus via api. Key concerns: R-003 customer behavior deviation, R-005 opaque merchant category.",R-003 customer behavior deviation|R-005 opaque merchant category,closed_false_positive,"Investigator reviewed customer history, destination risk, and transaction purpose. Final decision: closed_false_positive."
CASE-0085,CASH_PAYMENT,Retail,<500K,Iran,"CUST-0210 initiated a CASH_PAYMENT of USD 476839.49 to Iran via api. Key concerns: R-002 high-risk jurisdiction, R-003 customer behavior deviation, R-005 opaque merchant category.",R-002 high-risk jurisdiction|R-003 customer behavior deviation|R-005 opaque merchant category,escalated,"Investigator reviewed customer history, destination risk, and transaction purpose. Final decision: escalated."
CASE-0086,CRYPTO_TRANSFER,Retail,<500K,South Africa,CUST-0001 initiated a CRYPTO_TRANSFER of USD 48376.8 to South Africa via web. Key concerns: R-003 customer behavior deviation.,R-003 customer behavior deviation,escalated,"Investigator reviewed customer history, destination risk, and transaction purpose. Final decision: escalated."
CASE-0087,WIRE,HNI,<500K,Mexico,CUST-0235 initiated a WIRE of USD 67007.35 to Mexico via advisor. Key concerns: R-003 customer behavior deviation.,R-003 customer behavior deviation,filed_SAR,"Investigator reviewed customer history, destination risk, and transaction purpose. Final decision: filed_SAR."
CASE-0088,ACH,SME,<500K,British Virgin Islands,CUST-0190 initiated a ACH of USD 7739.37 to British Virgin Islands via branch. Key concerns: R-002 high-risk jurisdiction.,R-002 high-risk jurisdiction,closed_false_positive,"Investigator reviewed customer history, destination risk, and transaction purpose. Final decision: closed_false_positive."
CASE-0089,CHECK,Retail,<500K,Mexico,CUST-0419 initiated a CHECK of USD 1756.94 to Mexico via branch. Key concerns: R-003 customer behavior deviation.,R-003 customer behavior deviation,filed_SAR,"Investigator reviewed customer history, destination risk, and transaction purpose. Final decision: filed_SAR."
CASE-0090,CARD,Retail,<500K,Iran,CUST-0433 initiated a CARD of USD 259.27 to Iran via branch. Key concerns: R-002 high-risk jurisdiction.,R-002 high-risk jurisdiction,request_more_info,"Investigator reviewed customer history, destination risk, and transaction purpose. Final decision: request_more_info."
CASE-0091,INTERNATIONAL_REMITTANCE,HNI,<500K,Mexico,CUST-0094 initiated a INTERNATIONAL_REMITTANCE of USD 8129.28 to Mexico via advisor. Key concerns: R-003 customer behavior deviation.,R-003 customer behavior deviation,request_more_info,"Investigator reviewed customer history, destination risk, and transaction purpose. Final decision: request_more_info."
CASE-0092,CASH_PAYMENT,Retail,<500K,Panama,CUST-0439 initiated a CASH_PAYMENT of USD 52594.41 to Panama via advisor. Key concerns: R-002 high-risk jurisdiction.,R-002 high-risk jurisdiction,request_more_info,"Investigator reviewed customer history, destination risk, and transaction purpose. Final decision: request_more_info."
CASE-0093,WIRE,Retail,<500K,Cayman Islands,CUST-0069 initiated a WIRE of USD 197.1 to Cayman Islands via mobile. Key concerns: R-002 high-risk jurisdiction.,R-002 high-risk jurisdiction,escalated,"Investigator reviewed customer history, destination risk, and transaction purpose. Final decision: escalated."
CASE-0094,ACH,Retail,<500K,Panama,CUST-0283 initiated a ACH of USD 243.13 to Panama via mobile. Key concerns: R-002 high-risk jurisdiction.,R-002 high-risk jurisdiction,escalated,"Investigator reviewed customer history, destination risk, and transaction purpose. Final decision: escalated."
CASE-0095,CHECK,HNI,<500K,Cyprus,CUST-0026 initiated a CHECK of USD 7590.4 to Cyprus via branch. Key concerns: R-003 customer behavior deviation.,R-003 customer behavior deviation,closed_false_positive,"Investigator reviewed customer history, destination risk, and transaction purpose. Final decision: closed_false_positive."
CASE-0096,CRYPTO_TRANSFER,Retail,<500K,Cyprus,"CUST-0326 initiated a CRYPTO_TRANSFER of USD 333082.13 to Cyprus via advisor. Key concerns: R-003 customer behavior deviation, R-004 large crypto transfer.",R-003 customer behavior deviation|R-004 large crypto transfer,filed_SAR,"Investigator reviewed customer history, destination risk, and transaction purpose. Final decision: filed_SAR."
CASE-0097,ACH,SME,<500K,Brazil,CUST-0444 initiated a ACH of USD 3858.96 to Brazil via branch. Key concerns: R-003 customer behavior deviation.,R-003 customer behavior deviation,closed_false_positive,"Investigator reviewed customer history, destination risk, and transaction purpose. Final decision: closed_false_positive."
CASE-0098,CARD,Retail,<500K,China,CUST-0189 initiated a CARD of USD 813.21 to China via mobile. Key concerns: R-003 customer behavior deviation.,R-003 customer behavior deviation,request_more_info,"Investigator reviewed customer history, destination risk, and transaction purpose. Final decision: request_more_info."
CASE-0099,CARD,SME,<500K,France,CUST-0170 initiated a CARD of USD 39473.76 to France via branch. Key concerns: R-003 customer behavior deviation.,R-003 customer behavior deviation,filed_SAR,"Investigator reviewed customer history, destination risk, and transaction purpose. Final decision: filed_SAR."
CASE-0100,CASH_PAYMENT,Retail,<500K,Cayman Islands,"CUST-0160 initiated a CASH_PAYMENT of USD 57325.79 to Cayman Islands via web. Key concerns: R-002 high-risk jurisdiction, R-003 customer behavior deviation.",R-002 high-risk jurisdiction|R-003 customer behavior deviation,closed_false_positive,"Investigator reviewed customer history, destination risk, and transaction purpose. Final decision: closed_false_positive."
CASE-0101,CASH_PAYMENT,Retail,<500K,Turkey,CUST-0216 initiated a CASH_PAYMENT of USD 241276.94 to Turkey via branch. Key concerns: R-003 customer behavior deviation.,R-003 customer behavior deviation,filed_SAR,"Investigator reviewed customer history, destination risk, and transaction purpose. Final decision: filed_SAR."
CASE-0102,CHECK,SME,<500K,China,CUST-0046 initiated a CHECK of USD 987.67 to China via api. Key concerns: R-003 customer behavior deviation.,R-003 customer behavior deviation,closed_false_positive,"Investigator reviewed customer history, destination risk, and transaction purpose. Final decision: closed_false_positive."
CASE-0103,INTERNATIONAL_REMITTANCE,Retail,<500K,Cayman Islands,"CUST-0344 initiated a INTERNATIONAL_REMITTANCE of USD 98972.49 to Cayman Islands via branch. Key concerns: R-002 high-risk jurisdiction, R-003 customer behavior deviation.",R-002 high-risk jurisdiction|R-003 customer behavior deviation,closed_false_positive,"Investigator reviewed customer history, destination risk, and transaction purpose. Final decision: closed_false_positive."
CASE-0104,INTERNATIONAL_REMITTANCE,HNI,<500K,Hong Kong,CUST-0097 initiated a INTERNATIONAL_REMITTANCE of USD 124597.78 to Hong Kong via branch. Key concerns: R-003 customer behavior deviation.,R-003 customer behavior deviation,escalated,"Investigator reviewed customer history, destination risk, and transaction purpose. Final decision: escalated."
CASE-0105,INTERNATIONAL_REMITTANCE,Retail,<500K,Russia,"CUST-0104 initiated a INTERNATIONAL_REMITTANCE of USD 223621.0 to Russia via branch. Key concerns: R-002 high-risk jurisdiction, R-003 customer behavior deviation, R-005 opaque merchant category.",R-002 high-risk jurisdiction|R-003 customer behavior deviation|R-005 opaque merchant category,escalated,"Investigator reviewed customer history, destination risk, and transaction purpose. Final decision: escalated."
CASE-0106,CARD,Retail,<500K,Cyprus,CUST-0403 initiated a CARD of USD 465.03 to Cyprus via mobile. Key concerns: R-003 customer behavior deviation.,R-003 customer behavior deviation,escalated,"Investigator reviewed customer history, destination risk, and transaction purpose. Final decision: escalated."
CASE-0107,INTERNATIONAL_REMITTANCE,HNI,>5M,Nigeria,"CUST-0426 initiated a INTERNATIONAL_REMITTANCE of USD 10999870.58 to Nigeria via web. Key concerns: R-002 high-risk jurisdiction, R-003 customer behavior deviation, R-005 opaque merchant category.",R-002 high-risk jurisdiction|R-003 customer behavior deviation|R-005 opaque merchant category,filed_SAR,"Investigator reviewed customer history, destination risk, and transaction purpose. Final decision: filed_SAR."
CASE-0108,INTERNATIONAL_REMITTANCE,Retail,<500K,Panama,"CUST-0143 initiated a INTERNATIONAL_REMITTANCE of USD 417642.07 to Panama via branch. Key concerns: R-002 high-risk jurisdiction, R-003 customer behavior deviation.",R-002 high-risk jurisdiction|R-003 customer behavior deviation,filed_SAR,"Investigator reviewed customer history, destination risk, and transaction purpose. Final decision: filed_SAR."
CASE-0109,INTERNATIONAL_REMITTANCE,Retail,<500K,Germany,CUST-0242 initiated a INTERNATIONAL_REMITTANCE of USD 718.71 to Germany via branch. Key concerns: R-003 customer behavior deviation.,R-003 customer behavior deviation,escalated,"Investigator reviewed customer history, destination risk, and transaction purpose. Final decision: escalated."
CASE-0110,WIRE,Retail,<500K,China,"CUST-0252 initiated a WIRE of USD 133589.38 to China via advisor. Key concerns: R-003 customer behavior deviation, R-005 opaque merchant category.",R-003 customer behavior deviation|R-005 opaque merchant category,filed_SAR,"Investigator reviewed customer history, destination risk, and transaction purpose. Final decision: filed_SAR."
CASE-0111,CRYPTO_TRANSFER,SME,500K-5M,Turkey,"CUST-0281 initiated a CRYPTO_TRANSFER of USD 842492.97 to Turkey via advisor. Key concerns: R-003 customer behavior deviation, R-004 large crypto transfer, R-005 opaque merchant category.",R-003 customer behavior deviation|R-004 large crypto transfer|R-005 opaque merchant category,filed_SAR,"Investigator reviewed customer history, destination risk, and transaction purpose. Final decision: filed_SAR."
CASE-0112,CARD,Retail,<500K,Russia,CUST-0260 initiated a CARD of USD 292.41 to Russia via advisor. Key concerns: R-002 high-risk jurisdiction.,R-002 high-risk jurisdiction,escalated,"Investigator reviewed customer history, destination risk, and transaction purpose. Final decision: escalated."
CASE-0113,INTERNATIONAL_REMITTANCE,Retail,<500K,Panama,CUST-0360 initiated a INTERNATIONAL_REMITTANCE of USD 304.53 to Panama via branch. Key concerns: R-002 high-risk jurisdiction.,R-002 high-risk jurisdiction,closed_false_positive,"Investigator reviewed customer history, destination risk, and transaction purpose. Final decision: closed_false_positive."
CASE-0114,WIRE,HNI,500K-5M,Mexico,"CUST-0202 initiated a WIRE of USD 3731004.88 to Mexico via branch. Key concerns: R-003 customer behavior deviation, R-005 opaque merchant category.",R-003 customer behavior deviation|R-005 opaque merchant category,closed_false_positive,"Investigator reviewed customer history, destination risk, and transaction purpose. Final decision: closed_false_positive."
CASE-0115,CRYPTO_TRANSFER,Retail,<500K,South Africa,"CUST-0334 initiated a CRYPTO_TRANSFER of USD 287657.27 to South Africa via api. Key concerns: R-003 customer behavior deviation, R-004 large crypto transfer.",R-003 customer behavior deviation|R-004 large crypto transfer,escalated,"Investigator reviewed customer history, destination risk, and transaction purpose. Final decision: escalated."
CASE-0116,WIRE,Retail,<500K,Cyprus,CUST-0012 initiated a WIRE of USD 1347.09 to Cyprus via api. Key concerns: R-003 customer behavior deviation.,R-003 customer behavior deviation,closed_false_positive,"Investigator reviewed customer history, destination risk, and transaction purpose. Final decision: closed_false_positive."
CASE-0117,CRYPTO_TRANSFER,SME,<500K,Turkey,CUST-0190 initiated a CRYPTO_TRANSFER of USD 3988.02 to Turkey via api. Key concerns: R-003 customer behavior deviation.,R-003 customer behavior deviation,escalated,"Investigator reviewed customer history, destination risk, and transaction purpose. Final decision: escalated."
CASE-0118,INTERNATIONAL_REMITTANCE,HNI,500K-5M,Turkey,CUST-0343 initiated a INTERNATIONAL_REMITTANCE of USD 4985310.75 to Turkey via advisor. Key concerns: R-003 customer behavior deviation.,R-003 customer behavior deviation,escalated,"Investigator reviewed customer history, destination risk, and transaction purpose. Final decision: escalated."
CASE-0119,CRYPTO_TRANSFER,Retail,<500K,India,CUST-0449 initiated a CRYPTO_TRANSFER of USD 175.09 to India via api. Key concerns: R-003 customer behavior deviation.,R-003 customer behavior deviation,filed_SAR,"Investigator reviewed customer history, destination risk, and transaction purpose. Final decision: filed_SAR."
CASE-0120,INTERNATIONAL_REMITTANCE,Retail,<500K,Panama,"CUST-0154 initiated a INTERNATIONAL_REMITTANCE of USD 118747.63 to Panama via web. Key concerns: R-002 high-risk jurisdiction, R-003 customer behavior deviation.",R-002 high-risk jurisdiction|R-003 customer behavior deviation,request_more_info,"Investigator reviewed customer history, destination risk, and transaction purpose. Final decision: request_more_info."
CASE-0121,CASH_PAYMENT,Retail,<500K,Cayman Islands,"CUST-0409 initiated a CASH_PAYMENT of USD 348153.31 to Cayman Islands via api. Key concerns: R-002 high-risk jurisdiction, R-003 customer behavior deviation, R-005 opaque merchant category.",R-002 high-risk jurisdiction|R-003 customer behavior deviation|R-005 opaque merchant category,closed_false_positive,"Investigator reviewed customer history, destination risk, and transaction purpose. Final decision: closed_false_positive."
CASE-0122,CRYPTO_TRANSFER,Retail,<500K,Panama,"CUST-0405 initiated a CRYPTO_TRANSFER of USD 109920.2 to Panama via web. Key concerns: R-002 high-risk jurisdiction, R-003 customer behavior deviation.",R-002 high-risk jurisdiction|R-003 customer behavior deviation,escalated,"Investigator reviewed customer history, destination risk, and transaction purpose. Final decision: escalated."
CASE-0123,CRYPTO_TRANSFER,Retail,<500K,South Africa,CUST-0418 initiated a CRYPTO_TRANSFER of USD 150226.4 to South Africa via branch. Key concerns: R-003 customer behavior deviation.,R-003 customer behavior deviation,closed_false_positive,"Investigator reviewed customer history, destination risk, and transaction purpose. Final decision: closed_false_positive."
CASE-0124,INTERNATIONAL_REMITTANCE,Retail,<500K,Iran,"CUST-0468 initiated a INTERNATIONAL_REMITTANCE of USD 149260.09 to Iran via api. Key concerns: R-002 high-risk jurisdiction, R-003 customer behavior deviation.",R-002 high-risk jurisdiction|R-003 customer behavior deviation,escalated,"Investigator reviewed customer history, destination risk, and transaction purpose. Final decision: escalated."
CASE-0125,ACH,Corporate,<500K,Cayman Islands,CUST-0204 initiated a ACH of USD 335933.14 to Cayman Islands via api. Key concerns: R-002 high-risk jurisdiction.,R-002 high-risk jurisdiction,filed_SAR,"Investigator reviewed customer history, destination risk, and transaction purpose. Final decision: filed_SAR."
CASE-0126,INTERNATIONAL_REMITTANCE,SME,>5M,Nigeria,"CUST-0029 initiated a INTERNATIONAL_REMITTANCE of USD 8806552.96 to Nigeria via branch. Key concerns: R-002 high-risk jurisdiction, R-003 customer behavior deviation.",R-002 high-risk jurisdiction|R-003 customer behavior deviation,escalated,"Investigator reviewed customer history, destination risk, and transaction purpose. Final decision: escalated."
CASE-0127,CRYPTO_TRANSFER,Retail,<500K,Nigeria,"CUST-0403 initiated a CRYPTO_TRANSFER of USD 202682.87 to Nigeria via advisor. Key concerns: R-002 high-risk jurisdiction, R-003 customer behavior deviation.",R-002 high-risk jurisdiction|R-003 customer behavior deviation,escalated,"Investigator reviewed customer history, destination risk, and transaction purpose. Final decision: escalated."
CASE-0128,CRYPTO_TRANSFER,HNI,<500K,UK,CUST-0053 initiated a CRYPTO_TRANSFER of USD 9297.73 to UK via mobile. Key concerns: R-003 customer behavior deviation.,R-003 customer behavior deviation,closed_false_positive,"Investigator reviewed customer history, destination risk, and transaction purpose. Final decision: closed_false_positive."
CASE-0129,WIRE,Retail,<500K,India,CUST-0086 initiated a WIRE of USD 1561.6 to India via branch. Key concerns: R-003 customer behavior deviation.,R-003 customer behavior deviation,request_more_info,"Investigator reviewed customer history, destination risk, and transaction purpose. Final decision: request_more_info."
CASE-0130,CRYPTO_TRANSFER,Retail,<500K,Turkey,"CUST-0220 initiated a CRYPTO_TRANSFER of USD 181836.38 to Turkey via api. Key concerns: R-003 customer behavior deviation, R-005 opaque merchant category.",R-003 customer behavior deviation|R-005 opaque merchant category,escalated,"Investigator reviewed customer history, destination risk, and transaction purpose. Final decision: escalated."
CASE-0131,CRYPTO_TRANSFER,Retail,<500K,Panama,"CUST-0491 initiated a CRYPTO_TRANSFER of USD 111055.47 to Panama via api. Key concerns: R-002 high-risk jurisdiction, R-003 customer behavior deviation.",R-002 high-risk jurisdiction|R-003 customer behavior deviation,escalated,"Investigator reviewed customer history, destination risk, and transaction purpose. Final decision: escalated."
CASE-0132,ACH,Retail,<500K,British Virgin Islands,CUST-0085 initiated a ACH of USD 2473.59 to British Virgin Islands via advisor. Key concerns: R-002 high-risk jurisdiction.,R-002 high-risk jurisdiction,escalated,"Investigator reviewed customer history, destination risk, and transaction purpose. Final decision: escalated."
CASE-0133,CHECK,HNI,<500K,UK,CUST-0146 initiated a CHECK of USD 26875.35 to UK via advisor. Key concerns: R-003 customer behavior deviation.,R-003 customer behavior deviation,closed_false_positive,"Investigator reviewed customer history, destination risk, and transaction purpose. Final decision: closed_false_positive."
CASE-0134,CRYPTO_TRANSFER,Retail,<500K,Brazil,CUST-0314 initiated a CRYPTO_TRANSFER of USD 54504.46 to Brazil via branch. Key concerns: R-003 customer behavior deviation.,R-003 customer behavior deviation,request_more_info,"Investigator reviewed customer history, destination risk, and transaction purpose. Final decision: request_more_info."
CASE-0135,CARD,Retail,<500K,Brazil,CUST-0035 initiated a CARD of USD 2123.71 to Brazil via advisor. Key concerns: R-003 customer behavior deviation.,R-003 customer behavior deviation,closed_false_positive,"Investigator reviewed customer history, destination risk, and transaction purpose. Final decision: closed_false_positive."
CASE-0136,CASH_PAYMENT,Retail,<500K,South Africa,CUST-0466 initiated a CASH_PAYMENT of USD 36721.45 to South Africa via web. Key concerns: R-003 customer behavior deviation.,R-003 customer behavior deviation,escalated,"Investigator reviewed customer history, destination risk, and transaction purpose. Final decision: escalated."
CASE-0137,CHECK,SME,<500K,UAE,CUST-0135 initiated a CHECK of USD 1847.13 to UAE via mobile. Key concerns: R-003 customer behavior deviation.,R-003 customer behavior deviation,filed_SAR,"Investigator reviewed customer history, destination risk, and transaction purpose. Final decision: filed_SAR."
CASE-0138,WIRE,Corporate,500K-5M,Panama,CUST-0166 initiated a WIRE of USD 733507.25 to Panama via web. Key concerns: R-002 high-risk jurisdiction.,R-002 high-risk jurisdiction,escalated,"Investigator reviewed customer history, destination risk, and transaction purpose. Final decision: escalated."
CASE-0139,INTERNATIONAL_REMITTANCE,Retail,<500K,Mexico,CUST-0198 initiated a INTERNATIONAL_REMITTANCE of USD 670.41 to Mexico via web. Key concerns: R-003 customer behavior deviation.,R-003 customer behavior deviation,request_more_info,"Investigator reviewed customer history, destination risk, and transaction purpose. Final decision: request_more_info."
CASE-0140,CASH_PAYMENT,Retail,<500K,Brazil,CUST-0272 initiated a CASH_PAYMENT of USD 8623.09 to Brazil via branch. Key concerns: R-003 customer behavior deviation.,R-003 customer behavior deviation,escalated,"Investigator reviewed customer history, destination risk, and transaction purpose. Final decision: escalated."
CASE-0141,WIRE,Retail,<500K,Cayman Islands,CUST-0067 initiated a WIRE of USD 672.09 to Cayman Islands via web. Key concerns: R-002 high-risk jurisdiction.,R-002 high-risk jurisdiction,filed_SAR,"Investigator reviewed customer history, destination risk, and transaction purpose. Final decision: filed_SAR."
CASE-0142,CASH_PAYMENT,Retail,<500K,Iran,"CUST-0227 initiated a CASH_PAYMENT of USD 268092.72 to Iran via api. Key concerns: R-002 high-risk jurisdiction, R-003 customer behavior deviation.",R-002 high-risk jurisdiction|R-003 customer behavior deviation,closed_false_positive,"Investigator reviewed customer history, destination risk, and transaction purpose. Final decision: closed_false_positive."
CASE-0143,WIRE,HNI,<500K,Switzerland,CUST-0386 initiated a WIRE of USD 94940.17 to Switzerland via branch. Key concerns: R-003 customer behavior deviation.,R-003 customer behavior deviation,escalated,"Investigator reviewed customer history, destination risk, and transaction purpose. Final decision: escalated."
CASE-0144,CASH_PAYMENT,Retail,<500K,Canada,CUST-0325 initiated a CASH_PAYMENT of USD 6074.35 to Canada via advisor. Key concerns: R-003 customer behavior deviation.,R-003 customer behavior deviation,filed_SAR,"Investigator reviewed customer history, destination risk, and transaction purpose. Final decision: filed_SAR."
CASE-0145,WIRE,HNI,500K-5M,Nigeria,"CUST-0332 initiated a WIRE of USD 1728685.93 to Nigeria via api. Key concerns: R-002 high-risk jurisdiction, R-003 customer behavior deviation, R-005 opaque merchant category.",R-002 high-risk jurisdiction|R-003 customer behavior deviation|R-005 opaque merchant category,filed_SAR,"Investigator reviewed customer history, destination risk, and transaction purpose. Final decision: filed_SAR."
CASE-0146,CRYPTO_TRANSFER,Corporate,>5M,Cayman Islands,"CUST-0469 initiated a CRYPTO_TRANSFER of USD 9054407.07 to Cayman Islands via web. Key concerns: R-002 high-risk jurisdiction, R-003 customer behavior deviation, R-004 large crypto transfer, R-005 opaque merchant category.",R-002 high-risk jurisdiction|R-003 customer behavior deviation|R-004 large crypto transfer|R-005 opaque merchant category,filed_SAR,"Investigator reviewed customer history, destination risk, and transaction purpose. Final decision: filed_SAR."
CASE-0147,INTERNATIONAL_REMITTANCE,Retail,<500K,Cyprus,CUST-0257 initiated a INTERNATIONAL_REMITTANCE of USD 2901.46 to Cyprus via advisor. Key concerns: R-003 customer behavior deviation.,R-003 customer behavior deviation,filed_SAR,"Investigator reviewed customer history, destination risk, and transaction purpose. Final decision: filed_SAR."
CASE-0148,CARD,Corporate,<500K,India,CUST-0307 initiated a CARD of USD 81242.42 to India via mobile. Key concerns: R-003 customer behavior deviation.,R-003 customer behavior deviation,closed_false_positive,"Investigator reviewed customer history, destination risk, and transaction purpose. Final decision: closed_false_positive."
CASE-0149,INTERNATIONAL_REMITTANCE,SME,<500K,Mexico,CUST-0135 initiated a INTERNATIONAL_REMITTANCE of USD 4407.09 to Mexico via branch. Key concerns: R-003 customer behavior deviation.,R-003 customer behavior deviation,closed_false_positive,"Investigator reviewed customer history, destination risk, and transaction purpose. Final decision: closed_false_positive."
CASE-0150,INTERNATIONAL_REMITTANCE,Retail,<500K,China,CUST-0230 initiated a INTERNATIONAL_REMITTANCE of USD 65887.11 to China via advisor. Key concerns: R-003 customer behavior deviation.,R-003 customer behavior deviation,closed_false_positive,"Investigator reviewed customer history, destination risk, and transaction purpose. Final decision: closed_false_positive."
CASE-0151,CASH_PAYMENT,Retail,<500K,South Africa,CUST-0248 initiated a CASH_PAYMENT of USD 367.87 to South Africa via mobile. Key concerns: R-003 customer behavior deviation.,R-003 customer behavior deviation,closed_false_positive,"Investigator reviewed customer history, destination risk, and transaction purpose. Final decision: closed_false_positive."
CASE-0152,WIRE,Retail,<500K,South Africa,CUST-0373 initiated a WIRE of USD 196726.62 to South Africa via branch. Key concerns: R-003 customer behavior deviation.,R-003 customer behavior deviation,closed_false_positive,"Investigator reviewed customer history, destination risk, and transaction purpose. Final decision: closed_false_positive."
CASE-0153,ACH,HNI,<500K,South Africa,CUST-0020 initiated a ACH of USD 11438.07 to South Africa via web. Key concerns: R-003 customer behavior deviation.,R-003 customer behavior deviation,request_more_info,"Investigator reviewed customer history, destination risk, and transaction purpose. Final decision: request_more_info."
CASE-0154,CASH_PAYMENT,HNI,<500K,South Africa,CUST-0404 initiated a CASH_PAYMENT of USD 52060.01 to South Africa via advisor. Key concerns: R-003 customer behavior deviation.,R-003 customer behavior deviation,escalated,"Investigator reviewed customer history, destination risk, and transaction purpose. Final decision: escalated."
CASE-0155,CRYPTO_TRANSFER,Retail,<500K,British Virgin Islands,"CUST-0009 initiated a CRYPTO_TRANSFER of USD 179411.06 to British Virgin Islands via api. Key concerns: R-002 high-risk jurisdiction, R-003 customer behavior deviation, R-005 opaque merchant category.",R-002 high-risk jurisdiction|R-003 customer behavior deviation|R-005 opaque merchant category,closed_false_positive,"Investigator reviewed customer history, destination risk, and transaction purpose. Final decision: closed_false_positive."
CASE-0156,WIRE,Retail,<500K,Nigeria,CUST-0315 initiated a WIRE of USD 44345.64 to Nigeria via api. Key concerns: R-002 high-risk jurisdiction.,R-002 high-risk jurisdiction,request_more_info,"Investigator reviewed customer history, destination risk, and transaction purpose. Final decision: request_more_info."
CASE-0157,CASH_PAYMENT,Retail,<500K,Cayman Islands,"CUST-0240 initiated a CASH_PAYMENT of USD 85247.03 to Cayman Islands via web. Key concerns: R-002 high-risk jurisdiction, R-003 customer behavior deviation.",R-002 high-risk jurisdiction|R-003 customer behavior deviation,escalated,"Investigator reviewed customer history, destination risk, and transaction purpose. Final decision: escalated."
CASE-0158,CARD,SME,<500K,Cyprus,CUST-0340 initiated a CARD of USD 17684.97 to Cyprus via mobile. Key concerns: R-003 customer behavior deviation.,R-003 customer behavior deviation,escalated,"Investigator reviewed customer history, destination risk, and transaction purpose. Final decision: escalated."
CASE-0159,CRYPTO_TRANSFER,SME,>5M,South Africa,"CUST-0372 initiated a CRYPTO_TRANSFER of USD 6425437.76 to South Africa via api. Key concerns: R-003 customer behavior deviation, R-004 large crypto transfer, R-005 opaque merchant category.",R-003 customer behavior deviation|R-004 large crypto transfer|R-005 opaque merchant category,escalated,"Investigator reviewed customer history, destination risk, and transaction purpose. Final decision: escalated."
CASE-0160,ACH,Retail,<500K,Mexico,CUST-0122 initiated a ACH of USD 222.23 to Mexico via mobile. Key concerns: R-003 customer behavior deviation.,R-003 customer behavior deviation,request_more_info,"Investigator reviewed customer history, destination risk, and transaction purpose. Final decision: request_more_info."
CASE-0161,INTERNATIONAL_REMITTANCE,Retail,<500K,Cyprus,CUST-0037 initiated a INTERNATIONAL_REMITTANCE of USD 33380.2 to Cyprus via branch. Key concerns: R-003 customer behavior deviation.,R-003 customer behavior deviation,closed_false_positive,"Investigator reviewed customer history, destination risk, and transaction purpose. Final decision: closed_false_positive."
CASE-0162,INTERNATIONAL_REMITTANCE,Retail,<500K,South Africa,CUST-0317 initiated a INTERNATIONAL_REMITTANCE of USD 1049.31 to South Africa via mobile. Key concerns: R-003 customer behavior deviation.,R-003 customer behavior deviation,closed_false_positive,"Investigator reviewed customer history, destination risk, and transaction purpose. Final decision: closed_false_positive."
CASE-0163,CHECK,SME,<500K,Nigeria,CUST-0349 initiated a CHECK of USD 43154.02 to Nigeria via web. Key concerns: R-002 high-risk jurisdiction.,R-002 high-risk jurisdiction,escalated,"Investigator reviewed customer history, destination risk, and transaction purpose. Final decision: escalated."
CASE-0164,WIRE,Retail,<500K,Russia,"CUST-0074 initiated a WIRE of USD 92658.61 to Russia via branch. Key concerns: R-002 high-risk jurisdiction, R-003 customer behavior deviation.",R-002 high-risk jurisdiction|R-003 customer behavior deviation,filed_SAR,"Investigator reviewed customer history, destination risk, and transaction purpose. Final decision: filed_SAR."
CASE-0165,INTERNATIONAL_REMITTANCE,SME,<500K,South Africa,CUST-0366 initiated a INTERNATIONAL_REMITTANCE of USD 2385.69 to South Africa via api. Key concerns: R-003 customer behavior deviation.,R-003 customer behavior deviation,closed_false_positive,"Investigator reviewed customer history, destination risk, and transaction purpose. Final decision: closed_false_positive."
CASE-0166,CRYPTO_TRANSFER,Retail,<500K,Nigeria,"CUST-0259 initiated a CRYPTO_TRANSFER of USD 242367.11 to Nigeria via advisor. Key concerns: R-002 high-risk jurisdiction, R-003 customer behavior deviation.",R-002 high-risk jurisdiction|R-003 customer behavior deviation,escalated,"Investigator reviewed customer history, destination risk, and transaction purpose. Final decision: escalated."
CASE-0167,INTERNATIONAL_REMITTANCE,Retail,<500K,Cayman Islands,"CUST-0376 initiated a INTERNATIONAL_REMITTANCE of USD 18567.02 to Cayman Islands via advisor. Key concerns: R-002 high-risk jurisdiction, R-003 customer behavior deviation.",R-002 high-risk jurisdiction|R-003 customer behavior deviation,closed_false_positive,"Investigator reviewed customer history, destination risk, and transaction purpose. Final decision: closed_false_positive."
CASE-0168,CHECK,Retail,<500K,UAE,CUST-0180 initiated a CHECK of USD 139.46 to UAE via api. Key concerns: R-003 customer behavior deviation.,R-003 customer behavior deviation,escalated,"Investigator reviewed customer history, destination risk, and transaction purpose. Final decision: escalated."
CASE-0169,ACH,Corporate,<500K,India,CUST-0307 initiated a ACH of USD 48522.53 to India via web. Key concerns: R-003 customer behavior deviation.,R-003 customer behavior deviation,escalated,"Investigator reviewed customer history, destination risk, and transaction purpose. Final decision: escalated."
CASE-0170,WIRE,Retail,<500K,Mexico,CUST-0390 initiated a WIRE of USD 3681.97 to Mexico via web. Key concerns: R-003 customer behavior deviation.,R-003 customer behavior deviation,escalated,"Investigator reviewed customer history, destination risk, and transaction purpose. Final decision: escalated."
CASE-0171,INTERNATIONAL_REMITTANCE,Retail,<500K,Nigeria,"CUST-0073 initiated a INTERNATIONAL_REMITTANCE of USD 181431.06 to Nigeria via advisor. Key concerns: R-002 high-risk jurisdiction, R-003 customer behavior deviation, R-005 opaque merchant category.",R-002 high-risk jurisdiction|R-003 customer behavior deviation|R-005 opaque merchant category,filed_SAR,"Investigator reviewed customer history, destination risk, and transaction purpose. Final decision: filed_SAR."
CASE-0172,CASH_PAYMENT,Retail,<500K,Cayman Islands,"CUST-0067 initiated a CASH_PAYMENT of USD 268665.96 to Cayman Islands via advisor. Key concerns: R-002 high-risk jurisdiction, R-003 customer behavior deviation.",R-002 high-risk jurisdiction|R-003 customer behavior deviation,request_more_info,"Investigator reviewed customer history, destination risk, and transaction purpose. Final decision: request_more_info."
CASE-0173,ACH,Retail,<500K,South Africa,CUST-0231 initiated a ACH of USD 899.79 to South Africa via mobile. Key concerns: R-003 customer behavior deviation.,R-003 customer behavior deviation,escalated,"Investigator reviewed customer history, destination risk, and transaction purpose. Final decision: escalated."
CASE-0174,CASH_PAYMENT,Retail,<500K,China,CUST-0096 initiated a CASH_PAYMENT of USD 233230.27 to China via api. Key concerns: R-003 customer behavior deviation.,R-003 customer behavior deviation,escalated,"Investigator reviewed customer history, destination risk, and transaction purpose. Final decision: escalated."
CASE-0175,CASH_PAYMENT,Retail,<500K,Cayman Islands,CUST-0216 initiated a CASH_PAYMENT of USD 30499.11 to Cayman Islands via advisor. Key concerns: R-002 high-risk jurisdiction.,R-002 high-risk jurisdiction,escalated,"Investigator reviewed customer history, destination risk, and transaction purpose. Final decision: escalated."
CASE-0176,CHECK,Retail,<500K,Brazil,CUST-0413 initiated a CHECK of USD 30.47 to Brazil via mobile. Key concerns: R-003 customer behavior deviation.,R-003 customer behavior deviation,filed_SAR,"Investigator reviewed customer history, destination risk, and transaction purpose. Final decision: filed_SAR."
CASE-0177,INTERNATIONAL_REMITTANCE,Retail,<500K,South Africa,CUST-0129 initiated a INTERNATIONAL_REMITTANCE of USD 79078.09 to South Africa via web. Key concerns: R-003 customer behavior deviation.,R-003 customer behavior deviation,escalated,"Investigator reviewed customer history, destination risk, and transaction purpose. Final decision: escalated."
CASE-0178,WIRE,Corporate,<500K,Russia,CUST-0454 initiated a WIRE of USD 213660.63 to Russia via web. Key concerns: R-002 high-risk jurisdiction.,R-002 high-risk jurisdiction,escalated,"Investigator reviewed customer history, destination risk, and transaction purpose. Final decision: escalated."
CASE-0179,INTERNATIONAL_REMITTANCE,Retail,<500K,South Africa,CUST-0242 initiated a INTERNATIONAL_REMITTANCE of USD 31035.12 to South Africa via api. Key concerns: R-003 customer behavior deviation.,R-003 customer behavior deviation,filed_SAR,"Investigator reviewed customer history, destination risk, and transaction purpose. Final decision: filed_SAR."
CASE-0180,CRYPTO_TRANSFER,Retail,<500K,Turkey,"CUST-0461 initiated a CRYPTO_TRANSFER of USD 365528.17 to Turkey via web. Key concerns: R-003 customer behavior deviation, R-004 large crypto transfer, R-005 opaque merchant category.",R-003 customer behavior deviation|R-004 large crypto transfer|R-005 opaque merchant category,filed_SAR,"Investigator reviewed customer history, destination risk, and transaction purpose. Final decision: filed_SAR."
CASE-0181,CASH_PAYMENT,SME,500K-5M,Mexico,CUST-0279 initiated a CASH_PAYMENT of USD 2384254.35 to Mexico via web. Key concerns: R-003 customer behavior deviation.,R-003 customer behavior deviation,escalated,"Investigator reviewed customer history, destination risk, and transaction purpose. Final decision: escalated."
CASE-0182,WIRE,Retail,500K-5M,Mexico,CUST-0363 initiated a WIRE of USD 556816.07 to Mexico via branch. Key concerns: R-003 customer behavior deviation.,R-003 customer behavior deviation,filed_SAR,"Investigator reviewed customer history, destination risk, and transaction purpose. Final decision: filed_SAR."
CASE-0183,INTERNATIONAL_REMITTANCE,SME,<500K,Brazil,CUST-0281 initiated a INTERNATIONAL_REMITTANCE of USD 9867.6 to Brazil via branch. Key concerns: R-003 customer behavior deviation.,R-003 customer behavior deviation,closed_false_positive,"Investigator reviewed customer history, destination risk, and transaction purpose. Final decision: closed_false_positive."
CASE-0184,WIRE,Retail,<500K,China,CUST-0241 initiated a WIRE of USD 107875.92 to China via api. Key concerns: R-003 customer behavior deviation.,R-003 customer behavior deviation,filed_SAR,"Investigator reviewed customer history, destination risk, and transaction purpose. Final decision: filed_SAR."
CASE-0185,CASH_PAYMENT,Retail,<500K,India,CUST-0124 initiated a CASH_PAYMENT of USD 710.58 to India via advisor. Key concerns: R-003 customer behavior deviation.,R-003 customer behavior deviation,filed_SAR,"Investigator reviewed customer history, destination risk, and transaction purpose. Final decision: filed_SAR."
CASE-0186,CRYPTO_TRANSFER,Retail,<500K,Switzerland,CUST-0338 initiated a CRYPTO_TRANSFER of USD 332.78 to Switzerland via branch. Key concerns: R-003 customer behavior deviation.,R-003 customer behavior deviation,filed_SAR,"Investigator reviewed customer history, destination risk, and transaction purpose. Final decision: filed_SAR."
CASE-0187,CRYPTO_TRANSFER,Retail,<500K,China,CUST-0333 initiated a CRYPTO_TRANSFER of USD 72487.96 to China via advisor. Key concerns: R-003 customer behavior deviation.,R-003 customer behavior deviation,filed_SAR,"Investigator reviewed customer history, destination risk, and transaction purpose. Final decision: filed_SAR."
CASE-0188,WIRE,Retail,<500K,Mexico,CUST-0461 initiated a WIRE of USD 511.21 to Mexico via web. Key concerns: R-003 customer behavior deviation.,R-003 customer behavior deviation,filed_SAR,"Investigator reviewed customer history, destination risk, and transaction purpose. Final decision: filed_SAR."
CASE-0189,CARD,HNI,<500K,South Africa,CUST-0146 initiated a CARD of USD 2344.46 to South Africa via api. Key concerns: R-003 customer behavior deviation.,R-003 customer behavior deviation,filed_SAR,"Investigator reviewed customer history, destination risk, and transaction purpose. Final decision: filed_SAR."
CASE-0190,WIRE,Retail,<500K,Hong Kong,CUST-0019 initiated a WIRE of USD 73.15 to Hong Kong via api. Key concerns: R-003 customer behavior deviation.,R-003 customer behavior deviation,escalated,"Investigator reviewed customer history, destination risk, and transaction purpose. Final decision: escalated."
CASE-0191,ACH,HNI,<500K,Cyprus,CUST-0022 initiated a ACH of USD 10060.25 to Cyprus via api. Key concerns: R-003 customer behavior deviation.,R-003 customer behavior deviation,escalated,"Investigator reviewed customer history, destination risk, and transaction purpose. Final decision: escalated."
CASE-0192,WIRE,Retail,<500K,British Virgin Islands,"CUST-0112 initiated a WIRE of USD 227152.93 to British Virgin Islands via branch. Key concerns: R-002 high-risk jurisdiction, R-003 customer behavior deviation.",R-002 high-risk jurisdiction|R-003 customer behavior deviation,escalated,"Investigator reviewed customer history, destination risk, and transaction purpose. Final decision: escalated."
CASE-0193,CASH_PAYMENT,HNI,<500K,UAE,CUST-0478 initiated a CASH_PAYMENT of USD 11964.16 to UAE via api. Key concerns: R-003 customer behavior deviation.,R-003 customer behavior deviation,escalated,"Investigator reviewed customer history, destination risk, and transaction purpose. Final decision: escalated."
CASE-0194,WIRE,Retail,<500K,Brazil,CUST-0413 initiated a WIRE of USD 175319.99 to Brazil via advisor. Key concerns: R-003 customer behavior deviation.,R-003 customer behavior deviation,escalated,"Investigator reviewed customer history, destination risk, and transaction purpose. Final decision: escalated."
CASE-0195,INTERNATIONAL_REMITTANCE,HNI,<500K,Mexico,CUST-0094 initiated a INTERNATIONAL_REMITTANCE of USD 20814.9 to Mexico via advisor. Key concerns: R-003 customer behavior deviation.,R-003 customer behavior deviation,filed_SAR,"Investigator reviewed customer history, destination risk, and transaction purpose. Final decision: filed_SAR."
CASE-0196,CHECK,HNI,<500K,British Virgin Islands,CUST-0026 initiated a CHECK of USD 22578.98 to British Virgin Islands via web. Key concerns: R-002 high-risk jurisdiction.,R-002 high-risk jurisdiction,escalated,"Investigator reviewed customer history, destination risk, and transaction purpose. Final decision: escalated."
CASE-0197,ACH,Retail,<500K,UAE,CUST-0490 initiated a ACH of USD 967.09 to UAE via api. Key concerns: R-003 customer behavior deviation.,R-003 customer behavior deviation,filed_SAR,"Investigator reviewed customer history, destination risk, and transaction purpose. Final decision: filed_SAR."
CASE-0198,WIRE,Retail,<500K,Iran,CUST-0192 initiated a WIRE of USD 4186.47 to Iran via api. Key concerns: R-002 high-risk jurisdiction.,R-002 high-risk jurisdiction,closed_false_positive,"Investigator reviewed customer history, destination risk, and transaction purpose. Final decision: closed_false_positive."
CASE-0199,WIRE,Retail,<500K,Switzerland,CUST-0337 initiated a WIRE of USD 434.37 to Switzerland via mobile. Key concerns: R-003 customer behavior deviation.,R-003 customer behavior deviation,request_more_info,"Investigator reviewed customer history, destination risk, and transaction purpose. Final decision: request_more_info."
CASE-0200,CRYPTO_TRANSFER,Retail,<500K,Brazil,CUST-0043 initiated a CRYPTO_TRANSFER of USD 155163.77 to Brazil via branch. Key concerns: R-003 customer behavior deviation.,R-003 customer behavior deviation,escalated,"Investigator reviewed customer history, destination risk, and transaction purpose. Final decision: escalated."
CASE-0201,INTERNATIONAL_REMITTANCE,SME,500K-5M,Iran,"CUST-0281 initiated a INTERNATIONAL_REMITTANCE of USD 534672.99 to Iran via advisor. Key concerns: R-002 high-risk jurisdiction, R-003 customer behavior deviation, R-005 opaque merchant category.",R-002 high-risk jurisdiction|R-003 customer behavior deviation|R-005 opaque merchant category,escalated,"Investigator reviewed customer history, destination risk, and transaction purpose. Final decision: escalated."
CASE-0202,CRYPTO_TRANSFER,Retail,<500K,Turkey,CUST-0468 initiated a CRYPTO_TRANSFER of USD 1039.08 to Turkey via web. Key concerns: R-003 customer behavior deviation.,R-003 customer behavior deviation,closed_false_positive,"Investigator reviewed customer history, destination risk, and transaction purpose. Final decision: closed_false_positive."
CASE-0203,INTERNATIONAL_REMITTANCE,Retail,<500K,Panama,CUST-0360 initiated a INTERNATIONAL_REMITTANCE of USD 304.53 to Panama via branch. Key concerns: R-002 high-risk jurisdiction.,R-002 high-risk jurisdiction,filed_SAR,"Investigator reviewed customer history, destination risk, and transaction purpose. Final decision: filed_SAR."
CASE-0204,INTERNATIONAL_REMITTANCE,Retail,<500K,Cayman Islands,"CUST-0446 initiated a INTERNATIONAL_REMITTANCE of USD 269219.34 to Cayman Islands via branch. Key concerns: R-002 high-risk jurisdiction, R-003 customer behavior deviation, R-005 opaque merchant category.",R-002 high-risk jurisdiction|R-003 customer behavior deviation|R-005 opaque merchant category,filed_SAR,"Investigator reviewed customer history, destination risk, and transaction purpose. Final decision: filed_SAR."
CASE-0205,CHECK,HNI,<500K,Cyprus,CUST-0353 initiated a CHECK of USD 56110.96 to Cyprus via web. Key concerns: R-003 customer behavior deviation.,R-003 customer behavior deviation,closed_false_positive,"Investigator reviewed customer history, destination risk, and transaction purpose. Final decision: closed_false_positive."
CASE-0206,CASH_PAYMENT,Retail,<500K,Russia,"CUST-0112 initiated a CASH_PAYMENT of USD 128778.89 to Russia via api. Key concerns: R-002 high-risk jurisdiction, R-003 customer behavior deviation.",R-002 high-risk jurisdiction|R-003 customer behavior deviation,escalated,"Investigator reviewed customer history, destination risk, and transaction purpose. Final decision: escalated."
CASE-0207,INTERNATIONAL_REMITTANCE,Retail,<500K,Hong Kong,CUST-0099 initiated a INTERNATIONAL_REMITTANCE of USD 2080.06 to Hong Kong via api. Key concerns: R-003 customer behavior deviation.,R-003 customer behavior deviation,closed_false_positive,"Investigator reviewed customer history, destination risk, and transaction purpose. Final decision: closed_false_positive."
CASE-0208,CASH_PAYMENT,Retail,<500K,Iran,"CUST-0227 initiated a CASH_PAYMENT of USD 268092.72 to Iran via api. Key concerns: R-002 high-risk jurisdiction, R-003 customer behavior deviation.",R-002 high-risk jurisdiction|R-003 customer behavior deviation,escalated,"Investigator reviewed customer history, destination risk, and transaction purpose. Final decision: escalated."
CASE-0209,INTERNATIONAL_REMITTANCE,Retail,<500K,Russia,"CUST-0290 initiated a INTERNATIONAL_REMITTANCE of USD 347149.23 to Russia via branch. Key concerns: R-002 high-risk jurisdiction, R-003 customer behavior deviation, R-005 opaque merchant category.",R-002 high-risk jurisdiction|R-003 customer behavior deviation|R-005 opaque merchant category,closed_false_positive,"Investigator reviewed customer history, destination risk, and transaction purpose. Final decision: closed_false_positive."
CASE-0210,INTERNATIONAL_REMITTANCE,Retail,<500K,Nigeria,"CUST-0465 initiated a INTERNATIONAL_REMITTANCE of USD 86209.67 to Nigeria via api. Key concerns: R-002 high-risk jurisdiction, R-003 customer behavior deviation.",R-002 high-risk jurisdiction|R-003 customer behavior deviation,closed_false_positive,"Investigator reviewed customer history, destination risk, and transaction purpose. Final decision: closed_false_positive."
CASE-0211,CHECK,HNI,<500K,Turkey,CUST-0478 initiated a CHECK of USD 73152.95 to Turkey via advisor. Key concerns: R-003 customer behavior deviation.,R-003 customer behavior deviation,closed_false_positive,"Investigator reviewed customer history, destination risk, and transaction purpose. Final decision: closed_false_positive."
CASE-0212,CASH_PAYMENT,Retail,<500K,South Africa,CUST-0221 initiated a CASH_PAYMENT of USD 129925.18 to South Africa via branch. Key concerns: R-003 customer behavior deviation.,R-003 customer behavior deviation,closed_false_positive,"Investigator reviewed customer history, destination risk, and transaction purpose. Final decision: closed_false_positive."
CASE-0213,CASH_PAYMENT,Retail,500K-5M,Cyprus,"CUST-0173 initiated a CASH_PAYMENT of USD 658514.41 to Cyprus via api. Key concerns: R-003 customer behavior deviation, R-005 opaque merchant category.",R-003 customer behavior deviation|R-005 opaque merchant category,closed_false_positive,"Investigator reviewed customer history, destination risk, and transaction purpose. Final decision: closed_false_positive."
CASE-0214,CHECK,HNI,<500K,British Virgin Islands,CUST-0066 initiated a CHECK of USD 9373.93 to British Virgin Islands via mobile. Key concerns: R-002 high-risk jurisdiction.,R-002 high-risk jurisdiction,filed_SAR,"Investigator reviewed customer history, destination risk, and transaction purpose. Final decision: filed_SAR."
CASE-0215,WIRE,HNI,<500K,Turkey,CUST-0378 initiated a WIRE of USD 80148.29 to Turkey via api. Key concerns: R-003 customer behavior deviation.,R-003 customer behavior deviation,escalated,"Investigator reviewed customer history, destination risk, and transaction purpose. Final decision: escalated."
CASE-0216,CASH_PAYMENT,Retail,<500K,Switzerland,CUST-0274 initiated a CASH_PAYMENT of USD 3996.5 to Switzerland via mobile. Key concerns: R-003 customer behavior deviation.,R-003 customer behavior deviation,filed_SAR,"Investigator reviewed customer history, destination risk, and transaction purpose. Final decision: filed_SAR."
CASE-0217,ACH,HNI,<500K,China,CUST-0378 initiated a ACH of USD 44044.67 to China via branch. Key concerns: R-003 customer behavior deviation.,R-003 customer behavior deviation,closed_false_positive,"Investigator reviewed customer history, destination risk, and transaction purpose. Final decision: closed_false_positive."
CASE-0218,ACH,Retail,<500K,Turkey,CUST-0430 initiated a ACH of USD 4403.53 to Turkey via web. Key concerns: R-003 customer behavior deviation.,R-003 customer behavior deviation,escalated,"Investigator reviewed customer history, destination risk, and transaction purpose. Final decision: escalated."
CASE-0219,CHECK,Retail,<500K,UAE,CUST-0220 initiated a CHECK of USD 625.32 to UAE via branch. Key concerns: R-003 customer behavior deviation.,R-003 customer behavior deviation,escalated,"Investigator reviewed customer history, destination risk, and transaction purpose. Final decision: escalated."
CASE-0220,CHECK,Retail,<500K,India,CUST-0149 initiated a CHECK of USD 201.14 to India via advisor. Key concerns: R-003 customer behavior deviation.,R-003 customer behavior deviation,escalated,"Investigator reviewed customer history, destination risk, and transaction purpose. Final decision: escalated."
CASE-0221,CHECK,SME,<500K,Mexico,CUST-0079 initiated a CHECK of USD 17773.5 to Mexico via branch. Key concerns: R-003 customer behavior deviation.,R-003 customer behavior deviation,filed_SAR,"Investigator reviewed customer history, destination risk, and transaction purpose. Final decision: filed_SAR."
CASE-0222,ACH,Retail,<500K,UAE,CUST-0302 initiated a ACH of USD 96.92 to UAE via advisor. Key concerns: R-003 customer behavior deviation.,R-003 customer behavior deviation,request_more_info,"Investigator reviewed customer history, destination risk, and transaction purpose. Final decision: request_more_info."
CASE-0223,WIRE,Retail,<500K,Turkey,CUST-0150 initiated a WIRE of USD 131577.88 to Turkey via api. Key concerns: R-003 customer behavior deviation.,R-003 customer behavior deviation,filed_SAR,"Investigator reviewed customer history, destination risk, and transaction purpose. Final decision: filed_SAR."
CASE-0224,CRYPTO_TRANSFER,Retail,<500K,Mexico,CUST-0189 initiated a CRYPTO_TRANSFER of USD 2459.93 to Mexico via advisor. Key concerns: R-003 customer behavior deviation.,R-003 customer behavior deviation,closed_false_positive,"Investigator reviewed customer history, destination risk, and transaction purpose. Final decision: closed_false_positive."
CASE-0225,CHECK,SME,<500K,UAE,CUST-0444 initiated a CHECK of USD 6810.96 to UAE via advisor. Key concerns: R-003 customer behavior deviation.,R-003 customer behavior deviation,escalated,"Investigator reviewed customer history, destination risk, and transaction purpose. Final decision: escalated."
CASE-0226,CASH_PAYMENT,HNI,<500K,France,CUST-0353 initiated a CASH_PAYMENT of USD 127099.6 to France via advisor. Key concerns: R-005 opaque merchant category.,R-005 opaque merchant category,closed_false_positive,"Investigator reviewed customer history, destination risk, and transaction purpose. Final decision: closed_false_positive."
CASE-0227,WIRE,Retail,<500K,Mexico,CUST-0461 initiated a WIRE of USD 511.21 to Mexico via web. Key concerns: R-003 customer behavior deviation.,R-003 customer behavior deviation,closed_false_positive,"Investigator reviewed customer history, destination risk, and transaction purpose. Final decision: closed_false_positive."
CASE-0228,CARD,Retail,<500K,Cyprus,CUST-0033 initiated a CARD of USD 1956.08 to Cyprus via branch. Key concerns: R-003 customer behavior deviation.,R-003 customer behavior deviation,filed_SAR,"Investigator reviewed customer history, destination risk, and transaction purpose. Final decision: filed_SAR."
CASE-0229,WIRE,HNI,<500K,Switzerland,CUST-0488 initiated a WIRE of USD 52719.56 to Switzerland via branch. Key concerns: R-003 customer behavior deviation.,R-003 customer behavior deviation,filed_SAR,"Investigator reviewed customer history, destination risk, and transaction purpose. Final decision: filed_SAR."
CASE-0230,WIRE,Retail,<500K,Iran,"CUST-0465 initiated a WIRE of USD 113430.99 to Iran via branch. Key concerns: R-002 high-risk jurisdiction, R-003 customer behavior deviation.",R-002 high-risk jurisdiction|R-003 customer behavior deviation,closed_false_positive,"Investigator reviewed customer history, destination risk, and transaction purpose. Final decision: closed_false_positive."
CASE-0231,WIRE,Retail,<500K,Mexico,CUST-0390 initiated a WIRE of USD 3681.97 to Mexico via web. Key concerns: R-003 customer behavior deviation.,R-003 customer behavior deviation,escalated,"Investigator reviewed customer history, destination risk, and transaction purpose. Final decision: escalated."
CASE-0232,CARD,Retail,<500K,Mexico,CUST-0187 initiated a CARD of USD 1346.48 to Mexico via advisor. Key concerns: R-003 customer behavior deviation.,R-003 customer behavior deviation,escalated,"Investigator reviewed customer history, destination risk, and transaction purpose. Final decision: escalated."
CASE-0233,ACH,Retail,<500K,Turkey,CUST-0143 initiated a ACH of USD 984.99 to Turkey via api. Key concerns: R-003 customer behavior deviation.,R-003 customer behavior deviation,escalated,"Investigator reviewed customer history, destination risk, and transaction purpose. Final decision: escalated."
CASE-0234,ACH,SME,<500K,Mexico,CUST-0451 initiated a ACH of USD 52371.29 to Mexico via mobile. Key concerns: R-003 customer behavior deviation.,R-003 customer behavior deviation,escalated,"Investigator reviewed customer history, destination risk, and transaction purpose. Final decision: escalated."
CASE-0235,INTERNATIONAL_REMITTANCE,HNI,>5M,Nigeria,"CUST-0426 initiated a INTERNATIONAL_REMITTANCE of USD 10999870.58 to Nigeria via web. Key concerns: R-002 high-risk jurisdiction, R-003 customer behavior deviation, R-005 opaque merchant category.",R-002 high-risk jurisdiction|R-003 customer behavior deviation|R-005 opaque merchant category,filed_SAR,"Investigator reviewed customer history, destination risk, and transaction purpose. Final decision: filed_SAR."
CASE-0236,INTERNATIONAL_REMITTANCE,Retail,<500K,China,CUST-0083 initiated a INTERNATIONAL_REMITTANCE of USD 333.65 to China via advisor. Key concerns: R-003 customer behavior deviation.,R-003 customer behavior deviation,filed_SAR,"Investigator reviewed customer history, destination risk, and transaction purpose. Final decision: filed_SAR."
CASE-0237,CASH_PAYMENT,Corporate,<500K,Mexico,CUST-0416 initiated a CASH_PAYMENT of USD 77936.37 to Mexico via branch. Key concerns: R-003 customer behavior deviation.,R-003 customer behavior deviation,filed_SAR,"Investigator reviewed customer history, destination risk, and transaction purpose. Final decision: filed_SAR."
CASE-0238,CRYPTO_TRANSFER,Retail,<500K,Panama,"CUST-0464 initiated a CRYPTO_TRANSFER of USD 121012.11 to Panama via branch. Key concerns: R-002 high-risk jurisdiction, R-003 customer behavior deviation, R-005 opaque merchant category.",R-002 high-risk jurisdiction|R-003 customer behavior deviation|R-005 opaque merchant category,closed_false_positive,"Investigator reviewed customer history, destination risk, and transaction purpose. Final decision: closed_false_positive."
CASE-0239,INTERNATIONAL_REMITTANCE,Retail,<500K,South Africa,CUST-0359 initiated a INTERNATIONAL_REMITTANCE of USD 85655.51 to South Africa via branch. Key concerns: R-003 customer behavior deviation.,R-003 customer behavior deviation,escalated,"Investigator reviewed customer history, destination risk, and transaction purpose. Final decision: escalated."
CASE-0240,CASH_PAYMENT,HNI,500K-5M,China,"CUST-0027 initiated a CASH_PAYMENT of USD 2163639.64 to China via api. Key concerns: R-003 customer behavior deviation, R-005 opaque merchant category.",R-003 customer behavior deviation|R-005 opaque merchant category,request_more_info,"Investigator reviewed customer history, destination risk, and transaction purpose. Final decision: request_more_info."
CASE-0241,CASH_PAYMENT,Retail,<500K,Brazil,"CUST-0262 initiated a CASH_PAYMENT of USD 211728.3 to Brazil via web. Key concerns: R-003 customer behavior deviation, R-005 opaque merchant category.",R-003 customer behavior deviation|R-005 opaque merchant category,filed_SAR,"Investigator reviewed customer history, destination risk, and transaction purpose. Final decision: filed_SAR."
CASE-0242,CRYPTO_TRANSFER,HNI,<500K,Turkey,CUST-0251 initiated a CRYPTO_TRANSFER of USD 53746.57 to Turkey via api. Key concerns: R-003 customer behavior deviation.,R-003 customer behavior deviation,request_more_info,"Investigator reviewed customer history, destination risk, and transaction purpose. Final decision: request_more_info."
CASE-0243,INTERNATIONAL_REMITTANCE,Retail,<500K,Iran,"CUST-0320 initiated a INTERNATIONAL_REMITTANCE of USD 206951.1 to Iran via advisor. Key concerns: R-002 high-risk jurisdiction, R-003 customer behavior deviation, R-005 opaque merchant category.",R-002 high-risk jurisdiction|R-003 customer behavior deviation|R-005 opaque merchant category,closed_false_positive,"Investigator reviewed customer history, destination risk, and transaction purpose. Final decision: closed_false_positive."
CASE-0244,CARD,Retail,<500K,British Virgin Islands,CUST-0394 initiated a CARD of USD 945.84 to British Virgin Islands via web. Key concerns: R-002 high-risk jurisdiction.,R-002 high-risk jurisdiction,request_more_info,"Investigator reviewed customer history, destination risk, and transaction purpose. Final decision: request_more_info."
CASE-0245,INTERNATIONAL_REMITTANCE,Retail,<500K,Cyprus,CUST-0164 initiated a INTERNATIONAL_REMITTANCE of USD 11007.77 to Cyprus via web. Key concerns: R-003 customer behavior deviation.,R-003 customer behavior deviation,request_more_info,"Investigator reviewed customer history, destination risk, and transaction purpose. Final decision: request_more_info."
CASE-0246,CARD,Corporate,<500K,Brazil,CUST-0307 initiated a CARD of USD 214621.28 to Brazil via advisor. Key concerns: R-003 customer behavior deviation.,R-003 customer behavior deviation,closed_false_positive,"Investigator reviewed customer history, destination risk, and transaction purpose. Final decision: closed_false_positive."
CASE-0247,WIRE,Retail,<500K,Russia,"CUST-0155 initiated a WIRE of USD 83716.06 to Russia via web. Key concerns: R-002 high-risk jurisdiction, R-003 customer behavior deviation.",R-002 high-risk jurisdiction|R-003 customer behavior deviation,escalated,"Investigator reviewed customer history, destination risk, and transaction purpose. Final decision: escalated."
CASE-0248,CHECK,Retail,<500K,Brazil,CUST-0413 initiated a CHECK of USD 30.47 to Brazil via mobile. Key concerns: R-003 customer behavior deviation.,R-003 customer behavior deviation,closed_false_positive,"Investigator reviewed customer history, destination risk, and transaction purpose. Final decision: closed_false_positive."
CASE-0249,CHECK,Retail,<500K,Mexico,CUST-0077 initiated a CHECK of USD 309.85 to Mexico via web. Key concerns: R-003 customer behavior deviation.,R-003 customer behavior deviation,closed_false_positive,"Investigator reviewed customer history, destination risk, and transaction purpose. Final decision: closed_false_positive."
CASE-0250,ACH,SME,<500K,India,CUST-0135 initiated a ACH of USD 179.3 to India via mobile. Key concerns: R-003 customer behavior deviation.,R-003 customer behavior deviation,escalated,"Investigator reviewed customer history, destination risk, and transaction purpose. Final decision: escalated."
CASE-0251,INTERNATIONAL_REMITTANCE,Retail,<500K,Nigeria,"CUST-0073 initiated a INTERNATIONAL_REMITTANCE of USD 181431.06 to Nigeria via advisor. Key concerns: R-002 high-risk jurisdiction, R-003 customer behavior deviation, R-005 opaque merchant category.",R-002 high-risk jurisdiction|R-003 customer behavior deviation|R-005 opaque merchant category,closed_false_positive,"Investigator reviewed customer history, destination risk, and transaction purpose. Final decision: closed_false_positive."
CASE-0252,CHECK,Corporate,<500K,India,CUST-0204 initiated a CHECK of USD 93340.85 to India via api. Key concerns: R-003 customer behavior deviation.,R-003 customer behavior deviation,filed_SAR,"Investigator reviewed customer history, destination risk, and transaction purpose. Final decision: filed_SAR."
CASE-0253,WIRE,Retail,<500K,British Virgin Islands,CUST-0324 initiated a WIRE of USD 121.31 to British Virgin Islands via mobile. Key concerns: R-002 high-risk jurisdiction.,R-002 high-risk jurisdiction,escalated,"Investigator reviewed customer history, destination risk, and transaction purpose. Final decision: escalated."
CASE-0254,ACH,HNI,<500K,Switzerland,CUST-0026 initiated a ACH of USD 26766.68 to Switzerland via advisor. Key concerns: R-003 customer behavior deviation.,R-003 customer behavior deviation,request_more_info,"Investigator reviewed customer history, destination risk, and transaction purpose. Final decision: request_more_info."
CASE-0255,CASH_PAYMENT,Retail,<500K,Cayman Islands,"CUST-0249 initiated a CASH_PAYMENT of USD 41834.73 to Cayman Islands via web. Key concerns: R-002 high-risk jurisdiction, R-003 customer behavior deviation.",R-002 high-risk jurisdiction|R-003 customer behavior deviation,filed_SAR,"Investigator reviewed customer history, destination risk, and transaction purpose. Final decision: filed_SAR."
CASE-0256,WIRE,Retail,<500K,Mexico,CUST-0140 initiated a WIRE of USD 31092.76 to Mexico via web. Key concerns: R-003 customer behavior deviation.,R-003 customer behavior deviation,escalated,"Investigator reviewed customer history, destination risk, and transaction purpose. Final decision: escalated."
CASE-0257,CASH_PAYMENT,Retail,<500K,British Virgin Islands,"CUST-0489 initiated a CASH_PAYMENT of USD 249199.49 to British Virgin Islands via branch. Key concerns: R-002 high-risk jurisdiction, R-003 customer behavior deviation, R-005 opaque merchant category.",R-002 high-risk jurisdiction|R-003 customer behavior deviation|R-005 opaque merchant category,escalated,"Investigator reviewed customer history, destination risk, and transaction purpose. Final decision: escalated."
CASE-0258,WIRE,Retail,<500K,Brazil,CUST-0012 initiated a WIRE of USD 3406.41 to Brazil via mobile. Key concerns: R-003 customer behavior deviation.,R-003 customer behavior deviation,escalated,"Investigator reviewed customer history, destination risk, and transaction purpose. Final decision: escalated."
CASE-0259,INTERNATIONAL_REMITTANCE,Retail,<500K,China,"CUST-0076 initiated a INTERNATIONAL_REMITTANCE of USD 362399.89 to China via branch. Key concerns: R-003 customer behavior deviation, R-005 opaque merchant category.",R-003 customer behavior deviation|R-005 opaque merchant category,escalated,"Investigator reviewed customer history, destination risk, and transaction purpose. Final decision: escalated."
CASE-0260,INTERNATIONAL_REMITTANCE,HNI,<500K,China,CUST-0381 initiated a INTERNATIONAL_REMITTANCE of USD 9767.08 to China via branch. Key concerns: R-003 customer behavior deviation.,R-003 customer behavior deviation,request_more_info,"Investigator reviewed customer history, destination risk, and transaction purpose. Final decision: request_more_info."
CASE-0261,WIRE,Retail,<500K,British Virgin Islands,CUST-0074 initiated a WIRE of USD 2438.69 to British Virgin Islands via web. Key concerns: R-002 high-risk jurisdiction.,R-002 high-risk jurisdiction,closed_false_positive,"Investigator reviewed customer history, destination risk, and transaction purpose. Final decision: closed_false_positive."
CASE-0262,INTERNATIONAL_REMITTANCE,Retail,<500K,China,"CUST-0428 initiated a INTERNATIONAL_REMITTANCE of USD 142191.55 to China via branch. Key concerns: R-003 customer behavior deviation, R-005 opaque merchant category.",R-003 customer behavior deviation|R-005 opaque merchant category,filed_SAR,"Investigator reviewed customer history, destination risk, and transaction purpose. Final decision: filed_SAR."
CASE-0263,CHECK,HNI,<500K,South Africa,CUST-0020 initiated a CHECK of USD 14759.25 to South Africa via web. Key concerns: R-003 customer behavior deviation.,R-003 customer behavior deviation,filed_SAR,"Investigator reviewed customer history, destination risk, and transaction purpose. Final decision: filed_SAR."
CASE-0264,INTERNATIONAL_REMITTANCE,SME,500K-5M,Turkey,"CUST-0194 initiated a INTERNATIONAL_REMITTANCE of USD 1347590.03 to Turkey via branch. Key concerns: R-003 customer behavior deviation, R-005 opaque merchant category.",R-003 customer behavior deviation|R-005 opaque merchant category,closed_false_positive,"Investigator reviewed customer history, destination risk, and transaction purpose. Final decision: closed_false_positive."
CASE-0265,INTERNATIONAL_REMITTANCE,Retail,<500K,Cayman Islands,"CUST-0376 initiated a INTERNATIONAL_REMITTANCE of USD 18567.02 to Cayman Islands via advisor. Key concerns: R-002 high-risk jurisdiction, R-003 customer behavior deviation.",R-002 high-risk jurisdiction|R-003 customer behavior deviation,request_more_info,"Investigator reviewed customer history, destination risk, and transaction purpose. Final decision: request_more_info."
CASE-0266,CARD,Retail,<500K,Brazil,CUST-0328 initiated a CARD of USD 694.77 to Brazil via mobile. Key concerns: R-003 customer behavior deviation.,R-003 customer behavior deviation,request_more_info,"Investigator reviewed customer history, destination risk, and transaction purpose. Final decision: request_more_info."
CASE-0267,INTERNATIONAL_REMITTANCE,SME,500K-5M,Brazil,CUST-0459 initiated a INTERNATIONAL_REMITTANCE of USD 4466629.0 to Brazil via advisor. Key concerns: R-003 customer behavior deviation.,R-003 customer behavior deviation,closed_false_positive,"Investigator reviewed customer history, destination risk, and transaction purpose. Final decision: closed_false_positive."
CASE-0268,INTERNATIONAL_REMITTANCE,Retail,<500K,Mexico,CUST-0481 initiated a INTERNATIONAL_REMITTANCE of USD 51807.98 to Mexico via branch. Key concerns: R-003 customer behavior deviation.,R-003 customer behavior deviation,escalated,"Investigator reviewed customer history, destination risk, and transaction purpose. Final decision: escalated."
CASE-0269,CASH_PAYMENT,Retail,<500K,Cyprus,CUST-0064 initiated a CASH_PAYMENT of USD 96935.3 to Cyprus via web. Key concerns: R-003 customer behavior deviation.,R-003 customer behavior deviation,filed_SAR,"Investigator reviewed customer history, destination risk, and transaction purpose. Final decision: filed_SAR."
CASE-0270,CARD,Retail,<500K,South Africa,CUST-0201 initiated a CARD of USD 112.5 to South Africa via branch. Key concerns: R-003 customer behavior deviation.,R-003 customer behavior deviation,filed_SAR,"Investigator reviewed customer history, destination risk, and transaction purpose. Final decision: filed_SAR."
CASE-0271,CARD,Corporate,<500K,South Africa,CUST-0070 initiated a CARD of USD 85154.47 to South Africa via mobile. Key concerns: R-003 customer behavior deviation.,R-003 customer behavior deviation,escalated,"Investigator reviewed customer history, destination risk, and transaction purpose. Final decision: escalated."
CASE-0272,CASH_PAYMENT,Corporate,500K-5M,Iran,"CUST-0396 initiated a CASH_PAYMENT of USD 4704961.1 to Iran via web. Key concerns: R-002 high-risk jurisdiction, R-003 customer behavior deviation, R-005 opaque merchant category.",R-002 high-risk jurisdiction|R-003 customer behavior deviation|R-005 opaque merchant category,filed_SAR,"Investigator reviewed customer history, destination risk, and transaction purpose. Final decision: filed_SAR."
CASE-0273,WIRE,Retail,<500K,Brazil,CUST-0012 initiated a WIRE of USD 3406.41 to Brazil via mobile. Key concerns: R-003 customer behavior deviation.,R-003 customer behavior deviation,escalated,"Investigator reviewed customer history, destination risk, and transaction purpose. Final decision: escalated."
CASE-0274,INTERNATIONAL_REMITTANCE,Retail,<500K,Mexico,CUST-0002 initiated a INTERNATIONAL_REMITTANCE of USD 150447.2 to Mexico via advisor. Key concerns: R-003 customer behavior deviation.,R-003 customer behavior deviation,escalated,"Investigator reviewed customer history, destination risk, and transaction purpose. Final decision: escalated."
CASE-0275,INTERNATIONAL_REMITTANCE,Retail,<500K,South Africa,"CUST-0306 initiated a INTERNATIONAL_REMITTANCE of USD 388186.17 to South Africa via web. Key concerns: R-003 customer behavior deviation, R-005 opaque merchant category.",R-003 customer behavior deviation|R-005 opaque merchant category,closed_false_positive,"Investigator reviewed customer history, destination risk, and transaction purpose. Final decision: closed_false_positive."
CASE-0276,CRYPTO_TRANSFER,Retail,<500K,Iran,"CUST-0030 initiated a CRYPTO_TRANSFER of USD 156489.11 to Iran via api. Key concerns: R-002 high-risk jurisdiction, R-003 customer behavior deviation, R-005 opaque merchant category.",R-002 high-risk jurisdiction|R-003 customer behavior deviation|R-005 opaque merchant category,closed_false_positive,"Investigator reviewed customer history, destination risk, and transaction purpose. Final decision: closed_false_positive."
CASE-0277,CARD,Retail,<500K,South Africa,CUST-0019 initiated a CARD of USD 540.37 to South Africa via branch. Key concerns: R-003 customer behavior deviation.,R-003 customer behavior deviation,closed_false_positive,"Investigator reviewed customer history, destination risk, and transaction purpose. Final decision: closed_false_positive."
CASE-0278,WIRE,HNI,>5M,British Virgin Islands,"CUST-0178 initiated a WIRE of USD 11708979.5 to British Virgin Islands via advisor. Key concerns: R-002 high-risk jurisdiction, R-003 customer behavior deviation, R-005 opaque merchant category.",R-002 high-risk jurisdiction|R-003 customer behavior deviation|R-005 opaque merchant category,request_more_info,"Investigator reviewed customer history, destination risk, and transaction purpose. Final decision: request_more_info."
CASE-0279,CRYPTO_TRANSFER,Retail,<500K,Brazil,CUST-0043 initiated a CRYPTO_TRANSFER of USD 155163.77 to Brazil via branch. Key concerns: R-003 customer behavior deviation.,R-003 customer behavior deviation,closed_false_positive,"Investigator reviewed customer history, destination risk, and transaction purpose. Final decision: closed_false_positive."
CASE-0280,INTERNATIONAL_REMITTANCE,Retail,500K-5M,Turkey,"CUST-0418 initiated a INTERNATIONAL_REMITTANCE of USD 599665.6 to Turkey via branch. Key concerns: R-003 customer behavior deviation, R-005 opaque merchant category.",R-003 customer behavior deviation|R-005 opaque merchant category,escalated,"Investigator reviewed customer history, destination risk, and transaction purpose. Final decision: escalated."
CASE-0281,CHECK,Retail,<500K,Cyprus,CUST-0328 initiated a CHECK of USD 124.22 to Cyprus via mobile. Key concerns: R-003 customer behavior deviation.,R-003 customer behavior deviation,escalated,"Investigator reviewed customer history, destination risk, and transaction purpose. Final decision: escalated."
CASE-0282,ACH,Retail,<500K,British Virgin Islands,CUST-0085 initiated a ACH of USD 2473.59 to British Virgin Islands via advisor. Key concerns: R-002 high-risk jurisdiction.,R-002 high-risk jurisdiction,filed_SAR,"Investigator reviewed customer history, destination risk, and transaction purpose. Final decision: filed_SAR."
CASE-0283,CASH_PAYMENT,Retail,<500K,Cyprus,CUST-0369 initiated a CASH_PAYMENT of USD 191.47 to Cyprus via advisor. Key concerns: R-003 customer behavior deviation.,R-003 customer behavior deviation,filed_SAR,"Investigator reviewed customer history, destination risk, and transaction purpose. Final decision: filed_SAR."
CASE-0284,CARD,Retail,<500K,Brazil,CUST-0479 initiated a CARD of USD 233.6 to Brazil via web. Key concerns: R-003 customer behavior deviation.,R-003 customer behavior deviation,closed_false_positive,"Investigator reviewed customer history, destination risk, and transaction purpose. Final decision: closed_false_positive."
CASE-0285,ACH,HNI,<500K,Mexico,CUST-0020 initiated a ACH of USD 19723.54 to Mexico via branch. Key concerns: R-003 customer behavior deviation.,R-003 customer behavior deviation,escalated,"Investigator reviewed customer history, destination risk, and transaction purpose. Final decision: escalated."
CASE-0286,CRYPTO_TRANSFER,Retail,<500K,Turkey,"CUST-0477 initiated a CRYPTO_TRANSFER of USD 418921.64 to Turkey via advisor. Key concerns: R-003 customer behavior deviation, R-004 large crypto transfer, R-005 opaque merchant category.",R-003 customer behavior deviation|R-004 large crypto transfer|R-005 opaque merchant category,request_more_info,"Investigator reviewed customer history, destination risk, and transaction purpose. Final decision: request_more_info."
CASE-0287,INTERNATIONAL_REMITTANCE,Retail,<500K,South Africa,CUST-0344 initiated a INTERNATIONAL_REMITTANCE of USD 185654.6 to South Africa via web. Key concerns: R-003 customer behavior deviation.,R-003 customer behavior deviation,request_more_info,"Investigator reviewed customer history, destination risk, and transaction purpose. Final decision: request_more_info."
CASE-0288,CASH_PAYMENT,HNI,500K-5M,Panama,"CUST-0144 initiated a CASH_PAYMENT of USD 4613885.03 to Panama via advisor. Key concerns: R-002 high-risk jurisdiction, R-003 customer behavior deviation.",R-002 high-risk jurisdiction|R-003 customer behavior deviation,escalated,"Investigator reviewed customer history, destination risk, and transaction purpose. Final decision: escalated."
CASE-0289,INTERNATIONAL_REMITTANCE,Retail,<500K,South Africa,CUST-0242 initiated a INTERNATIONAL_REMITTANCE of USD 31035.12 to South Africa via api. Key concerns: R-003 customer behavior deviation.,R-003 customer behavior deviation,escalated,"Investigator reviewed customer history, destination risk, and transaction purpose. Final decision: escalated."
CASE-0290,INTERNATIONAL_REMITTANCE,Retail,<500K,Turkey,CUST-0164 initiated a INTERNATIONAL_REMITTANCE of USD 8074.38 to Turkey via branch. Key concerns: R-003 customer behavior deviation.,R-003 customer behavior deviation,escalated,"Investigator reviewed customer history, destination risk, and transaction purpose. Final decision: escalated."
CASE-0291,INTERNATIONAL_REMITTANCE,Corporate,<500K,Mexico,CUST-0204 initiated a INTERNATIONAL_REMITTANCE of USD 20795.87 to Mexico via web. Key concerns: R-003 customer behavior deviation.,R-003 customer behavior deviation,request_more_info,"Investigator reviewed customer history, destination risk, and transaction purpose. Final decision: request_more_info."
CASE-0292,CASH_PAYMENT,Retail,<500K,British Virgin Islands,"CUST-0410 initiated a CASH_PAYMENT of USD 248292.22 to British Virgin Islands via advisor. Key concerns: R-002 high-risk jurisdiction, R-003 customer behavior deviation.",R-002 high-risk jurisdiction|R-003 customer behavior deviation,closed_false_positive,"Investigator reviewed customer history, destination risk, and transaction purpose. Final decision: closed_false_positive."
CASE-0293,ACH,Retail,<500K,China,CUST-0359 initiated a ACH of USD 110.98 to China via web. Key concerns: R-003 customer behavior deviation.,R-003 customer behavior deviation,escalated,"Investigator reviewed customer history, destination risk, and transaction purpose. Final decision: escalated."
CASE-0294,INTERNATIONAL_REMITTANCE,Retail,<500K,Mexico,CUST-0002 initiated a INTERNATIONAL_REMITTANCE of USD 150447.2 to Mexico via advisor. Key concerns: R-003 customer behavior deviation.,R-003 customer behavior deviation,closed_false_positive,"Investigator reviewed customer history, destination risk, and transaction purpose. Final decision: closed_false_positive."
CASE-0295,CRYPTO_TRANSFER,HNI,500K-5M,Nigeria,"CUST-0109 initiated a CRYPTO_TRANSFER of USD 2314847.31 to Nigeria via branch. Key concerns: R-002 high-risk jurisdiction, R-003 customer behavior deviation, R-004 large crypto transfer.",R-002 high-risk jurisdiction|R-003 customer behavior deviation|R-004 large crypto transfer,escalated,"Investigator reviewed customer history, destination risk, and transaction purpose. Final decision: escalated."
CASE-0296,WIRE,Retail,<500K,Nigeria,"CUST-0242 initiated a WIRE of USD 314066.14 to Nigeria via branch. Key concerns: R-002 high-risk jurisdiction, R-003 customer behavior deviation, R-005 opaque merchant category.",R-002 high-risk jurisdiction|R-003 customer behavior deviation|R-005 opaque merchant category,closed_false_positive,"Investigator reviewed customer history, destination risk, and transaction purpose. Final decision: closed_false_positive."
CASE-0297,WIRE,Corporate,<500K,India,CUST-0307 initiated a WIRE of USD 129784.89 to India via mobile. Key concerns: R-003 customer behavior deviation.,R-003 customer behavior deviation,filed_SAR,"Investigator reviewed customer history, destination risk, and transaction purpose. Final decision: filed_SAR."
CASE-0298,INTERNATIONAL_REMITTANCE,Retail,<500K,Germany,CUST-0242 initiated a INTERNATIONAL_REMITTANCE of USD 718.71 to Germany via branch. Key concerns: R-003 customer behavior deviation.,R-003 customer behavior deviation,escalated,"Investigator reviewed customer history, destination risk, and transaction purpose. Final decision: escalated."
CASE-0299,CRYPTO_TRANSFER,Retail,<500K,Nigeria,"CUST-0243 initiated a CRYPTO_TRANSFER of USD 252769.47 to Nigeria via advisor. Key concerns: R-002 high-risk jurisdiction, R-003 customer behavior deviation, R-004 large crypto transfer, R-005 opaque merchant category.",R-002 high-risk jurisdiction|R-003 customer behavior deviation|R-004 large crypto transfer|R-005 opaque merchant category,closed_false_positive,"Investigator reviewed customer history, destination risk, and transaction purpose. Final decision: closed_false_positive."
CASE-0300,INTERNATIONAL_REMITTANCE,Corporate,<500K,Cyprus,CUST-0204 initiated a INTERNATIONAL_REMITTANCE of USD 59436.21 to Cyprus via advisor. Key concerns: R-003 customer behavior deviation.,R-003 customer behavior deviation,filed_SAR,"Investigator reviewed customer history, destination risk, and transaction purpose. Final decision: filed_SAR."
