transaction_id,customer_id,amount,currency,transaction_type,source_country,destination_country,merchant_category,channel,timestamp,country_risk_score,amount_vs_customer_avg,new_destination_country_flag,new_transaction_type_flag,rule_hits,risk_score,risk_label
TXN-000001,CUST-0216,1743.74,USD,CARD,Germany,Canada,consulting,advisor,2025-11-19T16:09,1,0.45,0,1,,0.327,normal
TXN-000002,CUST-0294,15000000,USD,CASH_PAYMENT,Canada,Iran,cash_services,api,2025-03-06T17:15,5,78.24,1,1,R-001 high-value cash payment|R-002 high-risk jurisdiction|R-003 customer behavior deviation,0.99,suspicious
TXN-000003,CUST-0402,528.9,USD,WIRE,UAE,UK,luxury_goods,advisor,2025-07-09T05:59,1,0.08,0,0,,0.195,normal
TXN-000004,CUST-0359,88.71,USD,CHECK,Brazil,Cyprus,cash_services,mobile,2026-01-30T13:04,3,0.06,0,1,,0.431,normal
TXN-000005,CUST-0226,30.72,USD,CHECK,UAE,China,luxury_goods,branch,2025-07-24T16:15,3,0.05,0,0,,0.32,normal
TXN-000006,CUST-0383,1469.45,USD,INTERNATIONAL_REMITTANCE,UK,South Africa,electronics,advisor,2025-05-28T15:19,3,0.37,0,0,,0.421,normal
TXN-000007,CUST-0162,14950.46,USD,CARD,UAE,Switzerland,consulting,advisor,2025-05-19T09:06,2,0.22,1,1,,0.555,review
TXN-000008,CUST-0131,334.55,USD,WIRE,Turkey,Turkey,import_export,web,2025-12-11T00:17,3,0.08,0,0,,0.424,normal
TXN-000009,CUST-0007,523.64,USD,ACH,Singapore,India,real_estate,branch,2026-04-26T20:16,2,0.19,0,0,,0.345,normal
TXN-000010,CUST-0428,864.74,USD,INTERNATIONAL_REMITTANCE,India,UK,luxury_goods,api,2025-12-23T06:17,1,0.2,1,0,,0.317,normal
TXN-000011,CUST-0240,194.74,USD,INTERNATIONAL_REMITTANCE,France,Turkey,luxury_goods,web,2025-05-22T02:07,3,0.05,1,0,,0.462,review
TXN-000012,CUST-0171,119.1,USD,CARD,France,South Africa,electronics,advisor,2025-11-27T16:47,3,0.03,0,0,,0.357,normal
TXN-000013,CUST-0277,1041.36,USD,ACH,France,Cyprus,consulting,branch,2025-01-10T16:59,3,0.05,1,0,,0.516,review
TXN-000014,CUST-0328,10455.8,USD,WIRE,Cyprus,Mexico,real_estate,web,2026-04-09T13:21,3,8.22,1,1,,0.831,suspicious
TXN-000015,CUST-0264,10627.85,USD,WIRE,South Africa,South Africa,cash_services,api,2025-10-18T18:16,3,0.36,0,0,,0.412,normal
TXN-000016,CUST-0184,527.99,USD,INTERNATIONAL_REMITTANCE,Turkey,UK,cash_services,branch,2025-11-28T06:55,1,0.12,1,0,,0.307,normal
TXN-000017,CUST-0021,1668.1,USD,WIRE,Germany,China,real_estate,api,2025-08-13T06:28,3,0.23,0,0,,0.328,normal
TXN-000018,CUST-0099,292763.83,USD,INTERNATIONAL_REMITTANCE,Cyprus,Cyprus,luxury_goods,advisor,2025-09-13T18:13,3,89.69,0,0,R-003 customer behavior deviation,0.893,suspicious
TXN-000019,CUST-0416,150028.14,USD,INTERNATIONAL_REMITTANCE,India,India,investment,branch,2025-09-08T22:19,2,0.64,0,0,,0.264,normal
TXN-000020,CUST-0465,150.89,USD,CHECK,Hong Kong,Canada,luxury_goods,api,2026-02-23T03:37,1,0.09,0,0,,0.13,normal
TXN-000021,CUST-0305,149.34,USD,WIRE,Hong Kong,Brazil,import_export,branch,2025-06-14T07:16,3,0.02,0,0,,0.389,normal
TXN-000022,CUST-0304,187.08,USD,ACH,Switzerland,Switzerland,charity,api,2025-03-10T03:24,2,0.07,0,0,,0.35,normal
TXN-000023,CUST-0324,98.93,USD,ACH,Switzerland,Singapore,cash_services,api,2025-04-16T04:53,1,0.16,0,0,,0.258,normal
TXN-000024,CUST-0268,868.29,USD,ACH,USA,USA,real_estate,advisor,2026-02-28T10:16,1,0.11,0,0,,0.194,normal
TXN-000025,CUST-0003,15901.15,USD,CARD,UK,Switzerland,luxury_goods,branch,2026-03-09T16:11,2,0.17,0,0,,0.299,normal
TXN-000026,CUST-0082,281.93,USD,CARD,South Africa,India,luxury_goods,advisor,2026-02-07T00:59,2,0.1,0,0,,0.374,normal
TXN-000027,CUST-0060,50632.23,USD,WIRE,USA,Brazil,charity,advisor,2025-04-28T03:45,3,25.0,0,1,R-003 customer behavior deviation,0.823,suspicious
TXN-000028,CUST-0051,21029.37,USD,ACH,Mexico,Mexico,electronics,branch,2025-04-21T20:48,3,0.14,0,0,,0.345,normal
TXN-000029,CUST-0199,6660.49,USD,INTERNATIONAL_REMITTANCE,UAE,UAE,investment,branch,2025-03-11T03:47,2,0.15,0,0,,0.422,normal
TXN-000030,CUST-0235,27382.94,USD,WIRE,Mexico,Mexico,import_export,advisor,2025-02-14T14:03,3,0.27,0,0,,0.458,review
TXN-000031,CUST-0251,17190.89,USD,INTERNATIONAL_REMITTANCE,Turkey,Singapore,travel,mobile,2025-10-24T07:35,1,0.08,0,0,,0.309,normal
TXN-000032,CUST-0303,15026.91,USD,WIRE,India,Russia,real_estate,api,2025-09-11T08:12,5,0.15,1,0,R-002 high-risk jurisdiction,0.658,review
TXN-000033,CUST-0386,13133354.58,USD,CRYPTO_TRANSFER,South Africa,Cyprus,consulting,api,2025-11-28T03:05,3,67.2,1,1,R-003 customer behavior deviation|R-004 large crypto transfer|R-005 opaque merchant category,0.99,suspicious
TXN-000034,CUST-0343,80347.36,USD,CASH_PAYMENT,Canada,Canada,electronics,mobile,2026-02-09T12:38,1,1.34,0,1,,0.424,normal
TXN-000035,CUST-0361,27320.1,USD,INTERNATIONAL_REMITTANCE,Turkey,UAE,travel,branch,2025-09-21T23:01,2,0.39,0,0,,0.343,normal
TXN-000036,CUST-0027,2163639.64,USD,CASH_PAYMENT,Switzerland,China,consulting,api,2025-11-28T19:04,3,36.08,1,1,R-003 customer behavior deviation|R-005 opaque merchant category,0.99,suspicious
TXN-000037,CUST-0288,126.44,USD,INTERNATIONAL_REMITTANCE,Brazil,France,travel,web,2025-09-15T23:13,1,0.11,0,0,,0.217,normal
TXN-000038,CUST-0028,1199285.05,USD,CASH_PAYMENT,UK,Brazil,real_estate,advisor,2025-08-20T21:11,3,34.34,1,1,R-003 customer behavior deviation,0.99,suspicious
TXN-000039,CUST-0345,516.66,USD,CASH_PAYMENT,Brazil,Brazil,luxury_goods,branch,2025-02-27T23:47,3,0.16,0,1,,0.495,review
TXN-000040,CUST-0078,18889.91,USD,INTERNATIONAL_REMITTANCE,Brazil,Cyprus,travel,api,2025-08-16T22:00,3,0.18,0,0,,0.346,normal
TXN-000041,CUST-0097,11112198.73,USD,WIRE,USA,Cyprus,unknown,advisor,2025-12-02T22:03,3,79.1,1,0,R-003 customer behavior deviation|R-005 opaque merchant category,0.99,suspicious
TXN-000042,CUST-0249,611.0,USD,WIRE,Cyprus,UK,consulting,mobile,2025-09-05T12:41,1,1.02,0,0,,0.367,normal
TXN-000043,CUST-0395,165.17,USD,CHECK,Brazil,UAE,luxury_goods,mobile,2025-03-24T08:07,2,0.08,1,0,,0.338,normal
TXN-000044,CUST-0163,243.3,USD,CHECK,Cyprus,UAE,luxury_goods,web,2025-08-18T18:25,2,0.15,0,0,,0.328,normal
TXN-000045,CUST-0274,3996.5,USD,CASH_PAYMENT,Turkey,Switzerland,investment,mobile,2025-10-07T17:19,2,0.47,0,1,,0.481,review
TXN-000046,CUST-0362,2173.61,USD,ACH,Brazil,Hong Kong,investment,api,2025-12-14T18:48,2,0.56,0,0,,0.256,normal
TXN-000047,CUST-0013,1041.34,USD,WIRE,UK,UK,import_export,advisor,2026-02-05T09:29,1,0.41,0,0,,0.187,normal
TXN-000048,CUST-0043,353.63,USD,CARD,Cyprus,China,import_export,advisor,2026-04-11T22:45,3,0.13,0,0,,0.337,normal
TXN-000049,CUST-0076,1159.85,USD,ACH,Singapore,USA,real_estate,advisor,2026-01-08T15:09,1,0.14,0,0,,0.233,normal
TXN-000050,CUST-0213,214.78,USD,CHECK,Turkey,Mexico,real_estate,mobile,2025-04-17T10:21,3,0.03,1,0,,0.491,review
TXN-000051,CUST-0445,655.33,USD,CHECK,China,Germany,luxury_goods,api,2025-04-06T13:01,1,0.21,0,0,,0.296,normal
TXN-000052,CUST-0252,133589.38,USD,WIRE,Germany,China,unknown,advisor,2025-04-25T00:54,3,75.23,1,1,R-003 customer behavior deviation|R-005 opaque merchant category,0.987,suspicious
TXN-000053,CUST-0079,17773.5,USD,CHECK,Mexico,Mexico,real_estate,branch,2025-09-10T02:16,3,0.15,0,0,,0.456,review
TXN-000054,CUST-0186,1383.54,USD,CASH_PAYMENT,India,UAE,import_export,web,2026-03-09T08:51,2,0.34,0,1,,0.42,normal
TXN-000055,CUST-0030,156489.11,USD,CRYPTO_TRANSFER,Germany,Iran,charity,api,2025-05-20T12:19,5,44.19,1,1,R-002 high-risk jurisdiction|R-003 customer behavior deviation|R-005 opaque merchant category,0.99,suspicious
TXN-000056,CUST-0467,70.77,USD,CARD,Singapore,UK,luxury_goods,branch,2026-03-23T10:47,1,0.07,0,0,,0.245,normal
TXN-000057,CUST-0351,279.0,USD,WIRE,Turkey,Turkey,import_export,mobile,2025-07-10T16:33,3,0.06,0,0,,0.371,normal
TXN-000058,CUST-0472,558.91,USD,ACH,India,India,import_export,advisor,2025-08-02T15:43,2,0.08,0,0,,0.35,normal
TXN-000059,CUST-0060,1105.36,USD,CHECK,USA,USA,import_export,advisor,2025-03-30T10:23,1,0.55,0,0,,0.208,normal
TXN-000060,CUST-0418,139354.51,USD,CRYPTO_TRANSFER,Canada,Iran,consulting,web,2025-04-18T04:26,5,15.94,1,1,R-002 high-risk jurisdiction|R-003 customer behavior deviation|R-005 opaque merchant category,0.99,suspicious
TXN-000061,CUST-0218,822.89,USD,WIRE,China,India,import_export,branch,2025-08-29T04:03,2,0.26,0,0,,0.341,normal
TXN-000062,CUST-0023,525051.62,USD,CASH_PAYMENT,Hong Kong,Cayman Islands,unknown,web,2025-04-05T22:53,4,61.74,1,1,R-002 high-risk jurisdiction|R-003 customer behavior deviation|R-005 opaque merchant category,0.99,suspicious
TXN-000063,CUST-0047,269375.22,USD,WIRE,Cyprus,Nigeria,charity,api,2026-02-04T20:55,4,68.43,1,0,R-002 high-risk jurisdiction|R-003 customer behavior deviation|R-005 opaque merchant category,0.864,suspicious
TXN-000064,CUST-0292,15000000,USD,CRYPTO_TRANSFER,Switzerland,Panama,consulting,web,2026-04-07T18:20,4,64.6,1,1,R-002 high-risk jurisdiction|R-003 customer behavior deviation|R-004 large crypto transfer|R-005 opaque merchant category,0.99,suspicious
TXN-000065,CUST-0372,1977765.4,USD,INTERNATIONAL_REMITTANCE,UK,South Africa,real_estate,api,2025-08-14T22:59,3,23.19,1,0,R-003 customer behavior deviation,0.975,suspicious
TXN-000066,CUST-0093,56749.84,USD,INTERNATIONAL_REMITTANCE,USA,China,cash_services,branch,2025-09-24T04:38,3,0.56,0,0,,0.379,normal
TXN-000067,CUST-0185,36287.16,USD,ACH,Turkey,Singapore,consulting,advisor,2026-05-15T15:09,1,0.18,0,0,,0.411,normal
TXN-000068,CUST-0209,327.62,USD,CASH_PAYMENT,Mexico,Singapore,investment,mobile,2025-09-09T22:56,1,0.32,0,1,,0.344,normal
TXN-000069,CUST-0225,1336.01,USD,CARD,Singapore,India,travel,branch,2025-06-23T06:50,2,0.22,0,0,,0.343,normal
TXN-000070,CUST-0207,94691.47,USD,INTERNATIONAL_REMITTANCE,USA,Iran,real_estate,api,2026-01-23T21:58,5,76.24,1,0,R-002 high-risk jurisdiction|R-003 customer behavior deviation,0.99,suspicious
TXN-000071,CUST-0183,390.19,USD,WIRE,Mexico,Mexico,real_estate,branch,2025-09-08T16:58,3,0.21,0,0,,0.319,normal
TXN-000072,CUST-0483,87392.98,USD,CASH_PAYMENT,South Africa,Panama,real_estate,advisor,2026-05-13T06:06,4,13.47,1,1,R-002 high-risk jurisdiction|R-003 customer behavior deviation,0.99,suspicious
TXN-000073,CUST-0348,34033.95,USD,CHECK,Switzerland,Switzerland,cash_services,web,2025-09-16T08:55,2,0.08,0,0,,0.352,normal
TXN-000074,CUST-0415,5918.95,USD,CARD,Switzerland,Switzerland,cash_services,api,2026-03-13T12:50,2,0.7,0,0,,0.299,normal
TXN-000075,CUST-0019,107754.0,USD,CRYPTO_TRANSFER,South Africa,Nigeria,cash_services,advisor,2025-06-09T13:16,4,52.32,1,1,R-002 high-risk jurisdiction|R-003 customer behavior deviation,0.99,suspicious
TXN-000076,CUST-0057,1169.97,USD,CARD,Turkey,Turkey,investment,advisor,2025-05-15T16:53,3,0.16,0,0,,0.354,normal
TXN-000077,CUST-0194,6000.49,USD,CARD,China,Singapore,electronics,web,2025-08-08T11:46,1,0.13,0,0,,0.425,normal
TXN-000078,CUST-0211,49750.44,USD,CASH_PAYMENT,India,Hong Kong,real_estate,web,2025-03-28T00:40,2,0.23,0,1,,0.724,suspicious
TXN-000079,CUST-0020,35474.08,USD,CHECK,South Africa,Panama,investment,advisor,2025-07-13T19:28,4,0.57,1,0,R-002 high-risk jurisdiction,0.838,suspicious
TXN-000080,CUST-0294,8916644.6,USD,CRYPTO_TRANSFER,Mexico,Iran,cash_services,api,2026-02-20T22:46,5,46.51,1,1,R-002 high-risk jurisdiction|R-003 customer behavior deviation|R-004 large crypto transfer,0.99,suspicious
TXN-000081,CUST-0315,465.2,USD,INTERNATIONAL_REMITTANCE,Brazil,Canada,real_estate,advisor,2025-05-20T02:17,1,0.09,0,0,,0.229,normal
TXN-000082,CUST-0272,14.06,USD,CARD,Mexico,Mexico,import_export,api,2025-04-13T14:08,3,0.02,0,0,,0.357,normal
TXN-000083,CUST-0320,954.24,USD,CARD,Canada,South Africa,consulting,api,2026-04-24T19:19,3,0.29,0,0,,0.432,normal
TXN-000084,CUST-0031,8566.76,USD,CARD,Switzerland,Mexico,real_estate,web,2026-03-10T14:04,3,0.13,0,0,,0.366,normal
TXN-000085,CUST-0147,563.69,USD,ACH,China,France,consulting,mobile,2025-09-06T19:06,1,0.07,0,0,,0.237,normal
TXN-000086,CUST-0217,12837.37,USD,INTERNATIONAL_REMITTANCE,USA,Canada,cash_services,branch,2025-01-29T02:51,1,0.08,0,0,,0.381,normal
TXN-000087,CUST-0153,1163.69,USD,INTERNATIONAL_REMITTANCE,Mexico,Hong Kong,charity,mobile,2025-10-20T17:04,2,0.45,0,0,,0.321,normal
TXN-000088,CUST-0268,2318.34,USD,INTERNATIONAL_REMITTANCE,UK,UK,real_estate,advisor,2025-06-18T19:56,1,0.28,0,0,,0.244,normal
TXN-000089,CUST-0413,174.78,USD,CHECK,Brazil,Mexico,electronics,api,2026-03-18T20:07,3,0.09,0,0,,0.508,review
TXN-000090,CUST-0274,3717.59,USD,WIRE,UK,Turkey,travel,mobile,2026-01-02T12:33,3,0.43,0,0,,0.439,normal
TXN-000091,CUST-0011,3970.48,USD,INTERNATIONAL_REMITTANCE,Cyprus,China,travel,web,2025-10-01T08:04,3,0.95,0,0,,0.428,normal
TXN-000092,CUST-0199,3738563.59,USD,WIRE,UAE,Nigeria,charity,branch,2025-04-18T05:28,4,86.66,1,0,R-002 high-risk jurisdiction|R-003 customer behavior deviation|R-005 opaque merchant category,0.99,suspicious
TXN-000093,CUST-0324,362.89,USD,CHECK,Brazil,Brazil,electronics,api,2026-01-03T14:25,3,0.6,0,0,,0.455,review
TXN-000094,CUST-0420,55982.0,USD,CASH_PAYMENT,Cyprus,Nigeria,cash_services,api,2025-08-21T23:43,4,18.63,1,1,R-002 high-risk jurisdiction|R-003 customer behavior deviation,0.99,suspicious
TXN-000095,CUST-0027,4365.03,USD,ACH,Switzerland,Switzerland,real_estate,web,2025-03-22T08:31,2,0.07,0,0,,0.3,normal
TXN-000096,CUST-0497,1111.28,USD,CARD,UAE,UK,cash_services,api,2025-03-10T08:53,1,0.21,0,0,,0.171,normal
TXN-000097,CUST-0304,775.7,USD,CARD,Switzerland,Switzerland,charity,advisor,2026-05-01T00:47,2,0.29,0,0,,0.37,normal
TXN-000098,CUST-0332,3828.54,USD,ACH,Brazil,Singapore,electronics,branch,2025-11-04T08:52,1,0.11,0,0,,0.216,normal
TXN-000099,CUST-0491,2027.04,USD,ACH,France,Mexico,charity,branch,2025-04-08T09:05,3,0.29,1,0,,0.494,review
TXN-000100,CUST-0254,14490.53,USD,INTERNATIONAL_REMITTANCE,Germany,Germany,luxury_goods,api,2026-02-10T04:58,1,0.15,0,0,,0.194,normal
TXN-000101,CUST-0500,135595.33,USD,CARD,India,India,travel,mobile,2025-12-18T07:14,2,1.06,0,0,,0.375,normal
TXN-000102,CUST-0363,1536.85,USD,ACH,China,China,travel,api,2025-01-03T08:39,3,0.19,0,0,,0.348,normal
TXN-000103,CUST-0196,232.9,USD,CHECK,Hong Kong,Russia,luxury_goods,web,2025-09-10T11:34,5,0.13,1,0,R-002 high-risk jurisdiction,0.677,review
TXN-000104,CUST-0068,8554719.63,USD,CRYPTO_TRANSFER,Hong Kong,Mexico,luxury_goods,api,2025-01-23T04:21,3,65.37,1,1,R-003 customer behavior deviation|R-004 large crypto transfer,0.99,suspicious
TXN-000105,CUST-0499,81897.27,USD,WIRE,South Africa,Cyprus,cash_services,web,2025-10-12T22:26,3,0.33,0,0,,0.479,review
TXN-000106,CUST-0226,10252.75,USD,CRYPTO_TRANSFER,UAE,Cyprus,cash_services,branch,2025-03-25T15:56,3,17.63,1,1,R-003 customer behavior deviation,0.985,suspicious
TXN-000107,CUST-0459,5096.76,USD,CHECK,Singapore,Singapore,real_estate,mobile,2025-02-17T06:57,1,0.06,0,0,,0.258,normal
TXN-000108,CUST-0093,130857.64,USD,ACH,China,USA,luxury_goods,advisor,2026-04-17T02:37,1,1.3,0,0,,0.203,normal
TXN-000109,CUST-0256,2438.88,USD,ACH,USA,Switzerland,luxury_goods,web,2025-02-11T15:42,2,0.38,0,1,,0.541,review
TXN-000110,CUST-0338,211.26,USD,CHECK,Hong Kong,Switzerland,luxury_goods,web,2026-03-18T01:39,2,0.22,0,1,,0.393,normal
TXN-000111,CUST-0145,2163.05,USD,INTERNATIONAL_REMITTANCE,UK,UK,investment,branch,2025-03-25T13:15,1,0.48,0,0,,0.289,normal
TXN-000112,CUST-0146,1582.92,USD,CHECK,UK,South Africa,travel,mobile,2026-03-03T12:32,3,0.04,0,1,,0.697,suspicious
TXN-000113,CUST-0251,30163.3,USD,CHECK,Turkey,Singapore,luxury_goods,advisor,2025-11-19T14:32,1,0.13,0,0,,0.215,normal
TXN-000114,CUST-0263,8143.26,USD,ACH,Germany,France,cash_services,web,2025-02-10T16:18,1,0.16,0,1,,0.251,normal
TXN-000115,CUST-0066,17976.36,USD,CARD,South Africa,Singapore,import_export,branch,2025-09-19T14:30,1,0.11,0,0,,0.27,normal
TXN-000116,CUST-0238,1156.74,USD,ACH,UAE,UAE,cash_services,branch,2026-02-07T06:13,2,0.19,0,0,,0.35,normal
TXN-000117,CUST-0024,307295.84,USD,WIRE,India,Nigeria,real_estate,advisor,2025-11-16T09:02,4,79.52,1,0,R-002 high-risk jurisdiction|R-003 customer behavior deviation,0.99,suspicious
TXN-000118,CUST-0471,56.76,USD,WIRE,Canada,Canada,electronics,branch,2025-01-10T00:11,1,0.1,0,0,,0.177,normal
TXN-000119,CUST-0007,417.97,USD,WIRE,Singapore,Mexico,consulting,api,2025-03-06T04:36,3,0.15,0,0,,0.347,normal
TXN-000120,CUST-0058,2126.36,USD,CARD,China,France,electronics,mobile,2026-03-16T18:23,1,0.24,0,0,,0.181,normal
TXN-000121,CUST-0155,374.55,USD,WIRE,China,China,cash_services,api,2026-03-17T15:20,3,0.07,0,0,,0.348,normal
TXN-000122,CUST-0104,1522.77,USD,CHECK,Turkey,USA,electronics,api,2026-01-13T19:45,1,0.37,0,0,,0.233,normal
TXN-000123,CUST-0284,388.19,USD,ACH,China,China,investment,advisor,2025-10-23T10:46,3,0.05,0,0,,0.375,normal
TXN-000124,CUST-0138,30489.39,USD,CHECK,Switzerland,Mexico,luxury_goods,branch,2026-01-07T06:33,3,0.13,0,0,,0.413,normal
TXN-000125,CUST-0225,553.21,USD,CHECK,France,UK,electronics,api,2026-02-12T16:07,1,0.09,0,0,,0.285,normal
TXN-000126,CUST-0433,163.4,USD,ACH,UK,Mexico,cash_services,mobile,2026-02-11T14:11,3,0.04,0,0,,0.455,review
TXN-000127,CUST-0253,477.29,USD,INTERNATIONAL_REMITTANCE,India,India,real_estate,api,2025-03-03T19:10,2,0.13,0,0,,0.26,normal
TXN-000128,CUST-0133,65010.46,USD,WIRE,UK,UK,real_estate,advisor,2025-01-26T14:56,1,1.01,0,0,,0.329,normal
TXN-000129,CUST-0493,1048.32,USD,WIRE,USA,Iran,real_estate,mobile,2026-04-12T12:20,5,0.35,1,0,R-002 high-risk jurisdiction,0.606,review
TXN-000130,CUST-0150,3056.26,USD,WIRE,UAE,UAE,real_estate,mobile,2025-08-13T14:11,2,0.36,0,0,,0.35,normal
TXN-000131,CUST-0004,1131.26,USD,WIRE,South Africa,South Africa,charity,web,2026-01-21T18:04,3,0.33,0,0,,0.349,normal
TXN-000132,CUST-0117,358154.03,USD,INTERNATIONAL_REMITTANCE,Cyprus,Mexico,luxury_goods,api,2025-03-16T00:20,3,41.45,1,1,R-003 customer behavior deviation,0.942,suspicious
TXN-000133,CUST-0265,515.51,USD,CARD,Mexico,India,luxury_goods,branch,2026-05-16T21:33,2,0.07,1,0,,0.461,review
TXN-000134,CUST-0410,758.85,USD,INTERNATIONAL_REMITTANCE,India,India,investment,web,2026-04-06T18:00,2,0.17,0,0,,0.463,review
TXN-000135,CUST-0076,1247.89,USD,ACH,France,UK,consulting,mobile,2025-01-19T18:20,1,0.15,0,0,,0.184,normal
TXN-000136,CUST-0372,45120.9,USD,CHECK,UK,UK,travel,advisor,2025-01-12T00:57,1,0.53,0,0,,0.348,normal
TXN-000137,CUST-0277,619.9,USD,WIRE,USA,Switzerland,import_export,web,2025-03-05T01:37,2,0.03,0,0,,0.389,normal
TXN-000138,CUST-0482,173248.22,USD,CASH_PAYMENT,Canada,Iran,consulting,advisor,2026-02-17T19:51,5,30.33,1,1,R-002 high-risk jurisdiction|R-003 customer behavior deviation|R-005 opaque merchant category,0.99,suspicious
TXN-000139,CUST-0458,758.31,USD,WIRE,South Africa,Brazil,import_export,api,2025-02-23T11:11,3,0.79,0,0,,0.389,normal
TXN-000140,CUST-0099,434.72,USD,WIRE,China,China,luxury_goods,api,2025-04-20T15:13,3,0.13,0,0,,0.439,normal
TXN-000141,CUST-0347,1065.67,USD,WIRE,France,USA,cash_services,api,2026-02-26T05:33,1,0.22,0,0,,0.192,normal
TXN-000142,CUST-0066,3847.91,USD,CHECK,South Africa,Singapore,cash_services,api,2026-01-18T05:21,1,0.02,0,0,,0.332,normal
TXN-000143,CUST-0190,2933.63,USD,ACH,Turkey,UAE,consulting,web,2025-09-06T00:57,2,0.07,0,0,,0.416,normal
TXN-000144,CUST-0073,126.02,USD,CHECK,Germany,UAE,real_estate,branch,2025-06-28T02:18,2,0.03,0,0,,0.333,normal
TXN-000145,CUST-0214,265.87,USD,INTERNATIONAL_REMITTANCE,Singapore,Canada,import_export,mobile,2025-08-24T15:21,1,0.1,0,0,,0.206,normal
TXN-000146,CUST-0077,309.85,USD,CHECK,France,Mexico,import_export,web,2026-05-06T22:53,3,0.05,0,0,,0.491,review
TXN-000147,CUST-0377,181.19,USD,CHECK,UK,India,real_estate,advisor,2026-05-05T21:07,2,0.08,0,0,,0.301,normal
TXN-000148,CUST-0388,208049.96,USD,INTERNATIONAL_REMITTANCE,China,Cyprus,luxury_goods,branch,2026-04-25T18:09,3,53.47,0,0,R-003 customer behavior deviation,0.7,suspicious
TXN-000149,CUST-0010,64783.55,USD,ACH,Cyprus,France,investment,advisor,2026-03-18T00:47,1,0.54,0,0,,0.184,normal
TXN-000150,CUST-0093,36171.64,USD,CASH_PAYMENT,USA,USA,luxury_goods,web,2025-05-11T03:03,1,0.36,0,1,,0.353,normal
TXN-000151,CUST-0488,7533.74,USD,WIRE,Cyprus,Switzerland,real_estate,api,2025-03-14T14:05,2,0.05,0,0,,0.481,review
TXN-000152,CUST-0133,18484.94,USD,CHECK,Switzerland,UK,import_export,advisor,2026-05-02T03:55,1,0.29,0,0,,0.251,normal
TXN-000153,CUST-0163,214.51,USD,WIRE,UAE,China,import_export,web,2025-12-12T03:27,3,0.13,0,1,,0.4,normal
TXN-000154,CUST-0285,199.43,USD,INTERNATIONAL_REMITTANCE,Canada,Mexico,import_export,web,2026-02-05T08:22,3,0.05,0,0,,0.358,normal
TXN-000155,CUST-0217,28536.08,USD,CHECK,Singapore,Canada,investment,branch,2025-05-20T20:24,1,0.18,0,0,,0.375,normal
TXN-000156,CUST-0349,8465.95,USD,CHECK,USA,USA,real_estate,advisor,2025-02-15T13:29,1,0.09,0,0,,0.272,normal
TXN-000157,CUST-0426,10999870.58,USD,INTERNATIONAL_REMITTANCE,Brazil,Nigeria,unknown,web,2026-03-29T23:16,4,52.3,1,1,R-002 high-risk jurisdiction|R-003 customer behavior deviation|R-005 opaque merchant category,0.99,suspicious
TXN-000158,CUST-0326,2858.08,USD,CHECK,Mexico,UAE,travel,advisor,2026-04-13T23:36,2,0.33,0,0,,0.219,normal
TXN-000159,CUST-0473,82854.52,USD,CRYPTO_TRANSFER,UAE,Panama,unknown,advisor,2026-01-26T13:24,4,45.5,1,1,R-002 high-risk jurisdiction|R-003 customer behavior deviation,0.99,suspicious
TXN-000160,CUST-0404,33526.99,USD,CHECK,Switzerland,Switzerland,travel,api,2025-04-01T23:47,2,0.27,0,0,,0.423,normal
TXN-000161,CUST-0064,2720.09,USD,CHECK,South Africa,South Africa,charity,web,2026-02-22T20:56,3,0.52,0,0,,0.37,normal
TXN-000162,CUST-0414,694.03,USD,ACH,Germany,Switzerland,charity,advisor,2025-04-11T21:47,2,0.08,0,0,,0.257,normal
TXN-000163,CUST-0446,777.85,USD,CARD,Switzerland,Turkey,luxury_goods,branch,2026-04-23T19:27,3,0.17,0,0,,0.434,normal
TXN-000164,CUST-0452,767.8,USD,ACH,Singapore,Germany,electronics,branch,2026-03-14T11:01,1,0.28,0,0,,0.212,normal
TXN-000165,CUST-0209,283.05,USD,CARD,Singapore,Hong Kong,consulting,branch,2025-09-30T15:19,2,0.27,0,0,,0.268,normal
TXN-000166,CUST-0201,112.5,USD,CARD,South Africa,South Africa,charity,branch,2025-03-26T11:14,3,0.04,0,1,,0.46,review
TXN-000167,CUST-0321,377.15,USD,CRYPTO_TRANSFER,Switzerland,Mexico,real_estate,mobile,2025-05-03T11:37,3,0.05,0,1,,0.605,review
TXN-000168,CUST-0421,34049.9,USD,INTERNATIONAL_REMITTANCE,France,France,investment,branch,2025-06-10T23:40,1,0.48,0,0,,0.163,normal
TXN-000169,CUST-0066,11630836.72,USD,WIRE,South Africa,Panama,luxury_goods,advisor,2025-12-13T01:54,4,73.2,1,1,R-002 high-risk jurisdiction|R-003 customer behavior deviation,0.99,suspicious
TXN-000170,CUST-0151,351.55,USD,CARD,Singapore,Mexico,real_estate,api,2025-11-30T23:03,3,0.11,0,0,,0.387,normal
TXN-000171,CUST-0233,1132.41,USD,INTERNATIONAL_REMITTANCE,Cyprus,Mexico,luxury_goods,advisor,2025-07-01T14:22,3,0.19,0,0,,0.4,normal
TXN-000172,CUST-0318,1102.92,USD,INTERNATIONAL_REMITTANCE,France,China,consulting,web,2026-03-30T18:28,3,0.03,0,0,,0.46,review
TXN-000173,CUST-0076,1703.53,USD,CARD,France,Russia,charity,branch,2025-08-05T11:44,5,0.21,1,0,R-002 high-risk jurisdiction,0.609,review
TXN-000174,CUST-0103,338.09,USD,CARD,Canada,Brazil,travel,advisor,2025-06-03T14:17,3,0.07,0,0,,0.325,normal
TXN-000175,CUST-0054,454.62,USD,CHECK,Germany,India,charity,api,2025-04-05T00:13,2,0.1,0,0,,0.271,normal
TXN-000176,CUST-0038,29539.62,USD,CARD,South Africa,Germany,investment,branch,2025-04-12T09:41,1,0.18,0,0,,0.186,normal
TXN-000177,CUST-0454,73561.01,USD,CASH_PAYMENT,UAE,Mexico,electronics,mobile,2025-06-23T07:10,3,0.11,0,1,,0.679,review
TXN-000178,CUST-0123,27563.6,USD,ACH,Canada,India,luxury_goods,branch,2026-02-11T06:28,2,0.13,0,0,,0.249,normal
TXN-000179,CUST-0194,4932.5,USD,ACH,China,China,consulting,advisor,2025-06-17T08:26,3,0.1,0,0,,0.472,review
TXN-000180,CUST-0408,289.83,USD,ACH,Mexico,Brazil,real_estate,api,2025-09-18T13:14,3,0.06,0,0,,0.393,normal
TXN-000181,CUST-0331,5586.34,USD,CHECK,South Africa,South Africa,cash_services,api,2025-10-25T13:41,3,0.11,0,0,,0.433,normal
TXN-000182,CUST-0405,220.77,USD,CASH_PAYMENT,India,Hong Kong,import_export,web,2025-03-10T02:52,2,0.13,0,1,,0.482,review
TXN-000183,CUST-0266,369.51,USD,CHECK,China,China,travel,api,2025-06-12T09:19,3,0.21,0,0,,0.369,normal
TXN-000184,CUST-0092,491.51,USD,CARD,Germany,Cyprus,charity,web,2025-03-02T02:26,3,0.12,1,0,,0.669,review
TXN-000185,CUST-0280,293.5,USD,CARD,UK,Cyprus,consulting,advisor,2026-01-30T10:13,3,0.09,0,0,,0.375,normal
TXN-000186,CUST-0178,17767.62,USD,INTERNATIONAL_REMITTANCE,Canada,UK,charity,api,2026-01-06T07:09,1,0.13,0,0,,0.286,normal
TXN-000187,CUST-0265,1441.19,USD,CARD,Switzerland,Switzerland,electronics,mobile,2025-04-18T14:58,2,0.19,0,0,,0.28,normal
TXN-000188,CUST-0286,7952592.4,USD,WIRE,Switzerland,British Virgin Islands,cash_services,branch,2026-03-04T12:06,4,16.81,1,1,R-002 high-risk jurisdiction|R-003 customer behavior deviation,0.99,suspicious
TXN-000189,CUST-0215,432213.62,USD,CARD,Canada,Mexico,investment,advisor,2025-03-20T11:16,3,0.79,0,0,,0.61,review
TXN-000190,CUST-0410,2374.83,USD,ACH,Germany,Cayman Islands,electronics,advisor,2025-09-01T03:42,4,0.54,1,1,R-002 high-risk jurisdiction,0.797,suspicious
TXN-000191,CUST-0493,137.59,USD,WIRE,Turkey,Cyprus,electronics,branch,2025-04-16T07:57,3,0.05,0,0,,0.336,normal
TXN-000192,CUST-0269,88240.27,USD,CASH_PAYMENT,Germany,South Africa,consulting,web,2025-07-20T05:21,3,9.88,1,1,,0.99,suspicious
TXN-000193,CUST-0067,672.09,USD,WIRE,Germany,Cayman Islands,electronics,web,2025-12-07T16:12,4,0.16,1,0,R-002 high-risk jurisdiction,0.519,review
TXN-000194,CUST-0295,1666.22,USD,WIRE,Germany,Germany,real_estate,api,2025-11-06T08:25,1,0.22,0,0,,0.246,normal
TXN-000195,CUST-0467,174.85,USD,INTERNATIONAL_REMITTANCE,China,UK,consulting,web,2025-11-10T05:58,1,0.16,0,0,,0.198,normal
TXN-000196,CUST-0092,1332.27,USD,CARD,Germany,Singapore,investment,api,2026-03-30T05:23,1,0.31,1,0,,0.503,review
TXN-000197,CUST-0322,139461.81,USD,CRYPTO_TRANSFER,Hong Kong,Mexico,real_estate,advisor,2025-02-09T03:35,3,0.22,0,1,,0.54,review
TXN-000198,CUST-0400,262.19,USD,CARD,Hong Kong,Switzerland,travel,api,2025-07-24T06:38,2,0.15,0,0,,0.256,normal
TXN-000199,CUST-0006,1400.54,USD,WIRE,Switzerland,Germany,import_export,branch,2025-05-05T14:56,1,0.24,0,0,,0.161,normal
TXN-000200,CUST-0421,14303.43,USD,ACH,South Africa,France,consulting,branch,2025-08-14T12:13,1,0.2,0,0,,0.171,normal
TXN-000201,CUST-0366,4166956.72,USD,INTERNATIONAL_REMITTANCE,Singapore,Cyprus,real_estate,branch,2025-11-25T22:36,3,62.38,1,0,R-003 customer behavior deviation,0.893,suspicious
TXN-000202,CUST-0460,382898.29,USD,CASH_PAYMENT,Canada,Brazil,luxury_goods,branch,2026-01-28T06:53,3,63.68,1,1,R-003 customer behavior deviation,0.99,suspicious
TXN-000203,CUST-0192,5258.27,USD,CARD,UAE,UAE,luxury_goods,mobile,2025-08-01T17:29,2,0.72,0,0,,0.274,normal
TXN-000204,CUST-0168,1715.67,USD,WIRE,India,Mexico,charity,mobile,2025-07-02T11:02,3,0.27,1,1,,0.509,review
TXN-000205,CUST-0206,8471.29,USD,CARD,Canada,South Africa,electronics,mobile,2026-01-28T20:26,3,0.05,0,0,,0.429,normal
TXN-000206,CUST-0053,9297.73,USD,CRYPTO_TRANSFER,Turkey,UK,travel,mobile,2025-11-22T23:28,1,0.19,0,1,,0.455,review
TXN-000207,CUST-0436,3189.34,USD,INTERNATIONAL_REMITTANCE,Mexico,Singapore,investment,mobile,2025-06-08T08:04,1,0.5,0,0,,0.222,normal
TXN-000208,CUST-0388,646.98,USD,WIRE,China,China,cash_services,advisor,2026-03-26T11:13,3,0.17,0,0,,0.348,normal
TXN-000209,CUST-0163,616.36,USD,ACH,China,British Virgin Islands,travel,web,2025-04-16T18:24,4,0.37,1,0,R-002 high-risk jurisdiction,0.502,review
TXN-000210,CUST-0470,3920.06,USD,INTERNATIONAL_REMITTANCE,Germany,China,investment,api,2026-03-22T16:46,3,0.05,0,0,,0.297,normal
TXN-000211,CUST-0099,291551.11,USD,CRYPTO_TRANSFER,Singapore,Cyprus,charity,branch,2025-05-01T17:19,3,89.32,0,1,R-003 customer behavior deviation|R-004 large crypto transfer|R-005 opaque merchant category,0.966,suspicious
TXN-000212,CUST-0372,7720.75,USD,ACH,Hong Kong,UK,consulting,mobile,2025-02-10T12:16,1,0.09,0,0,,0.28,normal
TXN-000213,CUST-0086,1028.05,USD,ACH,Germany,India,electronics,branch,2026-03-14T02:50,2,0.12,0,0,,0.471,review
TXN-000214,CUST-0472,1252.66,USD,CHECK,Germany,Germany,electronics,web,2025-02-06T11:22,1,0.19,0,0,,0.179,normal
TXN-000215,CUST-0241,813.44,USD,CRYPTO_TRANSFER,Hong Kong,Hong Kong,cash_services,api,2025-11-25T20:04,2,0.12,0,1,,0.43,normal
TXN-000216,CUST-0454,15000000,USD,CRYPTO_TRANSFER,Mexico,Mexico,cash_services,web,2026-01-30T11:53,3,21.44,0,1,R-003 customer behavior deviation|R-004 large crypto transfer,0.99,suspicious
TXN-000217,CUST-0251,30744.65,USD,INTERNATIONAL_REMITTANCE,Turkey,Turkey,investment,api,2025-11-20T23:05,3,0.14,0,0,,0.367,normal
TXN-000218,CUST-0341,574.47,USD,CARD,UAE,Turkey,investment,mobile,2026-01-30T03:09,3,0.09,0,0,,0.379,normal
TXN-000219,CUST-0470,24462.51,USD,ACH,China,Brazil,consulting,advisor,2026-01-21T03:02,3,0.32,0,0,,0.307,normal
TXN-000220,CUST-0294,24521.7,USD,CARD,Cyprus,Mexico,luxury_goods,branch,2025-01-01T03:18,3,0.13,0,0,,0.381,normal
TXN-000221,CUST-0357,806.64,USD,WIRE,India,Hong Kong,charity,mobile,2025-04-04T17:09,2,0.14,0,0,,0.332,normal
TXN-000222,CUST-0231,501.04,USD,INTERNATIONAL_REMITTANCE,France,France,real_estate,api,2025-02-10T10:00,1,0.1,0,0,,0.229,normal
TXN-000223,CUST-0064,496.51,USD,CARD,South Africa,Hong Kong,consulting,branch,2025-12-07T19:52,2,0.1,0,0,,0.301,normal
TXN-000224,CUST-0022,1870332.98,USD,INTERNATIONAL_REMITTANCE,Canada,Panama,cash_services,api,2026-01-23T11:30,4,49.4,1,0,R-002 high-risk jurisdiction|R-003 customer behavior deviation,0.99,suspicious
TXN-000225,CUST-0173,2171.23,USD,ACH,France,France,cash_services,branch,2026-01-07T04:44,1,0.25,0,0,,0.156,normal
TXN-000226,CUST-0063,314.78,USD,CARD,Hong Kong,Turkey,electronics,advisor,2025-01-02T21:46,3,0.06,0,0,,0.421,normal
TXN-000227,CUST-0417,363705.16,USD,ACH,Canada,Switzerland,cash_services,advisor,2026-01-14T20:54,2,0.78,1,0,,0.505,review
TXN-000228,CUST-0179,21538.68,USD,WIRE,Hong Kong,UAE,import_export,web,2025-03-28T15:13,2,0.11,0,0,,0.366,normal
TXN-000229,CUST-0247,859.51,USD,WIRE,UAE,Switzerland,travel,mobile,2026-01-28T09:34,2,0.1,0,0,,0.454,review
TXN-000230,CUST-0132,60205.05,USD,WIRE,Germany,Germany,electronics,web,2025-12-01T21:55,1,0.24,0,0,,0.226,normal
TXN-000231,CUST-0495,2486.18,USD,WIRE,Hong Kong,Hong Kong,charity,advisor,2025-10-21T12:33,2,0.3,0,0,,0.277,normal
TXN-000232,CUST-0161,6525.93,USD,WIRE,UK,Switzerland,import_export,mobile,2025-02-24T13:29,2,0.04,0,0,,0.288,normal
TXN-000233,CUST-0437,1495.63,USD,CHECK,UAE,UAE,travel,advisor,2025-09-15T23:30,2,0.45,0,0,,0.252,normal
TXN-000234,CUST-0435,26769.27,USD,WIRE,Mexico,USA,charity,mobile,2025-12-25T01:47,1,0.14,0,0,,0.334,normal
TXN-000235,CUST-0398,540.98,USD,CHECK,UAE,Panama,travel,api,2025-12-14T16:09,4,0.16,1,1,R-002 high-risk jurisdiction,0.702,suspicious
TXN-000236,CUST-0388,1240.72,USD,WIRE,Cyprus,Cyprus,consulting,branch,2025-12-02T05:35,3,0.32,0,0,,0.404,normal
TXN-000237,CUST-0227,813.4,USD,CHECK,France,France,real_estate,web,2026-02-07T05:02,1,0.12,0,0,,0.182,normal
TXN-000238,CUST-0219,98.27,USD,CARD,Switzerland,Germany,electronics,advisor,2025-11-18T13:47,1,0.11,1,1,,0.397,normal
TXN-000239,CUST-0061,709.57,USD,ACH,France,Nigeria,cash_services,branch,2025-05-21T21:35,4,0.16,1,0,R-002 high-risk jurisdiction,0.587,review
TXN-000240,CUST-0189,99307.54,USD,INTERNATIONAL_REMITTANCE,Hong Kong,Cayman Islands,luxury_goods,web,2025-10-21T19:32,4,14.91,1,0,R-002 high-risk jurisdiction|R-003 customer behavior deviation,0.843,suspicious
TXN-000241,CUST-0356,1876.89,USD,INTERNATIONAL_REMITTANCE,Turkey,Switzerland,luxury_goods,advisor,2025-06-16T02:10,2,0.28,0,0,,0.32,normal
TXN-000242,CUST-0442,503.42,USD,INTERNATIONAL_REMITTANCE,Cyprus,Cyprus,luxury_goods,branch,2025-01-03T18:56,3,0.22,0,0,,0.371,normal
TXN-000243,CUST-0161,2471636.15,USD,CRYPTO_TRANSFER,Cyprus,Cyprus,unknown,branch,2026-03-12T01:11,3,15.95,0,1,R-003 customer behavior deviation|R-004 large crypto transfer|R-005 opaque merchant category,0.875,suspicious
TXN-000244,CUST-0064,559.13,USD,WIRE,Turkey,Hong Kong,import_export,branch,2025-12-04T18:13,2,0.11,0,0,,0.26,normal
TXN-000245,CUST-0296,15324.85,USD,ACH,Mexico,Mexico,consulting,mobile,2026-05-06T04:34,3,0.18,0,0,,0.404,normal
TXN-000246,CUST-0111,5983.19,USD,CARD,Switzerland,UK,cash_services,api,2026-04-29T08:40,1,0.05,0,0,,0.22,normal
TXN-000247,CUST-0482,1007.29,USD,WIRE,USA,USA,import_export,web,2025-03-25T14:19,1,0.18,0,0,,0.24,normal
TXN-000248,CUST-0162,10250.3,USD,CHECK,France,France,electronics,advisor,2025-06-18T21:51,1,0.15,0,0,,0.188,normal
TXN-000249,CUST-0466,872.26,USD,INTERNATIONAL_REMITTANCE,India,UAE,cash_services,advisor,2025-09-28T11:54,2,0.14,1,0,,0.444,normal
TXN-000250,CUST-0444,1993.47,USD,CRYPTO_TRANSFER,USA,Canada,travel,mobile,2025-09-02T20:13,1,0.12,0,1,,0.569,review
TXN-000251,CUST-0005,3316.58,USD,WIRE,USA,USA,electronics,mobile,2025-04-04T14:58,1,0.41,0,0,,0.266,normal
TXN-000252,CUST-0409,1353.56,USD,CARD,Switzerland,Panama,electronics,web,2026-03-09T03:04,4,0.19,1,0,R-002 high-risk jurisdiction,0.598,review
TXN-000253,CUST-0040,1504.02,USD,WIRE,Turkey,Turkey,cash_services,mobile,2025-09-21T23:23,3,0.19,0,0,,0.402,normal
TXN-000254,CUST-0455,155.83,USD,INTERNATIONAL_REMITTANCE,Brazil,UAE,cash_services,advisor,2025-12-12T17:52,2,0.05,0,0,,0.336,normal
TXN-000255,CUST-0090,3319695.18,USD,WIRE,South Africa,South Africa,cash_services,branch,2025-07-14T05:49,3,76.35,0,1,R-003 customer behavior deviation,0.988,suspicious
TXN-000256,CUST-0058,7056.69,USD,WIRE,South Africa,South Africa,consulting,web,2025-01-02T21:32,3,0.79,0,0,,0.398,normal
TXN-000257,CUST-0112,804.65,USD,WIRE,Germany,South Africa,cash_services,advisor,2025-06-02T12:04,3,0.21,1,0,,0.415,normal
TXN-000258,CUST-0180,83.02,USD,ACH,France,France,real_estate,api,2025-01-04T05:18,1,0.08,0,0,,0.513,review
TXN-000259,CUST-0129,157.3,USD,CARD,Canada,Brazil,cash_services,branch,2025-03-24T04:46,3,0.13,0,0,,0.337,normal
TXN-000260,CUST-0223,276948.31,USD,CRYPTO_TRANSFER,Switzerland,Iran,charity,branch,2025-01-21T04:33,5,80.1,1,1,R-002 high-risk jurisdiction|R-003 customer behavior deviation|R-004 large crypto transfer|R-005 opaque merchant category,0.99,suspicious
TXN-000261,CUST-0381,10405.25,USD,CHECK,UAE,UAE,electronics,advisor,2025-02-26T03:40,2,0.16,0,0,,0.359,normal
TXN-000262,CUST-0065,6039969.94,USD,CRYPTO_TRANSFER,China,Russia,real_estate,branch,2025-08-08T20:22,5,47.5,1,1,R-002 high-risk jurisdiction|R-003 customer behavior deviation|R-004 large crypto transfer,0.99,suspicious
TXN-000263,CUST-0223,407.62,USD,INTERNATIONAL_REMITTANCE,India,Brazil,consulting,mobile,2026-03-19T08:59,3,0.12,0,0,,0.458,review
TXN-000264,CUST-0127,15387.08,USD,CARD,Turkey,Turkey,luxury_goods,mobile,2025-03-03T04:30,3,0.14,0,0,,0.395,normal
TXN-000265,CUST-0141,1423.07,USD,CARD,Singapore,India,import_export,api,2025-12-25T21:37,2,0.5,0,0,,0.392,normal
TXN-000266,CUST-0114,314.23,USD,INTERNATIONAL_REMITTANCE,Hong Kong,Mexico,travel,web,2025-08-03T08:25,3,0.16,0,0,,0.372,normal
TXN-000267,CUST-0025,14414.52,USD,ACH,South Africa,India,cash_services,web,2025-06-21T10:23,2,0.12,0,0,,0.242,normal
TXN-000268,CUST-0343,3105261.34,USD,WIRE,Mexico,British Virgin Islands,real_estate,api,2026-01-16T20:06,4,51.9,1,1,R-002 high-risk jurisdiction|R-003 customer behavior deviation,0.99,suspicious
TXN-000269,CUST-0191,628.71,USD,CARD,Mexico,Mexico,charity,branch,2025-12-27T15:12,3,0.08,0,0,,0.507,review
TXN-000270,CUST-0039,715.6,USD,ACH,Hong Kong,Hong Kong,luxury_goods,branch,2025-08-03T18:47,2,0.21,0,0,,0.344,normal
TXN-000271,CUST-0457,19227.28,USD,ACH,Germany,India,investment,advisor,2025-11-03T09:21,2,0.13,1,0,,0.469,review
TXN-000272,CUST-0067,1724.54,USD,CASH_PAYMENT,Canada,Germany,import_export,api,2025-10-15T13:19,1,0.41,0,1,,0.373,normal
TXN-000273,CUST-0140,344.34,USD,ACH,Singapore,China,charity,web,2025-12-29T09:09,3,0.19,1,0,,0.496,review
TXN-000274,CUST-0088,1289.59,USD,CASH_PAYMENT,Singapore,India,charity,branch,2025-10-01T03:57,2,0.18,0,1,,0.377,normal
TXN-000275,CUST-0178,62357.45,USD,INTERNATIONAL_REMITTANCE,Singapore,Russia,consulting,api,2025-01-30T21:21,5,0.46,1,0,R-002 high-risk jurisdiction,0.773,suspicious
TXN-000276,CUST-0422,1790.15,USD,INTERNATIONAL_REMITTANCE,Hong Kong,Turkey,electronics,branch,2026-03-22T21:22,3,0.27,0,0,,0.42,normal
TXN-000277,CUST-0283,441.89,USD,ACH,Germany,USA,travel,api,2026-04-07T16:21,1,0.15,0,0,,0.176,normal
TXN-000278,CUST-0093,29328.94,USD,ACH,USA,USA,luxury_goods,web,2026-02-23T13:27,1,0.29,0,0,,0.236,normal
TXN-000279,CUST-0097,1562702.75,USD,INTERNATIONAL_REMITTANCE,Hong Kong,Cyprus,luxury_goods,advisor,2026-01-08T00:24,3,11.12,1,0,R-003 customer behavior deviation,0.952,suspicious
TXN-000280,CUST-0194,15816.52,USD,WIRE,China,China,charity,branch,2025-09-03T19:12,3,0.34,0,0,,0.577,review
TXN-000281,CUST-0418,1090.04,USD,ACH,Canada,India,investment,branch,2025-10-06T10:07,2,0.12,0,0,,0.264,normal
TXN-000282,CUST-0454,34716.5,USD,ACH,UAE,Mexico,cash_services,branch,2025-02-26T07:39,3,0.05,0,0,,0.473,review
TXN-000283,CUST-0490,367.22,USD,WIRE,South Africa,China,electronics,mobile,2025-06-21T20:28,3,0.07,0,0,,0.357,normal
TXN-000284,CUST-0218,194478.49,USD,WIRE,India,Nigeria,luxury_goods,api,2026-04-15T17:02,4,61.72,1,0,R-002 high-risk jurisdiction|R-003 customer behavior deviation,0.936,suspicious
TXN-000285,CUST-0478,21490.26,USD,CHECK,Turkey,Turkey,electronics,advisor,2025-03-16T03:05,3,0.09,0,0,,0.482,review
TXN-000286,CUST-0066,20699.28,USD,CRYPTO_TRANSFER,Singapore,Singapore,luxury_goods,web,2026-04-17T08:23,1,0.13,0,1,,0.446,normal
TXN-000287,CUST-0282,12854.01,USD,WIRE,USA,Canada,import_export,api,2026-02-02T23:40,1,0.19,0,0,,0.313,normal
TXN-000288,CUST-0113,60142.55,USD,CRYPTO_TRANSFER,UK,India,consulting,mobile,2025-03-15T18:49,2,1.24,1,1,,0.741,suspicious
TXN-000289,CUST-0468,220.27,USD,CRYPTO_TRANSFER,UK,UK,electronics,mobile,2025-12-23T14:29,1,0.1,0,1,,0.343,normal
TXN-000290,CUST-0360,363806.34,USD,CRYPTO_TRANSFER,Hong Kong,Brazil,charity,branch,2025-03-14T02:41,3,54.44,0,1,R-003 customer behavior deviation|R-004 large crypto transfer|R-005 opaque merchant category,0.899,suspicious
TXN-000291,CUST-0007,797.65,USD,WIRE,India,Switzerland,electronics,api,2025-08-16T22:00,2,0.29,0,0,,0.351,normal
TXN-000292,CUST-0147,83235.16,USD,CASH_PAYMENT,France,Russia,unknown,web,2025-01-06T13:31,5,10.1,1,1,R-002 high-risk jurisdiction|R-003 customer behavior deviation,0.99,suspicious
TXN-000293,CUST-0349,12112.16,USD,WIRE,France,USA,consulting,mobile,2025-09-25T12:53,1,0.13,0,0,,0.306,normal
TXN-000294,CUST-0065,18170.79,USD,CRYPTO_TRANSFER,China,Canada,cash_services,branch,2025-06-10T22:16,1,0.14,0,1,,0.462,review
TXN-000295,CUST-0424,79.44,USD,INTERNATIONAL_REMITTANCE,China,Cyprus,travel,web,2025-05-03T09:37,3,0.06,0,0,,0.336,normal
TXN-000296,CUST-0055,344539.98,USD,CRYPTO_TRANSFER,Switzerland,Nigeria,real_estate,web,2025-05-04T09:11,4,55.75,1,1,R-002 high-risk jurisdiction|R-003 customer behavior deviation|R-004 large crypto transfer,0.99,suspicious
TXN-000297,CUST-0292,60271.35,USD,INTERNATIONAL_REMITTANCE,Brazil,Brazil,travel,branch,2026-05-06T13:35,3,0.26,0,0,,0.451,review
TXN-000298,CUST-0162,15706.3,USD,CHECK,UAE,Turkey,electronics,branch,2025-10-28T01:16,3,0.23,0,0,,0.374,normal
TXN-000299,CUST-0078,3371.94,USD,INTERNATIONAL_REMITTANCE,Cyprus,Singapore,import_export,mobile,2026-01-09T20:46,1,0.03,1,0,,0.379,normal
TXN-000300,CUST-0477,732.64,USD,WIRE,France,Singapore,charity,mobile,2026-05-06T05:12,1,0.15,0,0,,0.324,normal
TXN-000301,CUST-0255,54930.58,USD,CASH_PAYMENT,UK,Nigeria,luxury_goods,advisor,2025-06-10T05:47,4,6.27,1,1,R-002 high-risk jurisdiction,0.965,suspicious
TXN-000302,CUST-0083,203587.21,USD,CASH_PAYMENT,Hong Kong,Turkey,charity,branch,2025-05-13T16:09,3,54.0,1,1,R-003 customer behavior deviation|R-005 opaque merchant category,0.99,suspicious
TXN-000303,CUST-0391,139237.45,USD,ACH,South Africa,Hong Kong,electronics,web,2026-03-15T21:09,2,0.22,0,0,,0.356,normal
TXN-000304,CUST-0067,729.91,USD,ACH,Germany,USA,investment,web,2026-05-16T21:58,1,0.17,0,0,,0.147,normal
TXN-000305,CUST-0405,567.73,USD,CHECK,India,Singapore,cash_services,api,2025-06-28T15:54,1,0.34,0,0,,0.247,normal
TXN-000306,CUST-0274,1349.5,USD,CARD,Switzerland,UK,travel,api,2025-06-12T11:41,1,0.16,0,0,,0.295,normal
TXN-000307,CUST-0249,147.9,USD,WIRE,UK,India,charity,mobile,2025-10-18T01:04,2,0.25,0,0,,0.433,normal
TXN-000308,CUST-0397,3521.14,USD,CARD,USA,USA,electronics,branch,2025-05-10T21:41,1,0.45,0,0,,0.146,normal
TXN-000309,CUST-0073,181431.06,USD,INTERNATIONAL_REMITTANCE,France,Nigeria,unknown,advisor,2025-12-09T08:51,4,39.43,1,0,R-002 high-risk jurisdiction|R-003 customer behavior deviation|R-005 opaque merchant category,0.88,suspicious
TXN-000310,CUST-0028,2850813.82,USD,WIRE,UK,Turkey,charity,web,2026-04-28T14:18,3,81.64,1,0,R-003 customer behavior deviation|R-005 opaque merchant category,0.85,suspicious
TXN-000311,CUST-0275,51.61,USD,ACH,China,Hong Kong,luxury_goods,branch,2025-12-07T10:48,2,0.03,0,0,,0.41,normal
TXN-000312,CUST-0460,753.78,USD,ACH,Germany,Canada,real_estate,api,2025-04-22T06:24,1,0.13,0,1,,0.299,normal
TXN-000313,CUST-0280,684.8,USD,INTERNATIONAL_REMITTANCE,Cyprus,UK,travel,branch,2025-01-09T10:18,1,0.2,0,1,,0.371,normal
TXN-000314,CUST-0258,383.29,USD,WIRE,Brazil,Mexico,electronics,advisor,2025-02-28T06:00,3,0.06,1,0,,0.492,review
TXN-000315,CUST-0192,1652.04,USD,ACH,UAE,South Africa,real_estate,web,2026-02-17T03:32,3,0.23,0,0,,0.342,normal
TXN-000316,CUST-0009,352.34,USD,CHECK,India,Mexico,electronics,web,2025-04-25T15:31,3,0.13,0,0,,0.385,normal
TXN-000317,CUST-0059,37856.84,USD,WIRE,Turkey,Mexico,investment,api,2026-02-05T07:38,3,0.16,1,0,,0.547,review
TXN-000318,CUST-0138,4575.21,USD,WIRE,Cyprus,Switzerland,investment,api,2025-01-14T05:14,2,0.02,0,0,,0.37,normal
TXN-000319,CUST-0431,4317.35,USD,CARD,UAE,Brazil,electronics,mobile,2026-02-15T19:43,3,0.54,0,0,,0.335,normal
TXN-000320,CUST-0481,355.8,USD,INTERNATIONAL_REMITTANCE,India,Germany,real_estate,advisor,2026-03-08T21:24,1,0.57,0,0,,0.281,normal
TXN-000321,CUST-0429,521.91,USD,CARD,India,India,real_estate,advisor,2025-07-15T00:51,2,0.06,0,0,,0.316,normal
TXN-000322,CUST-0067,1679.14,USD,CARD,USA,Germany,import_export,mobile,2026-01-07T12:54,1,0.4,0,0,,0.237,normal
TXN-000323,CUST-0338,11824.59,USD,CASH_PAYMENT,Switzerland,British Virgin Islands,luxury_goods,branch,2026-04-20T20:20,4,12.05,1,1,R-002 high-risk jurisdiction|R-003 customer behavior deviation,0.928,suspicious
TXN-000324,CUST-0073,756.86,USD,INTERNATIONAL_REMITTANCE,UAE,UAE,real_estate,api,2026-05-07T21:21,2,0.16,0,0,,0.24,normal
TXN-000325,CUST-0352,72930.51,USD,WIRE,Mexico,Mexico,investment,mobile,2026-05-15T11:42,3,0.79,0,0,,0.43,normal
TXN-000326,CUST-0248,448.35,USD,CARD,South Africa,South Africa,travel,mobile,2026-04-06T07:24,3,0.17,0,0,,0.349,normal
TXN-000327,CUST-0071,603.32,USD,INTERNATIONAL_REMITTANCE,Singapore,Switzerland,cash_services,api,2025-09-20T13:39,2,0.09,1,0,,0.44,normal
TXN-000328,CUST-0129,2200.7,USD,WIRE,Brazil,Canada,luxury_goods,web,2026-05-04T16:39,1,1.88,0,0,,0.221,normal
TXN-000329,CUST-0229,3071.76,USD,INTERNATIONAL_REMITTANCE,South Africa,France,travel,web,2025-08-19T05:42,1,1.18,0,0,,0.308,normal
TXN-000330,CUST-0491,1379.29,USD,CARD,Singapore,Singapore,travel,mobile,2026-02-09T06:20,1,0.2,0,0,,0.22,normal
TXN-000331,CUST-0038,21624.9,USD,CHECK,Switzerland,South Africa,charity,web,2025-10-18T10:58,3,0.13,0,0,,0.432,normal
TXN-000332,CUST-0288,33942.79,USD,CRYPTO_TRANSFER,Brazil,Cyprus,unknown,branch,2026-01-02T20:44,3,29.11,1,1,R-003 customer behavior deviation,0.99,suspicious
TXN-000333,CUST-0414,934.51,USD,CHECK,Germany,Switzerland,cash_services,api,2025-05-21T14:22,2,0.1,0,0,,0.224,normal
TXN-000334,CUST-0232,870.38,USD,CHECK,Brazil,Germany,consulting,api,2026-03-07T13:44,1,0.11,0,0,,0.138,normal
TXN-000335,CUST-0274,7027.02,USD,WIRE,UK,UK,investment,api,2025-06-02T23:46,1,0.82,0,0,,0.306,normal
TXN-000336,CUST-0253,377.88,USD,CHECK,Germany,India,travel,branch,2025-04-26T05:48,2,0.1,0,0,,0.243,normal
TXN-000337,CUST-0371,154.89,USD,ACH,Germany,Canada,investment,branch,2025-02-08T09:00,1,0.02,1,0,,0.298,normal
TXN-000338,CUST-0314,138.11,USD,INTERNATIONAL_REMITTANCE,Singapore,Russia,luxury_goods,web,2025-11-23T15:15,5,0.09,1,0,R-002 high-risk jurisdiction,0.668,review
TXN-000339,CUST-0268,1924.52,USD,ACH,UK,Switzerland,real_estate,mobile,2026-01-28T10:06,2,0.23,1,0,,0.44,normal
TXN-000340,CUST-0181,6493.52,USD,ACH,UK,UK,investment,api,2025-01-07T22:53,1,0.82,0,0,,0.223,normal
TXN-000341,CUST-0420,487.35,USD,CHECK,India,Cyprus,luxury_goods,api,2026-04-14T04:26,3,0.16,0,0,,0.434,normal
TXN-000342,CUST-0187,551.17,USD,ACH,Germany,Germany,luxury_goods,api,2026-05-03T19:42,1,0.14,0,0,,0.216,normal
TXN-000343,CUST-0076,372.59,USD,ACH,France,UK,consulting,web,2026-04-20T18:47,1,0.05,0,0,,0.152,normal
TXN-000344,CUST-0221,278.66,USD,CARD,Germany,Turkey,electronics,branch,2026-04-21T14:25,3,0.13,0,0,,0.343,normal
TXN-000345,CUST-0097,31337.53,USD,INTERNATIONAL_REMITTANCE,Hong Kong,Turkey,real_estate,mobile,2025-02-28T01:48,3,0.22,0,0,,0.649,review
TXN-000346,CUST-0295,451.07,USD,WIRE,India,Germany,cash_services,web,2025-03-29T06:56,1,0.06,0,0,,0.221,normal
TXN-000347,CUST-0148,22122.97,USD,INTERNATIONAL_REMITTANCE,Germany,Cyprus,luxury_goods,mobile,2026-04-06T15:32,3,0.33,0,0,,0.353,normal
TXN-000348,CUST-0007,418.36,USD,ACH,Mexico,UK,travel,advisor,2025-10-26T00:02,1,0.15,1,0,,0.364,normal
TXN-000349,CUST-0127,27112.61,USD,CARD,Germany,UAE,real_estate,branch,2026-02-16T11:27,2,0.24,0,0,,0.323,normal
TXN-000350,CUST-0377,453.35,USD,ACH,Cyprus,Cyprus,travel,web,2025-02-27T09:12,3,0.2,0,0,,0.4,normal
TXN-000351,CUST-0373,525.69,USD,INTERNATIONAL_REMITTANCE,UAE,Cyprus,electronics,mobile,2025-04-16T03:02,3,0.07,0,0,,0.444,normal
TXN-000352,CUST-0489,351.61,USD,CARD,Cyprus,Canada,luxury_goods,advisor,2026-04-12T23:10,1,0.08,0,0,,0.2,normal
TXN-000353,CUST-0170,14446.33,USD,INTERNATIONAL_REMITTANCE,France,France,cash_services,api,2025-05-28T03:45,1,0.12,0,0,,0.601,review
TXN-000354,CUST-0256,212.47,USD,CHECK,Mexico,Mexico,consulting,mobile,2025-05-28T02:12,3,0.03,0,0,,0.53,review
TXN-000355,CUST-0008,130.68,USD,CHECK,Germany,China,consulting,branch,2025-06-29T09:40,3,0.06,0,0,,0.439,normal
TXN-000356,CUST-0258,1817.68,USD,INTERNATIONAL_REMITTANCE,Brazil,Brazil,real_estate,api,2025-04-23T01:05,3,0.27,0,0,,0.378,normal
TXN-000357,CUST-0182,2246.24,USD,CARD,Hong Kong,Hong Kong,consulting,advisor,2025-10-16T14:52,2,0.25,0,0,,0.342,normal
TXN-000358,CUST-0166,55169.18,USD,INTERNATIONAL_REMITTANCE,India,India,luxury_goods,advisor,2026-02-05T14:54,2,0.09,0,0,,0.247,normal
TXN-000359,CUST-0270,2297.89,USD,CASH_PAYMENT,India,UK,import_export,branch,2026-05-06T14:22,1,0.3,0,1,,0.369,normal
TXN-000360,CUST-0072,591.73,USD,CARD,South Africa,South Africa,electronics,branch,2025-07-26T22:52,3,0.11,0,0,,0.282,normal
TXN-000361,CUST-0414,1756.98,USD,ACH,Germany,Switzerland,travel,branch,2026-02-25T09:55,2,0.2,0,0,,0.279,normal
TXN-000362,CUST-0354,1702.39,USD,WIRE,Hong Kong,Hong Kong,charity,mobile,2025-06-04T21:26,2,0.44,0,0,,0.28,normal
TXN-000363,CUST-0480,373612.79,USD,CRYPTO_TRANSFER,Hong Kong,Iran,luxury_goods,branch,2025-03-20T20:36,5,46.22,1,1,R-002 high-risk jurisdiction|R-003 customer behavior deviation|R-004 large crypto transfer,0.99,suspicious
TXN-000364,CUST-0267,49099.81,USD,CASH_PAYMENT,Singapore,Brazil,cash_services,advisor,2026-04-20T04:09,3,22.36,1,1,R-003 customer behavior deviation,0.99,suspicious
TXN-000365,CUST-0248,629.61,USD,WIRE,South Africa,South Africa,luxury_goods,mobile,2025-03-29T17:27,3,0.24,0,0,,0.436,normal
TXN-000366,CUST-0280,545.26,USD,CHECK,UK,Cyprus,electronics,api,2025-08-26T14:13,3,0.16,0,0,,0.44,normal
TXN-000367,CUST-0076,362399.89,USD,INTERNATIONAL_REMITTANCE,USA,China,unknown,branch,2025-01-18T22:01,3,43.85,1,0,R-003 customer behavior deviation|R-005 opaque merchant category,0.849,suspicious
TXN-000368,CUST-0337,2398.62,USD,INTERNATIONAL_REMITTANCE,South Africa,Brazil,import_export,web,2025-06-28T17:55,3,0.59,0,0,,0.387,normal
TXN-000369,CUST-0033,298.49,USD,INTERNATIONAL_REMITTANCE,Switzerland,Switzerland,consulting,web,2025-02-04T22:01,2,0.04,0,0,,0.404,normal
TXN-000370,CUST-0493,864.0,USD,INTERNATIONAL_REMITTANCE,Cyprus,Russia,travel,web,2025-02-04T01:32,5,0.29,1,0,R-002 high-risk jurisdiction,0.59,review
TXN-000371,CUST-0376,18567.02,USD,INTERNATIONAL_REMITTANCE,France,Cayman Islands,consulting,advisor,2026-01-31T08:04,4,13.21,1,0,R-002 high-risk jurisdiction|R-003 customer behavior deviation,0.99,suspicious
TXN-000372,CUST-0451,15943.53,USD,ACH,Germany,France,travel,api,2025-11-20T01:00,1,0.15,0,0,,0.356,normal
TXN-000373,CUST-0165,15000000,USD,CRYPTO_TRANSFER,South Africa,British Virgin Islands,consulting,web,2025-08-13T23:10,4,25.19,1,1,R-002 high-risk jurisdiction|R-003 customer behavior deviation|R-004 large crypto transfer|R-005 opaque merchant category,0.99,suspicious
TXN-000374,CUST-0104,563.72,USD,CHECK,USA,USA,charity,branch,2026-02-19T04:47,1,0.14,0,0,,0.264,normal
TXN-000375,CUST-0185,69376.23,USD,ACH,Turkey,Turkey,charity,mobile,2026-02-28T16:10,3,0.35,0,0,,0.608,review
TXN-000376,CUST-0183,334.72,USD,INTERNATIONAL_REMITTANCE,USA,Switzerland,real_estate,advisor,2026-02-05T17:39,2,0.18,0,0,,0.246,normal
TXN-000377,CUST-0061,180.25,USD,CRYPTO_TRANSFER,Canada,France,travel,api,2026-03-23T05:23,1,0.04,0,1,,0.442,normal
TXN-000378,CUST-0039,255.37,USD,ACH,Germany,Germany,real_estate,advisor,2026-04-25T08:58,1,0.08,0,0,,0.254,normal
TXN-000379,CUST-0017,445.87,USD,ACH,Canada,UAE,charity,branch,2025-02-07T19:14,2,0.1,0,0,,0.442,normal
TXN-000380,CUST-0360,2210.58,USD,WIRE,South Africa,South Africa,import_export,branch,2026-04-30T04:25,3,0.33,0,0,,0.379,normal
TXN-000381,CUST-0022,1787501.3,USD,WIRE,Cyprus,Cyprus,cash_services,advisor,2026-02-05T07:46,3,47.21,0,0,R-003 customer behavior deviation,0.783,suspicious
TXN-000382,CUST-0029,7819464.55,USD,INTERNATIONAL_REMITTANCE,UAE,Cyprus,unknown,branch,2025-01-27T13:12,3,71.45,1,0,R-003 customer behavior deviation|R-005 opaque merchant category,0.99,suspicious
TXN-000383,CUST-0357,370812.28,USD,CRYPTO_TRANSFER,France,South Africa,cash_services,branch,2026-04-05T21:00,3,64.61,0,1,R-003 customer behavior deviation|R-004 large crypto transfer,0.943,suspicious
TXN-000384,CUST-0189,728.86,USD,WIRE,Mexico,Switzerland,charity,branch,2025-02-09T01:56,2,0.11,0,0,,0.224,normal
TXN-000385,CUST-0093,8484.82,USD,INTERNATIONAL_REMITTANCE,USA,China,real_estate,api,2025-02-09T08:32,3,0.08,0,0,,0.422,normal
TXN-000386,CUST-0106,1237.62,USD,CHECK,Mexico,Singapore,import_export,web,2026-03-21T22:18,1,0.28,1,0,,0.279,normal
TXN-000387,CUST-0458,287.08,USD,INTERNATIONAL_REMITTANCE,South Africa,Brazil,real_estate,web,2026-04-12T04:40,3,0.3,0,0,,0.418,normal
TXN-000388,CUST-0267,572.1,USD,CHECK,Singapore,Switzerland,cash_services,api,2025-01-11T17:01,2,0.26,0,0,,0.364,normal
TXN-000389,CUST-0139,3825.9,USD,INTERNATIONAL_REMITTANCE,Canada,UK,investment,api,2025-07-16T15:09,1,0.06,0,0,,0.295,normal
TXN-000390,CUST-0106,1195.56,USD,CHECK,Mexico,Switzerland,travel,branch,2026-02-19T20:10,2,0.27,0,0,,0.236,normal
TXN-000391,CUST-0015,1014.97,USD,INTERNATIONAL_REMITTANCE,Hong Kong,Singapore,import_export,web,2025-08-06T19:32,1,0.39,0,0,,0.211,normal
TXN-000392,CUST-0394,339.06,USD,CHECK,India,India,consulting,web,2025-05-08T18:31,2,0.08,0,0,,0.356,normal
TXN-000393,CUST-0293,1711.3,USD,INTERNATIONAL_REMITTANCE,Mexico,South Africa,consulting,web,2025-08-16T15:47,3,0.22,0,0,,0.289,normal
TXN-000394,CUST-0005,4942.84,USD,ACH,USA,UK,import_export,web,2026-05-04T02:11,1,0.62,0,0,,0.205,normal
TXN-000395,CUST-0133,2466.47,USD,WIRE,China,UK,investment,branch,2025-12-17T17:17,1,0.04,0,0,,0.317,normal
TXN-000396,CUST-0297,72883.9,USD,CASH_PAYMENT,France,British Virgin Islands,import_export,web,2025-01-23T20:29,4,0.18,1,1,R-002 high-risk jurisdiction,0.752,suspicious
TXN-000397,CUST-0056,340977.02,USD,CASH_PAYMENT,Germany,South Africa,charity,web,2025-10-20T12:40,3,42.72,1,1,R-003 customer behavior deviation|R-005 opaque merchant category,0.99,suspicious
TXN-000398,CUST-0349,80778.41,USD,WIRE,USA,USA,electronics,web,2025-08-29T10:02,1,0.88,0,0,,0.279,normal
TXN-000399,CUST-0083,438.89,USD,CARD,Hong Kong,Mexico,import_export,advisor,2026-04-27T07:20,3,0.12,0,0,,0.357,normal
TXN-000400,CUST-0299,374347.62,USD,CASH_PAYMENT,South Africa,Mexico,charity,branch,2025-09-15T19:36,3,66.73,1,1,R-003 customer behavior deviation|R-005 opaque merchant category,0.99,suspicious
TXN-000401,CUST-0376,2178.69,USD,CHECK,China,Cyprus,import_export,advisor,2025-06-12T09:11,3,1.55,0,0,,0.599,review
TXN-000402,CUST-0295,787.42,USD,ACH,Germany,Germany,charity,branch,2026-01-11T13:59,1,0.1,0,0,,0.224,normal
TXN-000403,CUST-0181,499.34,USD,CHECK,South Africa,UK,luxury_goods,mobile,2025-05-06T13:54,1,0.06,0,0,,0.263,normal
TXN-000404,CUST-0341,177148.75,USD,WIRE,UAE,Nigeria,luxury_goods,api,2025-07-29T14:22,4,27.12,1,1,R-002 high-risk jurisdiction|R-003 customer behavior deviation,0.99,suspicious
TXN-000405,CUST-0076,3224.65,USD,INTERNATIONAL_REMITTANCE,UK,UK,consulting,api,2026-01-16T03:26,1,0.39,0,0,,0.164,normal
TXN-000406,CUST-0018,279.58,USD,CRYPTO_TRANSFER,Mexico,Turkey,electronics,mobile,2025-12-31T10:00,3,0.05,0,1,,0.516,review
TXN-000407,CUST-0460,545.14,USD,CARD,Canada,Germany,electronics,api,2026-01-15T14:52,1,0.09,0,0,,0.202,normal
TXN-000408,CUST-0245,3990.01,USD,WIRE,Hong Kong,USA,travel,advisor,2025-07-14T10:56,1,0.57,0,0,,0.248,normal
TXN-000409,CUST-0261,74.28,USD,ACH,India,India,travel,web,2025-06-13T06:05,2,0.04,0,0,,0.359,normal
TXN-000410,CUST-0022,2624.39,USD,INTERNATIONAL_REMITTANCE,Cyprus,Cyprus,real_estate,mobile,2025-05-21T16:36,3,0.07,0,0,,0.485,review
TXN-000411,CUST-0454,276898.32,USD,CRYPTO_TRANSFER,UAE,UAE,real_estate,mobile,2025-10-10T17:21,2,0.4,0,1,R-004 large crypto transfer,0.658,review
TXN-000412,CUST-0015,465.43,USD,INTERNATIONAL_REMITTANCE,Hong Kong,Singapore,electronics,advisor,2025-09-24T04:18,1,0.18,0,0,,0.221,normal
TXN-000413,CUST-0152,283.79,USD,INTERNATIONAL_REMITTANCE,UK,UAE,real_estate,web,2026-02-11T07:35,2,0.16,0,0,,0.348,normal
TXN-000414,CUST-0168,210742.37,USD,CASH_PAYMENT,Singapore,Brazil,luxury_goods,api,2025-02-21T17:47,3,33.5,1,1,R-003 customer behavior deviation,0.971,suspicious
TXN-000415,CUST-0431,5016.91,USD,CHECK,UAE,USA,charity,api,2025-05-16T16:02,1,0.62,1,0,,0.264,normal
TXN-000416,CUST-0417,77444.19,USD,CASH_PAYMENT,France,France,electronics,branch,2025-09-09T19:02,1,0.17,0,1,,0.451,review
TXN-000417,CUST-0364,694.85,USD,CARD,Singapore,Singapore,import_export,api,2026-05-04T06:08,1,0.14,0,0,,0.28,normal
TXN-000418,CUST-0431,746.35,USD,CHECK,UAE,Brazil,consulting,api,2025-04-23T03:50,3,0.09,0,0,,0.39,normal
TXN-000419,CUST-0460,471.4,USD,WIRE,Germany,Canada,electronics,web,2026-02-01T16:30,1,0.08,0,1,,0.348,normal
TXN-000420,CUST-0443,1155.85,USD,CARD,USA,France,import_export,branch,2025-05-14T23:02,1,0.14,0,0,,0.193,normal
TXN-000421,CUST-0201,403.27,USD,CHECK,Hong Kong,Hong Kong,consulting,branch,2025-07-29T07:33,2,0.14,0,0,,0.333,normal
TXN-000422,CUST-0086,2169.37,USD,CARD,India,Switzerland,electronics,branch,2026-02-04T11:22,2,0.26,1,0,,0.612,review
TXN-000423,CUST-0393,296.23,USD,CARD,China,South Africa,luxury_goods,web,2025-06-19T14:06,3,0.07,1,0,,0.471,review
TXN-000424,CUST-0376,514.13,USD,CARD,France,China,investment,web,2025-11-20T23:29,3,0.37,0,0,,0.581,review
TXN-000425,CUST-0140,626.24,USD,INTERNATIONAL_REMITTANCE,Mexico,Mexico,real_estate,branch,2026-01-06T00:00,3,0.35,0,0,,0.405,normal
TXN-000426,CUST-0213,428819.53,USD,CRYPTO_TRANSFER,Singapore,South Africa,real_estate,branch,2025-04-10T20:40,3,68.13,0,1,R-003 customer behavior deviation|R-004 large crypto transfer,0.947,suspicious
TXN-000427,CUST-0402,1135.09,USD,INTERNATIONAL_REMITTANCE,UAE,Germany,consulting,api,2025-02-17T07:35,1,0.17,0,0,,0.282,normal
TXN-000428,CUST-0288,67.47,USD,WIRE,France,Brazil,travel,api,2025-08-20T07:38,3,0.06,0,0,,0.394,normal
TXN-000429,CUST-0013,228.42,USD,INTERNATIONAL_REMITTANCE,UK,Turkey,real_estate,branch,2025-04-17T16:43,3,0.09,0,0,,0.388,normal
TXN-000430,CUST-0043,155163.77,USD,CRYPTO_TRANSFER,South Africa,Brazil,cash_services,branch,2025-07-30T10:37,3,57.4,1,1,R-003 customer behavior deviation,0.99,suspicious
TXN-000431,CUST-0428,142191.55,USD,INTERNATIONAL_REMITTANCE,India,China,consulting,branch,2026-01-22T19:11,3,32.32,1,0,R-003 customer behavior deviation|R-005 opaque merchant category,0.888,suspicious
TXN-000432,CUST-0280,1363.79,USD,CARD,UK,Cyprus,electronics,branch,2025-07-12T04:20,3,0.4,0,0,,0.438,normal
TXN-000433,CUST-0083,315.88,USD,CARD,Hong Kong,Mexico,luxury_goods,api,2025-03-13T18:40,3,0.08,0,0,,0.361,normal
TXN-000434,CUST-0005,1170.77,USD,WIRE,UK,British Virgin Islands,luxury_goods,advisor,2025-05-29T17:51,4,0.15,1,0,R-002 high-risk jurisdiction,0.585,review
TXN-000435,CUST-0412,2330.78,USD,CARD,China,India,luxury_goods,mobile,2026-01-02T16:10,2,0.32,0,0,,0.275,normal
TXN-000436,CUST-0214,271.99,USD,ACH,Mexico,Mexico,luxury_goods,advisor,2025-06-29T21:43,3,0.1,0,0,,0.353,normal
TXN-000437,CUST-0116,669.54,USD,CRYPTO_TRANSFER,Mexico,Singapore,charity,advisor,2025-10-31T05:12,1,0.11,0,1,,0.38,normal
TXN-000438,CUST-0111,13492.29,USD,WIRE,Switzerland,UK,cash_services,advisor,2025-03-28T00:05,1,0.11,0,0,,0.234,normal
TXN-000439,CUST-0111,8719541.82,USD,CRYPTO_TRANSFER,Switzerland,British Virgin Islands,cash_services,web,2025-06-15T02:39,4,73.29,1,1,R-002 high-risk jurisdiction|R-003 customer behavior deviation|R-004 large crypto transfer,0.99,suspicious
TXN-000440,CUST-0027,4415112.42,USD,INTERNATIONAL_REMITTANCE,Switzerland,Mexico,consulting,api,2025-05-04T19:07,3,73.61,1,1,R-003 customer behavior deviation|R-005 opaque merchant category,0.914,suspicious
TXN-000441,CUST-0397,1231.14,USD,CARD,India,India,consulting,mobile,2026-03-07T14:55,2,0.16,0,0,,0.266,normal
TXN-000442,CUST-0251,24933.83,USD,CHECK,Turkey,Turkey,travel,api,2025-04-20T21:03,3,0.11,0,0,,0.43,normal
TXN-000443,CUST-0472,900.5,USD,CHECK,India,India,charity,advisor,2025-10-28T10:35,2,0.14,0,0,,0.281,normal
TXN-000444,CUST-0467,210.52,USD,INTERNATIONAL_REMITTANCE,UK,China,investment,web,2026-03-18T16:04,3,0.2,0,0,,0.428,normal
TXN-000445,CUST-0324,15.05,USD,INTERNATIONAL_REMITTANCE,Switzerland,Singapore,luxury_goods,advisor,2026-03-22T04:29,1,0.02,0,0,,0.188,normal
TXN-000446,CUST-0428,230.93,USD,INTERNATIONAL_REMITTANCE,India,Mexico,travel,advisor,2026-04-27T22:40,3,0.05,0,0,,0.372,normal
TXN-000447,CUST-0429,2341.83,USD,INTERNATIONAL_REMITTANCE,India,Switzerland,charity,advisor,2025-09-16T13:58,2,0.26,0,0,,0.252,normal
TXN-000448,CUST-0383,1673.26,USD,INTERNATIONAL_REMITTANCE,UK,UK,cash_services,advisor,2025-03-01T03:05,1,0.42,0,0,,0.238,normal
TXN-000449,CUST-0045,3479.66,USD,CARD,UAE,Brazil,consulting,mobile,2026-01-18T04:31,3,1.05,0,0,,0.366,normal
TXN-000450,CUST-0195,574.82,USD,ACH,Brazil,UK,luxury_goods,mobile,2025-05-13T23:48,1,0.1,0,0,,0.172,normal
TXN-000451,CUST-0048,879.52,USD,ACH,Singapore,Germany,investment,mobile,2025-07-17T05:18,1,0.2,0,0,,0.345,normal
TXN-000452,CUST-0108,795.39,USD,CHECK,USA,Germany,import_export,branch,2025-05-13T07:26,1,0.13,0,0,,0.208,normal
TXN-000453,CUST-0017,805.38,USD,ACH,South Africa,Canada,electronics,advisor,2025-10-29T01:09,1,0.18,0,0,,0.294,normal
TXN-000454,CUST-0054,646.71,USD,CHECK,Germany,Cyprus,luxury_goods,web,2025-10-07T06:21,3,0.14,0,0,,0.398,normal
TXN-000455,CUST-0225,858.71,USD,CARD,France,UK,travel,web,2025-09-05T23:09,1,0.14,0,0,,0.239,normal
TXN-000456,CUST-0021,3907.83,USD,CHECK,China,UK,investment,advisor,2025-09-20T05:40,1,0.55,0,1,,0.348,normal
TXN-000457,CUST-0454,213660.63,USD,WIRE,UAE,Russia,investment,web,2025-06-08T04:49,5,0.31,1,0,R-002 high-risk jurisdiction,0.842,suspicious
TXN-000458,CUST-0235,14224.52,USD,WIRE,Mexico,Mexico,charity,mobile,2025-08-12T03:04,3,0.14,0,0,,0.44,normal
TXN-000459,CUST-0079,44651.97,USD,ACH,Switzerland,Mexico,cash_services,mobile,2025-07-12T15:49,3,0.37,0,0,,0.474,review
TXN-000460,CUST-0391,84835.11,USD,ACH,Hong Kong,Switzerland,electronics,api,2025-02-06T11:50,2,0.13,1,0,,0.423,normal
TXN-000461,CUST-0380,94.26,USD,CARD,Canada,Canada,charity,branch,2025-09-13T06:24,1,0.09,0,0,,0.136,normal
TXN-000462,CUST-0155,462.67,USD,WIRE,Hong Kong,Hong Kong,consulting,branch,2025-04-02T05:34,2,0.08,0,0,,0.246,normal
TXN-000463,CUST-0265,1179.74,USD,CARD,Switzerland,Mexico,luxury_goods,branch,2025-03-07T19:36,3,0.16,0,0,,0.366,normal
TXN-000464,CUST-0352,9341.22,USD,INTERNATIONAL_REMITTANCE,Brazil,Mexico,cash_services,branch,2025-07-10T16:09,3,0.1,0,0,,0.382,normal
TXN-000465,CUST-0433,259.27,USD,CARD,UK,Iran,luxury_goods,branch,2025-06-22T20:08,5,0.07,1,0,R-002 high-risk jurisdiction,0.654,review
TXN-000466,CUST-0264,9164.14,USD,INTERNATIONAL_REMITTANCE,South Africa,UK,travel,api,2026-04-01T20:27,1,0.31,0,0,,0.221,normal
TXN-000467,CUST-0130,2884.79,USD,CHECK,Switzerland,Switzerland,investment,api,2025-06-16T10:09,2,0.5,0,0,,0.284,normal
TXN-000468,CUST-0306,388186.17,USD,INTERNATIONAL_REMITTANCE,Germany,South Africa,charity,web,2025-10-01T03:13,3,67.21,1,1,R-003 customer behavior deviation|R-005 opaque merchant category,0.873,suspicious
TXN-000469,CUST-0075,753.3,USD,CRYPTO_TRANSFER,Switzerland,Panama,cash_services,advisor,2025-02-09T11:08,4,0.15,1,1,R-002 high-risk jurisdiction,0.741,suspicious
TXN-000470,CUST-0076,7850.17,USD,WIRE,France,France,electronics,api,2025-04-05T08:46,1,0.95,0,0,,0.247,normal
TXN-000471,CUST-0381,25556.48,USD,WIRE,UAE,UAE,import_export,advisor,2025-12-22T01:40,2,0.4,0,0,,0.313,normal
TXN-000472,CUST-0243,3080.52,USD,CHECK,UAE,UAE,electronics,branch,2025-12-14T09:43,2,0.4,0,0,,0.299,normal
TXN-000473,CUST-0209,574.15,USD,INTERNATIONAL_REMITTANCE,Hong Kong,Singapore,charity,branch,2025-01-10T11:04,1,0.55,0,0,,0.183,normal
TXN-000474,CUST-0314,1477.09,USD,WIRE,Singapore,Singapore,investment,advisor,2025-06-24T10:54,1,1.0,0,0,,0.207,normal
TXN-000475,CUST-0228,215556.12,USD,CRYPTO_TRANSFER,Mexico,Brazil,real_estate,web,2025-05-11T13:45,3,77.62,1,1,R-003 customer behavior deviation,0.967,suspicious
TXN-000476,CUST-0437,169.09,USD,INTERNATIONAL_REMITTANCE,UAE,Germany,consulting,web,2025-08-20T23:01,1,0.05,1,0,,0.325,normal
TXN-000477,CUST-0080,7168.29,USD,ACH,Singapore,Singapore,cash_services,advisor,2025-07-12T18:20,1,0.08,0,0,,0.185,normal
TXN-000478,CUST-0311,504.04,USD,CARD,Cyprus,South Africa,electronics,mobile,2025-07-29T12:00,3,0.07,0,0,,0.626,review
TXN-000479,CUST-0215,22435.9,USD,WIRE,Germany,Mexico,electronics,mobile,2026-01-23T15:50,3,0.04,0,0,,0.561,review
TXN-000480,CUST-0474,2235.98,USD,CHECK,China,France,real_estate,mobile,2025-10-25T22:17,1,0.35,0,0,,0.23,normal
TXN-000481,CUST-0215,154092.53,USD,WIRE,Canada,UK,travel,branch,2025-03-27T19:25,1,0.28,0,0,,0.447,normal
TXN-000482,CUST-0351,184056.9,USD,INTERNATIONAL_REMITTANCE,Hong Kong,Iran,charity,web,2025-07-08T08:10,5,36.48,1,1,R-002 high-risk jurisdiction|R-003 customer behavior deviation|R-005 opaque merchant category,0.99,suspicious
TXN-000483,CUST-0480,813.26,USD,WIRE,France,Hong Kong,charity,api,2025-05-04T06:02,2,0.1,0,0,,0.335,normal
TXN-000484,CUST-0257,378.94,USD,CHECK,Canada,Cyprus,cash_services,advisor,2025-02-06T14:14,3,0.04,0,0,,0.541,review
TXN-000485,CUST-0453,1730.61,USD,ACH,UK,Singapore,electronics,web,2026-01-29T01:21,1,0.26,0,0,,0.189,normal
TXN-000486,CUST-0367,536.26,USD,WIRE,China,Germany,real_estate,advisor,2025-03-28T12:30,1,0.23,0,0,,0.181,normal
TXN-000487,CUST-0174,707547.29,USD,CRYPTO_TRANSFER,Switzerland,Brazil,luxury_goods,api,2025-11-25T23:40,3,25.66,1,1,R-003 customer behavior deviation|R-004 large crypto transfer,0.99,suspicious
TXN-000488,CUST-0461,5478.1,USD,ACH,Mexico,Cyprus,consulting,web,2026-01-25T04:46,3,0.76,0,0,,0.424,normal
TXN-000489,CUST-0148,5353857.72,USD,WIRE,Cyprus,China,consulting,api,2025-10-18T21:38,3,79.81,1,0,R-003 customer behavior deviation|R-005 opaque merchant category,0.836,suspicious
TXN-000490,CUST-0366,3465.27,USD,INTERNATIONAL_REMITTANCE,China,China,charity,web,2026-03-12T07:13,3,0.05,0,0,,0.408,normal
TXN-000491,CUST-0076,391.47,USD,CARD,USA,UK,luxury_goods,web,2025-09-25T12:46,1,0.05,0,0,,0.187,normal
TXN-000492,CUST-0475,340.73,USD,WIRE,Turkey,Turkey,charity,web,2025-04-16T07:39,3,0.06,0,0,,0.306,normal
TXN-000493,CUST-0312,3824.63,USD,ACH,South Africa,Germany,charity,advisor,2025-04-14T12:24,1,0.56,0,0,,0.216,normal
TXN-000494,CUST-0205,3988.2,USD,ACH,Hong Kong,Hong Kong,import_export,api,2025-05-06T08:44,2,0.64,0,1,,0.43,normal
TXN-000495,CUST-0094,15971.12,USD,WIRE,Switzerland,Mexico,consulting,advisor,2026-01-16T06:29,3,0.22,0,0,,0.482,review
TXN-000496,CUST-0470,6219731.13,USD,WIRE,Turkey,South Africa,charity,branch,2025-05-05T19:59,3,81.77,1,0,R-003 customer behavior deviation|R-005 opaque merchant category,0.849,suspicious
TXN-000497,CUST-0245,1489.03,USD,WIRE,Hong Kong,USA,real_estate,api,2025-04-12T03:24,1,0.21,0,0,,0.253,normal
TXN-000498,CUST-0111,6747.14,USD,CARD,Switzerland,UK,cash_services,advisor,2025-05-09T13:53,1,0.06,0,0,,0.211,normal
TXN-000499,CUST-0253,377.02,USD,CHECK,Germany,Germany,consulting,web,2025-11-17T15:01,1,0.1,0,0,,0.166,normal
TXN-000500,CUST-0388,631.46,USD,CARD,China,Brazil,electronics,branch,2025-06-05T03:13,3,0.16,1,0,,0.563,review
TXN-000501,CUST-0227,5398.46,USD,CHECK,Cyprus,Singapore,import_export,web,2025-06-13T18:06,1,0.77,0,0,,0.207,normal
TXN-000502,CUST-0351,1220.36,USD,CARD,Mexico,Mexico,luxury_goods,mobile,2025-06-16T17:37,3,0.24,0,0,,0.443,normal
TXN-000503,CUST-0335,20697.71,USD,WIRE,South Africa,South Africa,luxury_goods,web,2025-06-20T12:04,3,0.11,0,0,,0.42,normal
TXN-000504,CUST-0162,9459.78,USD,INTERNATIONAL_REMITTANCE,UAE,UAE,luxury_goods,web,2026-01-28T09:21,2,0.14,0,0,,0.26,normal
TXN-000505,CUST-0361,15882.27,USD,CARD,Turkey,Turkey,import_export,web,2026-02-13T07:20,3,0.23,0,0,,0.45,normal
TXN-000506,CUST-0226,45.44,USD,CRYPTO_TRANSFER,Switzerland,UAE,electronics,branch,2026-05-07T16:37,2,0.08,0,1,,0.414,normal
TXN-000507,CUST-0311,761.17,USD,CARD,Cyprus,Turkey,travel,branch,2025-07-31T05:10,3,0.1,0,0,,0.642,review
TXN-000508,CUST-0302,73.9,USD,CARD,UAE,UAE,import_export,web,2026-02-23T09:56,2,0.1,0,0,,0.555,review
TXN-000509,CUST-0072,1356.78,USD,CHECK,Canada,Canada,travel,mobile,2025-04-27T15:43,1,0.26,0,0,,0.168,normal
TXN-000510,CUST-0102,37326.36,USD,ACH,UAE,Switzerland,electronics,api,2026-02-17T16:36,2,0.25,0,0,,0.372,normal
TXN-000511,CUST-0426,120490.18,USD,INTERNATIONAL_REMITTANCE,Brazil,Brazil,cash_services,advisor,2025-10-22T11:23,3,0.57,0,1,,0.483,review
TXN-000512,CUST-0377,28633.77,USD,CASH_PAYMENT,China,South Africa,unknown,web,2025-10-21T15:59,3,12.83,1,1,R-003 customer behavior deviation,0.944,suspicious
TXN-000513,CUST-0098,39956.15,USD,WIRE,Canada,India,real_estate,web,2025-11-28T19:38,2,0.33,0,0,,0.265,normal
TXN-000514,CUST-0271,30986.22,USD,ACH,China,Cyprus,electronics,web,2025-05-13T07:36,3,0.43,0,0,,0.439,normal
TXN-000515,CUST-0394,624.77,USD,INTERNATIONAL_REMITTANCE,India,UAE,charity,mobile,2025-04-16T10:31,2,0.14,0,1,,0.423,normal
TXN-000516,CUST-0014,199.24,USD,CRYPTO_TRANSFER,South Africa,South Africa,charity,mobile,2025-03-25T14:28,3,0.07,0,1,,0.718,suspicious
TXN-000517,CUST-0120,3873.08,USD,ACH,Turkey,Switzerland,cash_services,branch,2026-03-14T07:07,2,0.09,0,0,,0.307,normal
TXN-000518,CUST-0229,63.7,USD,WIRE,South Africa,South Africa,import_export,advisor,2025-03-25T07:09,3,0.02,0,0,,0.353,normal
TXN-000519,CUST-0251,32232.73,USD,WIRE,Singapore,Turkey,investment,api,2025-07-14T14:20,3,0.14,0,0,,0.412,normal
TXN-000520,CUST-0440,2247838.79,USD,CASH_PAYMENT,Singapore,Nigeria,real_estate,advisor,2025-04-28T23:56,4,35.63,1,1,R-002 high-risk jurisdiction|R-003 customer behavior deviation,0.99,suspicious
TXN-000521,CUST-0330,74663.33,USD,ACH,China,China,investment,branch,2026-03-20T22:33,3,0.31,0,0,,0.359,normal
TXN-000522,CUST-0317,417.97,USD,INTERNATIONAL_REMITTANCE,UK,India,real_estate,web,2025-01-16T16:58,2,0.09,1,0,,0.516,review
TXN-000523,CUST-0207,466.07,USD,WIRE,South Africa,Brazil,luxury_goods,branch,2025-01-24T18:24,3,0.38,0,0,,0.357,normal
TXN-000524,CUST-0307,29893.78,USD,ACH,India,France,cash_services,branch,2025-08-01T18:19,1,0.1,0,0,,0.519,review
TXN-000525,CUST-0439,1860.68,USD,INTERNATIONAL_REMITTANCE,China,India,real_estate,advisor,2025-09-10T19:29,2,0.22,0,0,,0.227,normal
TXN-000526,CUST-0113,13570.05,USD,INTERNATIONAL_REMITTANCE,Germany,France,real_estate,advisor,2025-04-26T08:33,1,0.28,0,0,,0.247,normal
TXN-000527,CUST-0338,289.32,USD,ACH,Switzerland,Switzerland,electronics,web,2025-12-05T04:57,2,0.29,0,0,,0.288,normal
TXN-000528,CUST-0479,3187.26,USD,WIRE,India,India,investment,mobile,2025-03-24T13:32,2,1.01,0,1,,0.335,normal
TXN-000529,CUST-0293,2497.81,USD,CHECK,India,India,consulting,api,2025-03-02T09:32,2,0.32,0,0,,0.287,normal
TXN-000530,CUST-0264,547.79,USD,INTERNATIONAL_REMITTANCE,UK,Canada,travel,branch,2025-02-02T12:28,1,0.02,0,0,,0.184,normal
TXN-000531,CUST-0014,226.67,USD,INTERNATIONAL_REMITTANCE,South Africa,UAE,travel,mobile,2025-08-20T14:53,2,0.08,0,0,,0.406,normal
TXN-000532,CUST-0482,449547.5,USD,CRYPTO_TRANSFER,Canada,South Africa,unknown,advisor,2025-03-14T23:13,3,78.69,1,1,R-003 customer behavior deviation|R-004 large crypto transfer|R-005 opaque merchant category,0.975,suspicious
TXN-000533,CUST-0009,966.13,USD,INTERNATIONAL_REMITTANCE,India,Mexico,charity,advisor,2025-07-11T05:25,3,0.35,0,0,,0.335,normal
TXN-000534,CUST-0085,1893.99,USD,INTERNATIONAL_REMITTANCE,France,UAE,consulting,mobile,2026-05-07T13:40,2,0.33,1,0,,0.405,normal
TXN-000535,CUST-0462,3725.31,USD,INTERNATIONAL_REMITTANCE,UAE,France,consulting,advisor,2026-04-18T20:55,1,0.13,0,0,,0.308,normal
TXN-000536,CUST-0035,324869.74,USD,INTERNATIONAL_REMITTANCE,USA,British Virgin Islands,charity,web,2026-02-07T05:26,4,39.88,1,0,R-002 high-risk jurisdiction|R-003 customer behavior deviation|R-005 opaque merchant category,0.99,suspicious
TXN-000537,CUST-0201,265.8,USD,INTERNATIONAL_REMITTANCE,South Africa,China,luxury_goods,branch,2025-08-16T04:51,3,0.09,0,0,,0.424,normal
TXN-000538,CUST-0390,1454.75,USD,WIRE,South Africa,South Africa,real_estate,web,2025-03-20T02:24,3,0.25,0,0,,0.475,review
TXN-000539,CUST-0387,1085.67,USD,WIRE,UAE,Nigeria,cash_services,branch,2025-10-27T05:44,4,0.12,1,0,R-002 high-risk jurisdiction,0.631,review
TXN-000540,CUST-0355,430.01,USD,CRYPTO_TRANSFER,Cyprus,Canada,cash_services,mobile,2025-08-04T01:56,1,0.16,0,1,,0.381,normal
TXN-000541,CUST-0443,8830.6,USD,CARD,India,China,real_estate,web,2025-02-21T16:34,3,1.08,1,0,,0.483,review
TXN-000542,CUST-0254,14414.11,USD,CHECK,Germany,Brazil,import_export,api,2025-01-22T20:32,3,0.15,1,0,,0.483,review
TXN-000543,CUST-0430,1839.24,USD,ACH,Brazil,India,electronics,advisor,2026-01-03T01:21,2,0.79,0,0,,0.308,normal
TXN-000544,CUST-0404,13669.11,USD,ACH,USA,Switzerland,investment,api,2025-10-18T06:10,2,0.11,0,0,,0.304,normal
TXN-000545,CUST-0485,822.27,USD,WIRE,Brazil,India,travel,web,2026-05-14T08:29,2,0.1,0,0,,0.257,normal
TXN-000546,CUST-0402,293835.32,USD,WIRE,China,Russia,charity,web,2026-01-15T13:41,5,43.95,1,0,R-002 high-risk jurisdiction|R-003 customer behavior deviation|R-005 opaque merchant category,0.99,suspicious
TXN-000547,CUST-0400,153.38,USD,INTERNATIONAL_REMITTANCE,Hong Kong,Brazil,real_estate,branch,2025-07-27T10:40,3,0.09,0,0,,0.361,normal
TXN-000548,CUST-0328,168.08,USD,CARD,South Africa,Cyprus,luxury_goods,web,2025-06-15T00:32,3,0.13,0,0,,0.414,normal
TXN-000549,CUST-0298,1486.93,USD,CHECK,Singapore,Switzerland,real_estate,mobile,2025-12-31T20:24,2,0.17,0,0,,0.45,normal
TXN-000550,CUST-0340,2604.0,USD,CHECK,Switzerland,Brazil,consulting,branch,2025-06-15T07:40,3,0.05,0,0,,0.459,review
TXN-000551,CUST-0021,1718.77,USD,ACH,UK,UK,investment,mobile,2025-05-05T00:42,1,0.24,0,0,,0.254,normal
TXN-000552,CUST-0248,325.48,USD,INTERNATIONAL_REMITTANCE,Hong Kong,Hong Kong,electronics,advisor,2025-12-28T12:25,2,0.13,0,0,,0.361,normal
TXN-000553,CUST-0135,179.3,USD,ACH,India,India,travel,mobile,2025-05-07T18:22,2,0.01,0,0,,0.521,review
TXN-000554,CUST-0050,694.07,USD,INTERNATIONAL_REMITTANCE,Hong Kong,China,import_export,web,2025-08-27T09:11,3,0.39,0,0,,0.359,normal
TXN-000555,CUST-0028,4663.4,USD,WIRE,UK,Cyprus,investment,advisor,2025-09-02T05:02,3,0.13,0,0,,0.333,normal
TXN-000556,CUST-0182,582980.41,USD,WIRE,Singapore,China,real_estate,branch,2025-08-09T04:33,3,66.1,1,1,R-003 customer behavior deviation,0.99,suspicious
TXN-000557,CUST-0111,7935.61,USD,ACH,UK,Switzerland,import_export,mobile,2026-03-18T00:13,2,0.07,0,0,,0.336,normal
TXN-000558,CUST-0028,4602.73,USD,WIRE,Cyprus,Iran,charity,mobile,2025-11-04T06:07,5,0.13,1,0,R-002 high-risk jurisdiction,0.705,suspicious
TXN-000559,CUST-0016,1354.69,USD,WIRE,France,France,electronics,api,2025-03-12T11:43,1,0.17,0,0,,0.282,normal
TXN-000560,CUST-0160,106.84,USD,ACH,Hong Kong,Brazil,travel,branch,2026-01-20T03:12,3,0.17,0,0,,0.363,normal
TXN-000561,CUST-0011,164.72,USD,WIRE,UK,Cyprus,travel,branch,2025-06-06T00:56,3,0.04,0,0,,0.403,normal
TXN-000562,CUST-0291,285.46,USD,CASH_PAYMENT,Hong Kong,Mexico,travel,mobile,2025-04-01T15:02,3,0.05,0,1,,0.541,review
TXN-000563,CUST-0451,19129.17,USD,ACH,France,Germany,consulting,web,2025-06-28T23:18,1,0.18,0,0,,0.268,normal
TXN-000564,CUST-0266,142.57,USD,CRYPTO_TRANSFER,Singapore,France,real_estate,api,2025-06-23T08:24,1,0.08,0,1,,0.384,normal
TXN-000565,CUST-0123,32322.44,USD,CASH_PAYMENT,India,Canada,real_estate,advisor,2025-02-16T22:38,1,0.16,0,1,,0.405,normal
TXN-000566,CUST-0467,226.42,USD,CARD,Singapore,France,charity,api,2026-04-29T21:22,1,0.21,0,0,,0.2,normal
TXN-000567,CUST-0223,560.69,USD,WIRE,India,Turkey,consulting,api,2025-09-28T01:25,3,0.16,0,0,,0.362,normal
TXN-000568,CUST-0046,25659.25,USD,CHECK,Singapore,Germany,investment,advisor,2026-05-10T10:20,1,0.6,0,0,,0.239,normal
TXN-000569,CUST-0181,1372.49,USD,CARD,UK,South Africa,cash_services,branch,2026-04-02T07:33,3,0.17,0,0,,0.429,normal
TXN-000570,CUST-0038,26487.51,USD,CASH_PAYMENT,South Africa,South Africa,consulting,branch,2026-04-09T08:12,3,0.16,0,1,,0.584,review
TXN-000571,CUST-0469,111629.97,USD,CARD,Switzerland,China,consulting,mobile,2025-12-15T19:28,3,0.36,0,0,R-005 opaque merchant category,0.39,normal
TXN-000572,CUST-0462,7454.88,USD,WIRE,Brazil,Brazil,charity,web,2025-05-10T20:29,3,0.27,0,0,,0.4,normal
TXN-000573,CUST-0355,741.55,USD,INTERNATIONAL_REMITTANCE,Cyprus,Brazil,luxury_goods,branch,2025-02-04T06:15,3,0.28,0,0,,0.351,normal
TXN-000574,CUST-0086,450.9,USD,WIRE,India,Turkey,consulting,web,2026-01-25T04:04,3,0.05,1,0,,0.625,review
TXN-000575,CUST-0454,509427.23,USD,WIRE,UAE,UAE,cash_services,api,2025-02-27T07:48,2,0.73,0,0,,0.399,normal
TXN-000576,CUST-0199,51946.96,USD,INTERNATIONAL_REMITTANCE,China,UAE,investment,api,2026-01-29T07:10,2,1.2,0,0,,0.428,normal
TXN-000577,CUST-0023,3826.17,USD,CARD,UAE,Singapore,electronics,branch,2025-03-20T09:57,1,0.45,1,0,,0.345,normal
TXN-000578,CUST-0116,270.71,USD,WIRE,Singapore,Singapore,import_export,advisor,2025-10-13T05:29,1,0.05,0,0,,0.204,normal
TXN-000579,CUST-0494,995.36,USD,CARD,Mexico,Cyprus,luxury_goods,branch,2025-12-17T07:58,3,0.17,0,1,,0.41,normal
TXN-000580,CUST-0002,2840.3,USD,INTERNATIONAL_REMITTANCE,UAE,UAE,import_export,advisor,2025-01-11T22:08,2,1.2,0,0,,0.353,normal
TXN-000581,CUST-0244,1325.05,USD,CASH_PAYMENT,South Africa,South Africa,consulting,api,2025-11-22T15:31,3,0.22,0,1,,0.52,review
TXN-000582,CUST-0461,365528.17,USD,CRYPTO_TRANSFER,Mexico,Turkey,consulting,web,2026-05-09T13:15,3,50.6,1,1,R-003 customer behavior deviation|R-004 large crypto transfer|R-005 opaque merchant category,0.99,suspicious
TXN-000583,CUST-0452,854.15,USD,CARD,Germany,Singapore,luxury_goods,api,2025-04-17T13:51,1,0.31,0,0,,0.212,normal
TXN-000584,CUST-0214,102.47,USD,ACH,Mexico,Canada,import_export,mobile,2025-05-06T07:24,1,0.04,0,0,,0.21,normal
TXN-000585,CUST-0292,191511.22,USD,INTERNATIONAL_REMITTANCE,Switzerland,Brazil,consulting,web,2025-07-21T04:49,3,0.82,0,0,R-005 opaque merchant category,0.459,review
TXN-000586,CUST-0278,14.91,USD,CARD,UK,Singapore,import_export,web,2025-12-04T13:07,1,0.03,0,0,,0.255,normal
TXN-000587,CUST-0222,3882.28,USD,CHECK,Switzerland,Switzerland,luxury_goods,advisor,2025-07-25T19:37,2,0.13,0,0,,0.351,normal
TXN-000588,CUST-0102,4791107.72,USD,CRYPTO_TRANSFER,Switzerland,Cyprus,consulting,advisor,2025-12-13T03:18,3,31.9,1,1,R-003 customer behavior deviation|R-004 large crypto transfer|R-005 opaque merchant category,0.99,suspicious
TXN-000589,CUST-0044,279160.03,USD,WIRE,UK,Panama,consulting,branch,2025-04-14T05:08,4,83.21,1,1,R-002 high-risk jurisdiction|R-003 customer behavior deviation|R-005 opaque merchant category,0.99,suspicious
TXN-000590,CUST-0158,88.95,USD,CHECK,Canada,UK,consulting,web,2026-02-15T19:10,1,0.02,0,0,,0.17,normal
TXN-000591,CUST-0451,4365681.72,USD,INTERNATIONAL_REMITTANCE,Germany,South Africa,unknown,web,2025-11-18T16:01,3,40.29,1,0,R-003 customer behavior deviation|R-005 opaque merchant category,0.956,suspicious
TXN-000592,CUST-0144,14151.22,USD,CHECK,China,Germany,electronics,api,2025-03-29T00:40,1,0.22,0,0,,0.241,normal
TXN-000593,CUST-0419,814.96,USD,CRYPTO_TRANSFER,USA,UAE,real_estate,web,2025-02-05T06:02,2,0.14,0,1,,0.417,normal
TXN-000594,CUST-0154,92.4,USD,INTERNATIONAL_REMITTANCE,China,China,electronics,branch,2025-07-06T08:37,3,0.05,0,0,,0.371,normal
TXN-000595,CUST-0144,7785.2,USD,CHECK,China,China,investment,web,2026-01-19T22:24,3,0.12,0,0,,0.383,normal
TXN-000596,CUST-0042,4539.6,USD,INTERNATIONAL_REMITTANCE,Mexico,Mexico,electronics,web,2025-07-07T17:29,3,0.19,0,0,,0.419,normal
TXN-000597,CUST-0402,1578.74,USD,INTERNATIONAL_REMITTANCE,UK,China,consulting,web,2026-04-13T15:21,3,0.24,0,0,,0.437,normal
TXN-000598,CUST-0044,354.56,USD,CHECK,UK,France,investment,branch,2026-03-22T21:04,1,0.11,0,0,,0.19,normal
TXN-000599,CUST-0299,2552.16,USD,CARD,Hong Kong,South Africa,luxury_goods,branch,2026-04-16T02:46,3,0.45,0,0,,0.305,normal
TXN-000600,CUST-0368,126.44,USD,ACH,USA,USA,luxury_goods,advisor,2025-05-28T23:04,1,0.07,0,0,,0.247,normal
TXN-000601,CUST-0441,463292.31,USD,CASH_PAYMENT,South Africa,Panama,charity,web,2025-03-15T18:30,4,20.72,1,1,R-002 high-risk jurisdiction|R-003 customer behavior deviation|R-005 opaque merchant category,0.99,suspicious
TXN-000602,CUST-0097,32245.31,USD,CARD,USA,USA,electronics,mobile,2025-11-04T14:04,1,0.23,0,0,,0.443,normal
TXN-000603,CUST-0147,789.09,USD,CARD,France,France,luxury_goods,web,2025-02-01T02:08,1,0.1,0,0,,0.178,normal
TXN-000604,CUST-0463,33638.76,USD,CARD,Singapore,Singapore,travel,branch,2025-12-24T23:14,1,0.43,0,0,,0.283,normal
TXN-000605,CUST-0492,1173413.44,USD,INTERNATIONAL_REMITTANCE,Turkey,Turkey,real_estate,api,2025-07-09T17:03,3,27.31,0,0,R-003 customer behavior deviation,0.773,suspicious
TXN-000606,CUST-0251,43059.24,USD,CHECK,Turkey,Turkey,cash_services,api,2025-08-20T05:12,3,0.19,0,0,,0.382,normal
TXN-000607,CUST-0385,366.75,USD,INTERNATIONAL_REMITTANCE,Cyprus,Cyprus,luxury_goods,api,2025-10-31T06:16,3,0.33,0,0,,0.327,normal
TXN-000608,CUST-0009,210.85,USD,INTERNATIONAL_REMITTANCE,UK,UK,charity,mobile,2025-11-07T17:02,1,0.08,0,0,,0.21,normal
TXN-000609,CUST-0486,1212.65,USD,CARD,France,France,consulting,api,2025-05-01T17:42,1,0.16,0,0,,0.25,normal
TXN-000610,CUST-0412,882.17,USD,CARD,China,India,real_estate,advisor,2025-03-08T18:04,2,0.12,0,0,,0.303,normal
TXN-000611,CUST-0372,19481.72,USD,ACH,UK,Hong Kong,electronics,web,2025-04-18T11:08,2,0.23,0,0,,0.398,normal
TXN-000612,CUST-0466,1285.0,USD,CRYPTO_TRANSFER,Singapore,Singapore,charity,advisor,2026-02-21T08:30,1,0.2,0,1,,0.4,normal
TXN-000613,CUST-0241,113.14,USD,CHECK,Hong Kong,Brazil,cash_services,advisor,2025-11-05T09:04,3,0.02,0,0,,0.328,normal
TXN-000614,CUST-0200,1423.29,USD,ACH,South Africa,Germany,travel,branch,2026-02-27T21:11,1,0.3,0,0,,0.209,normal
TXN-000615,CUST-0075,3150.31,USD,CHECK,Brazil,Germany,real_estate,advisor,2026-01-11T02:04,1,0.61,0,0,,0.254,normal
TXN-000616,CUST-0100,1319.98,USD,CHECK,Brazil,Brazil,consulting,mobile,2025-01-15T22:14,3,0.17,0,0,,0.385,normal
TXN-000617,CUST-0216,173482.75,USD,INTERNATIONAL_REMITTANCE,Germany,British Virgin Islands,unknown,advisor,2025-11-01T15:09,4,44.52,1,0,R-002 high-risk jurisdiction|R-003 customer behavior deviation|R-005 opaque merchant category,0.97,suspicious
TXN-000618,CUST-0056,1227.78,USD,CHECK,UAE,Germany,investment,web,2025-01-27T11:08,1,0.15,0,0,,0.224,normal
TXN-000619,CUST-0189,504106.46,USD,CASH_PAYMENT,Switzerland,Mexico,real_estate,advisor,2025-07-22T06:04,3,75.7,0,1,R-003 customer behavior deviation,0.856,suspicious
TXN-000620,CUST-0429,2041.73,USD,CHECK,Switzerland,Switzerland,cash_services,mobile,2026-04-20T02:19,2,0.23,0,0,,0.247,normal
TXN-000621,CUST-0053,18799.31,USD,CARD,UAE,UK,real_estate,web,2025-07-25T18:36,1,0.39,0,0,,0.248,normal
TXN-000622,CUST-0214,368.79,USD,CHECK,Mexico,Mexico,charity,web,2025-01-29T22:00,3,0.14,0,0,,0.369,normal
TXN-000623,CUST-0013,195248.58,USD,INTERNATIONAL_REMITTANCE,UK,Cyprus,luxury_goods,branch,2026-01-24T07:56,3,76.65,1,0,R-003 customer behavior deviation,0.899,suspicious
TXN-000624,CUST-0489,773.7,USD,INTERNATIONAL_REMITTANCE,Switzerland,Canada,cash_services,web,2025-12-09T23:47,1,0.17,0,0,,0.21,normal
TXN-000625,CUST-0035,449010.9,USD,CRYPTO_TRANSFER,USA,Cyprus,luxury_goods,advisor,2025-12-26T02:45,3,55.12,1,1,R-003 customer behavior deviation|R-004 large crypto transfer,0.99,suspicious
TXN-000626,CUST-0189,2459.93,USD,CRYPTO_TRANSFER,Switzerland,Mexico,consulting,advisor,2025-10-12T12:46,3,0.37,0,1,,0.535,review
TXN-000627,CUST-0082,807.88,USD,INTERNATIONAL_REMITTANCE,India,India,investment,api,2025-11-05T22:14,2,0.27,0,0,,0.4,normal
TXN-000628,CUST-0395,1902.25,USD,INTERNATIONAL_REMITTANCE,Canada,Brazil,charity,web,2025-07-04T15:49,3,0.94,0,0,,0.308,normal
TXN-000629,CUST-0321,2457.03,USD,ACH,Switzerland,Hong Kong,luxury_goods,api,2025-09-03T19:08,2,0.32,1,0,,0.442,normal
TXN-000630,CUST-0408,1755.4,USD,WIRE,Brazil,Mexico,investment,branch,2026-04-22T00:00,3,0.33,0,0,,0.345,normal
TXN-000631,CUST-0196,172.7,USD,ACH,Turkey,Switzerland,consulting,branch,2026-04-06T04:05,2,0.1,1,0,,0.367,normal
TXN-000632,CUST-0135,1431.44,USD,ACH,Germany,Mexico,cash_services,advisor,2026-01-10T23:36,3,0.09,0,0,,0.552,review
TXN-000633,CUST-0034,752.36,USD,CARD,Germany,Hong Kong,investment,advisor,2026-05-07T09:35,2,0.14,0,0,,0.514,review
TXN-000634,CUST-0369,443.75,USD,ACH,India,UAE,cash_services,advisor,2026-01-02T01:36,2,0.08,0,0,,0.233,normal
TXN-000635,CUST-0046,6327.92,USD,CASH_PAYMENT,China,Germany,travel,web,2025-03-31T19:48,1,0.15,0,1,,0.412,normal
TXN-000636,CUST-0240,954.28,USD,INTERNATIONAL_REMITTANCE,France,Switzerland,electronics,web,2025-11-05T08:38,2,0.26,0,0,,0.326,normal
TXN-000637,CUST-0171,1152.16,USD,ACH,Germany,France,luxury_goods,advisor,2025-10-04T21:35,1,0.25,0,0,,0.288,normal
TXN-000638,CUST-0082,208.51,USD,CARD,South Africa,South Africa,import_export,web,2026-01-14T07:44,3,0.07,0,0,,0.477,review
TXN-000639,CUST-0404,54221.01,USD,CHECK,USA,Switzerland,real_estate,api,2025-11-24T21:58,2,0.43,0,0,,0.362,normal
TXN-000640,CUST-0428,2694.57,USD,INTERNATIONAL_REMITTANCE,Mexico,India,charity,web,2025-06-05T07:08,2,0.61,0,0,,0.32,normal
TXN-000641,CUST-0050,205.53,USD,CHECK,China,Germany,electronics,branch,2025-12-05T13:45,1,0.11,0,0,,0.126,normal
TXN-000642,CUST-0306,782.77,USD,CHECK,Brazil,Brazil,investment,api,2025-06-13T11:59,3,0.14,0,0,,0.314,normal
TXN-000643,CUST-0359,1377.37,USD,ACH,Brazil,Brazil,investment,api,2025-01-20T16:38,3,0.97,0,0,,0.431,normal
TXN-000644,CUST-0045,591.84,USD,CARD,Brazil,UAE,charity,web,2025-01-18T11:01,2,0.18,0,0,,0.268,normal
TXN-000645,CUST-0398,463.64,USD,CARD,Cyprus,India,cash_services,advisor,2025-09-15T06:11,2,0.14,0,0,,0.278,normal
TXN-000646,CUST-0357,2463.87,USD,WIRE,Hong Kong,South Africa,cash_services,advisor,2026-04-07T15:25,3,0.43,0,0,,0.339,normal
TXN-000647,CUST-0084,6398013.77,USD,CASH_PAYMENT,South Africa,Mexico,luxury_goods,web,2025-09-04T16:35,3,56.1,1,1,R-001 high-value cash payment|R-003 customer behavior deviation,0.966,suspicious
TXN-000648,CUST-0199,3566.2,USD,CHECK,China,Brazil,real_estate,branch,2025-03-13T04:30,3,0.08,0,0,,0.487,review
TXN-000649,CUST-0485,346.83,USD,INTERNATIONAL_REMITTANCE,Switzerland,India,import_export,web,2025-08-03T16:10,2,0.04,0,0,,0.227,normal
TXN-000650,CUST-0224,220.57,USD,CHECK,Mexico,UAE,real_estate,mobile,2025-03-24T02:56,2,0.15,0,0,,0.292,normal
TXN-000651,CUST-0341,1818.82,USD,CARD,UAE,Germany,electronics,mobile,2025-10-14T01:21,1,0.28,0,0,,0.173,normal
TXN-000652,CUST-0076,2485.44,USD,WIRE,France,France,import_export,advisor,2025-06-05T04:40,1,0.3,0,0,,0.185,normal
TXN-000653,CUST-0125,179400.48,USD,CARD,Cyprus,USA,import_export,api,2025-03-16T22:46,1,0.29,0,0,,0.306,normal
TXN-000654,CUST-0262,211728.3,USD,CASH_PAYMENT,UAE,Brazil,charity,web,2026-03-06T21:21,3,69.64,1,1,R-003 customer behavior deviation|R-005 opaque merchant category,0.99,suspicious
TXN-000655,CUST-0116,574.29,USD,INTERNATIONAL_REMITTANCE,Singapore,Singapore,travel,mobile,2025-08-19T20:41,1,0.1,0,0,,0.288,normal
TXN-000656,CUST-0116,243.04,USD,WIRE,Singapore,Singapore,import_export,mobile,2025-09-12T02:33,1,0.04,0,0,,0.238,normal
TXN-000657,CUST-0016,1852.01,USD,WIRE,France,Singapore,cash_services,web,2025-06-05T18:16,1,0.23,0,0,,0.334,normal
TXN-000658,CUST-0471,378.85,USD,WIRE,Mexico,Canada,luxury_goods,advisor,2025-06-22T03:06,1,0.64,0,0,,0.223,normal
TXN-000659,CUST-0500,22764.51,USD,CRYPTO_TRANSFER,China,USA,import_export,advisor,2025-06-10T11:03,1,0.18,0,1,,0.481,review
TXN-000660,CUST-0290,550.79,USD,INTERNATIONAL_REMITTANCE,Mexico,Mexico,luxury_goods,advisor,2025-04-08T23:27,3,0.08,0,0,,0.427,normal
TXN-000661,CUST-0365,346.01,USD,INTERNATIONAL_REMITTANCE,India,India,charity,web,2025-11-03T21:37,2,0.05,0,0,,0.356,normal
TXN-000662,CUST-0094,24575.75,USD,CRYPTO_TRANSFER,Switzerland,Mexico,travel,advisor,2025-05-11T20:41,3,0.34,0,1,,0.585,review
TXN-000663,CUST-0064,1024.23,USD,WIRE,Turkey,South Africa,real_estate,api,2025-08-12T13:12,3,0.2,0,0,,0.326,normal
TXN-000664,CUST-0072,312.91,USD,CARD,Canada,South Africa,real_estate,mobile,2025-04-15T01:21,3,0.06,0,0,,0.388,normal
TXN-000665,CUST-0291,82144.11,USD,WIRE,Mexico,China,cash_services,api,2025-04-29T07:31,3,14.47,1,0,R-003 customer behavior deviation,0.759,suspicious
TXN-000666,CUST-0293,3450.06,USD,WIRE,India,South Africa,luxury_goods,mobile,2025-04-15T18:29,3,0.44,0,0,,0.365,normal
TXN-000667,CUST-0489,1011.45,USD,ACH,Switzerland,South Africa,charity,api,2025-08-24T20:48,3,0.22,1,0,,0.461,review
TXN-000668,CUST-0089,1495.03,USD,CARD,Switzerland,Switzerland,real_estate,branch,2025-12-31T15:09,2,0.26,0,0,,0.322,normal
TXN-000669,CUST-0379,231.51,USD,ACH,Switzerland,UAE,electronics,advisor,2025-11-07T07:00,2,0.04,0,0,,0.37,normal
TXN-000670,CUST-0361,5281403.1,USD,INTERNATIONAL_REMITTANCE,Turkey,Russia,cash_services,web,2025-04-22T10:43,5,76.14,1,0,R-002 high-risk jurisdiction|R-003 customer behavior deviation,0.99,suspicious
TXN-000671,CUST-0141,321.51,USD,INTERNATIONAL_REMITTANCE,India,Singapore,charity,advisor,2025-08-20T00:44,1,0.11,0,1,,0.313,normal
TXN-000672,CUST-0177,255.3,USD,CHECK,Cyprus,UK,charity,web,2025-07-07T08:52,1,0.05,0,0,,0.176,normal
TXN-000673,CUST-0087,59167.7,USD,CHECK,South Africa,South Africa,investment,web,2025-02-16T05:25,3,0.22,0,0,,0.387,normal
TXN-000674,CUST-0357,444.34,USD,ACH,Hong Kong,Hong Kong,luxury_goods,web,2025-07-29T10:38,2,0.08,0,0,,0.237,normal
TXN-000675,CUST-0035,3860.72,USD,CARD,Brazil,UAE,luxury_goods,api,2025-01-09T06:40,2,0.47,1,0,,0.569,review
TXN-000676,CUST-0040,105248.81,USD,CASH_PAYMENT,Turkey,British Virgin Islands,unknown,advisor,2026-01-06T06:06,4,13.63,1,1,R-002 high-risk jurisdiction|R-003 customer behavior deviation|R-005 opaque merchant category,0.949,suspicious
TXN-000677,CUST-0478,73152.95,USD,CHECK,UAE,Turkey,import_export,advisor,2025-07-21T04:36,3,0.31,0,0,,0.467,review
TXN-000678,CUST-0241,107875.92,USD,WIRE,Brazil,China,cash_services,api,2025-08-21T05:58,3,16.24,1,0,R-003 customer behavior deviation,0.85,suspicious
TXN-000679,CUST-0366,25594.34,USD,CHECK,Mexico,Mexico,import_export,api,2025-12-13T13:28,3,0.38,0,0,,0.411,normal
TXN-000680,CUST-0372,37268.07,USD,ACH,Hong Kong,Turkey,import_export,web,2025-03-27T17:10,3,0.44,1,0,,0.622,review
TXN-000681,CUST-0065,7284.01,USD,WIRE,China,China,electronics,api,2025-07-11T00:48,3,0.06,0,0,,0.401,normal
TXN-000682,CUST-0102,3959.64,USD,ACH,UAE,UAE,consulting,mobile,2025-05-06T04:51,2,0.03,0,0,,0.273,normal
TXN-000683,CUST-0117,790.56,USD,ACH,UK,Cyprus,electronics,mobile,2025-05-06T04:58,3,0.09,0,0,,0.416,normal
TXN-000684,CUST-0473,66992.01,USD,INTERNATIONAL_REMITTANCE,UAE,Turkey,real_estate,advisor,2025-02-09T20:25,3,36.79,1,1,R-003 customer behavior deviation,0.892,suspicious
TXN-000685,CUST-0421,7136.94,USD,CARD,South Africa,France,consulting,mobile,2025-01-06T03:27,1,0.1,0,0,,0.165,normal
TXN-000686,CUST-0365,340.15,USD,WIRE,UAE,UAE,cash_services,web,2025-11-15T11:08,2,0.05,0,0,,0.29,normal
TXN-000687,CUST-0027,29200.39,USD,CARD,Switzerland,Germany,import_export,advisor,2026-05-11T05:14,1,0.49,0,0,,0.278,normal
TXN-000688,CUST-0194,25145.12,USD,ACH,Singapore,China,electronics,branch,2025-07-21T07:31,3,0.53,0,0,,0.479,review
TXN-000689,CUST-0156,44792.92,USD,CRYPTO_TRANSFER,USA,Mexico,charity,advisor,2025-10-08T19:23,3,16.3,1,1,R-003 customer behavior deviation,0.957,suspicious
TXN-000690,CUST-0470,21667.2,USD,CARD,China,UAE,real_estate,branch,2026-02-20T11:41,2,0.28,1,1,,0.487,review
TXN-000691,CUST-0191,3378.74,USD,ACH,Cyprus,Cyprus,luxury_goods,advisor,2025-12-16T20:07,3,0.41,0,0,,0.465,review
TXN-000692,CUST-0143,1796.66,USD,ACH,China,China,consulting,advisor,2026-05-14T13:48,3,0.29,0,0,,0.348,normal
TXN-000693,CUST-0303,8794.36,USD,ACH,Switzerland,South Africa,import_export,branch,2025-07-31T13:38,3,0.09,0,0,,0.417,normal
TXN-000694,CUST-0170,7129.51,USD,INTERNATIONAL_REMITTANCE,France,Germany,electronics,api,2025-03-20T14:08,1,0.06,1,0,,0.66,review
TXN-000695,CUST-0016,1039.52,USD,CRYPTO_TRANSFER,France,France,charity,advisor,2025-08-09T08:01,1,0.13,0,1,,0.474,review
TXN-000696,CUST-0313,601.94,USD,WIRE,China,Cyprus,luxury_goods,branch,2025-08-08T16:48,3,0.09,0,0,,0.521,review
TXN-000697,CUST-0479,1877.14,USD,INTERNATIONAL_REMITTANCE,Singapore,Canada,consulting,mobile,2025-12-14T23:24,1,0.6,1,0,,0.358,normal
TXN-000698,CUST-0359,264.97,USD,INTERNATIONAL_REMITTANCE,Cyprus,Brazil,investment,branch,2026-02-09T05:48,3,0.19,0,0,,0.432,normal
TXN-000699,CUST-0422,274.81,USD,CHECK,Germany,Turkey,real_estate,mobile,2025-11-07T08:52,3,0.04,0,0,,0.358,normal
TXN-000700,CUST-0398,124.8,USD,ACH,UAE,Cyprus,cash_services,mobile,2025-07-03T17:22,3,0.04,0,0,,0.337,normal
TXN-000701,CUST-0335,15269.16,USD,INTERNATIONAL_REMITTANCE,Turkey,South Africa,cash_services,mobile,2025-12-27T05:17,3,0.08,0,0,,0.325,normal
TXN-000702,CUST-0031,9900.19,USD,WIRE,Mexico,Mexico,cash_services,mobile,2025-07-29T04:11,3,0.15,0,0,,0.446,normal
TXN-000703,CUST-0343,11990.23,USD,CARD,Mexico,Singapore,luxury_goods,web,2025-04-09T11:46,1,0.2,1,0,,0.274,normal
TXN-000704,CUST-0017,1555.1,USD,INTERNATIONAL_REMITTANCE,UAE,Canada,cash_services,web,2026-02-22T11:09,1,0.34,0,0,,0.348,normal
TXN-000705,CUST-0363,1822.56,USD,CHECK,USA,India,cash_services,branch,2025-03-17T01:26,2,0.23,0,1,,0.394,normal
TXN-000706,CUST-0123,34183.85,USD,ACH,India,Canada,travel,web,2025-07-10T11:30,1,0.17,0,0,,0.147,normal
TXN-000707,CUST-0248,86.17,USD,CARD,Hong Kong,Hong Kong,investment,api,2026-05-09T20:10,2,0.03,0,0,,0.328,normal
TXN-000708,CUST-0276,809.39,USD,CARD,Turkey,Switzerland,charity,api,2026-03-04T20:10,2,0.15,0,0,,0.293,normal
TXN-000709,CUST-0136,992.63,USD,WIRE,Cyprus,Canada,charity,advisor,2025-04-24T15:20,1,0.21,0,0,,0.215,normal
TXN-000710,CUST-0002,66.37,USD,WIRE,Turkey,Turkey,investment,advisor,2025-10-25T07:17,3,0.03,0,0,,0.375,normal
TXN-000711,CUST-0283,240.76,USD,ACH,China,Iran,charity,advisor,2025-12-17T14:39,5,0.08,1,0,R-002 high-risk jurisdiction,0.613,review
TXN-000712,CUST-0332,5720.83,USD,CHECK,Mexico,British Virgin Islands,electronics,web,2026-04-09T14:33,4,0.16,1,0,R-002 high-risk jurisdiction,0.584,review
TXN-000713,CUST-0084,32735.01,USD,CARD,Canada,Iran,real_estate,mobile,2026-05-04T08:10,5,0.29,1,0,R-002 high-risk jurisdiction,0.58,review
TXN-000714,CUST-0395,121.04,USD,CHECK,Singapore,Turkey,consulting,advisor,2025-07-02T03:08,3,0.06,0,0,,0.326,normal
TXN-000715,CUST-0199,7852.09,USD,CASH_PAYMENT,China,Canada,travel,mobile,2025-09-25T23:32,1,0.18,0,1,,0.484,review
TXN-000716,CUST-0246,2142.66,USD,ACH,South Africa,South Africa,import_export,branch,2025-04-19T05:43,3,0.3,0,0,,0.339,normal
TXN-000717,CUST-0327,1965.99,USD,CARD,Turkey,Singapore,cash_services,advisor,2025-06-14T21:55,1,0.25,1,0,,0.315,normal
TXN-000718,CUST-0461,314227.54,USD,WIRE,Cyprus,Panama,real_estate,branch,2025-11-29T11:33,4,43.5,1,0,R-002 high-risk jurisdiction|R-003 customer behavior deviation,0.99,suspicious
TXN-000719,CUST-0429,285682.07,USD,CASH_PAYMENT,India,Brazil,luxury_goods,web,2025-09-24T19:09,3,31.79,1,1,R-003 customer behavior deviation,0.99,suspicious
TXN-000720,CUST-0304,126883.62,USD,WIRE,Switzerland,South Africa,unknown,branch,2026-02-07T21:46,3,47.02,1,1,R-003 customer behavior deviation|R-005 opaque merchant category,0.921,suspicious
TXN-000721,CUST-0160,95.5,USD,WIRE,Brazil,Hong Kong,electronics,web,2025-05-24T11:36,2,0.15,0,0,,0.322,normal
TXN-000722,CUST-0039,375.7,USD,WIRE,Hong Kong,Germany,luxury_goods,web,2026-03-22T04:41,1,0.11,0,0,,0.288,normal
TXN-000723,CUST-0309,483.96,USD,CARD,China,Cyprus,consulting,branch,2026-03-07T18:46,3,0.12,0,0,,0.438,normal
TXN-000724,CUST-0468,1039.08,USD,CRYPTO_TRANSFER,Brazil,Turkey,real_estate,web,2026-01-21T01:23,3,0.46,0,1,,0.503,review
TXN-000725,CUST-0450,10259.67,USD,WIRE,Germany,Germany,cash_services,branch,2025-08-29T12:19,1,0.23,0,0,,0.254,normal
TXN-000726,CUST-0055,1392.93,USD,CARD,Singapore,Switzerland,real_estate,advisor,2026-02-20T00:34,2,0.23,0,0,,0.279,normal
TXN-000727,CUST-0374,3458.97,USD,WIRE,France,USA,charity,advisor,2025-10-08T08:07,1,0.49,1,0,,0.356,normal
TXN-000728,CUST-0109,5928.31,USD,CARD,UK,Brazil,consulting,api,2025-05-08T21:02,3,0.07,0,0,,0.483,review
TXN-000729,CUST-0064,350.04,USD,CARD,Hong Kong,South Africa,luxury_goods,web,2025-04-05T21:52,3,0.07,0,0,,0.355,normal
TXN-000730,CUST-0496,65184.37,USD,CHECK,UK,UK,investment,advisor,2026-01-03T03:46,1,0.48,0,0,,0.284,normal
TXN-000731,CUST-0008,251.55,USD,ACH,China,Switzerland,electronics,api,2025-08-16T22:38,2,0.11,0,0,,0.29,normal
TXN-000732,CUST-0326,333082.13,USD,CRYPTO_TRANSFER,UAE,Cyprus,cash_services,advisor,2025-08-12T01:40,3,38.08,1,1,R-003 customer behavior deviation|R-004 large crypto transfer,0.957,suspicious
TXN-000733,CUST-0222,1555.2,USD,CARD,France,France,consulting,mobile,2025-04-01T14:32,1,0.05,0,0,,0.268,normal
TXN-000734,CUST-0243,1424.51,USD,CHECK,Turkey,UAE,cash_services,web,2025-05-19T05:28,2,0.18,0,0,,0.32,normal
TXN-000735,CUST-0225,971.54,USD,CARD,France,Russia,consulting,branch,2025-09-25T08:41,5,0.16,1,0,R-002 high-risk jurisdiction,0.714,suspicious
TXN-000736,CUST-0140,311.36,USD,INTERNATIONAL_REMITTANCE,Singapore,Turkey,consulting,mobile,2026-02-19T08:20,3,0.17,0,0,,0.401,normal
TXN-000737,CUST-0343,33751.63,USD,CARD,Mexico,UAE,investment,mobile,2026-01-29T23:32,2,0.56,1,0,,0.446,normal
TXN-000738,CUST-0215,40146.83,USD,INTERNATIONAL_REMITTANCE,Germany,Mexico,charity,advisor,2025-12-09T20:32,3,0.07,0,0,,0.596,review
TXN-000739,CUST-0183,82029.58,USD,CRYPTO_TRANSFER,Mexico,Cyprus,luxury_goods,api,2025-07-02T16:05,3,45.11,1,1,R-003 customer behavior deviation,0.99,suspicious
TXN-000740,CUST-0273,10581.83,USD,CARD,Turkey,Turkey,real_estate,advisor,2025-12-15T18:43,3,0.19,0,0,,0.354,normal
TXN-000741,CUST-0070,29911.97,USD,INTERNATIONAL_REMITTANCE,UAE,South Africa,consulting,branch,2026-04-03T07:08,3,0.09,0,1,,0.429,normal
TXN-000742,CUST-0473,758.89,USD,CHECK,Switzerland,Singapore,luxury_goods,advisor,2026-04-20T16:42,1,0.42,0,0,,0.253,normal
TXN-000743,CUST-0111,19969.52,USD,WIRE,Switzerland,Switzerland,cash_services,web,2025-01-14T03:19,2,0.17,0,0,,0.339,normal
TXN-000744,CUST-0293,223928.21,USD,CRYPTO_TRANSFER,South Africa,British Virgin Islands,real_estate,web,2026-01-11T06:07,4,28.4,1,1,R-002 high-risk jurisdiction|R-003 customer behavior deviation,0.99,suspicious
TXN-000745,CUST-0108,759.66,USD,INTERNATIONAL_REMITTANCE,UAE,USA,consulting,web,2025-03-20T23:28,1,0.12,0,0,,0.159,normal
TXN-000746,CUST-0462,1033667.23,USD,WIRE,UAE,British Virgin Islands,unknown,branch,2025-12-17T14:20,4,37.14,1,0,R-002 high-risk jurisdiction|R-003 customer behavior deviation|R-005 opaque merchant category,0.957,suspicious
TXN-000747,CUST-0392,604424.26,USD,CASH_PAYMENT,USA,Mexico,charity,advisor,2026-02-21T05:40,3,11.22,1,1,R-003 customer behavior deviation|R-005 opaque merchant category,0.99,suspicious
TXN-000748,CUST-0267,1206.41,USD,CHECK,Switzerland,Hong Kong,import_export,advisor,2026-05-04T15:19,2,0.55,1,0,,0.441,normal
TXN-000749,CUST-0313,970.26,USD,WIRE,Mexico,China,electronics,mobile,2025-07-12T18:16,3,0.15,0,0,,0.471,review
TXN-000750,CUST-0047,104.61,USD,CHECK,Hong Kong,Panama,cash_services,advisor,2026-04-11T22:10,4,0.03,1,0,R-002 high-risk jurisdiction,0.555,review
TXN-000751,CUST-0378,113842.89,USD,WIRE,Mexico,Singapore,consulting,web,2025-10-09T04:38,1,0.52,0,0,R-005 opaque merchant category,0.309,normal
TXN-000752,CUST-0023,2694.99,USD,INTERNATIONAL_REMITTANCE,UAE,Hong Kong,luxury_goods,advisor,2025-02-06T14:24,2,0.32,0,0,,0.328,normal
TXN-000753,CUST-0280,237054.16,USD,CRYPTO_TRANSFER,UK,Brazil,consulting,api,2025-01-17T00:23,3,69.61,1,1,R-003 customer behavior deviation|R-005 opaque merchant category,0.99,suspicious
TXN-000754,CUST-0397,472.92,USD,CARD,USA,India,real_estate,api,2026-02-06T18:23,2,0.06,0,0,,0.275,normal
TXN-000755,CUST-0030,1476.58,USD,WIRE,Mexico,Mexico,import_export,branch,2026-01-21T09:58,3,0.42,0,0,,0.363,normal
TXN-000756,CUST-0044,119.03,USD,CHECK,UK,UK,luxury_goods,mobile,2025-09-14T21:13,1,0.04,0,0,,0.275,normal
TXN-000757,CUST-0161,7892.33,USD,WIRE,Cyprus,China,electronics,mobile,2025-11-22T11:39,3,0.05,0,0,,0.378,normal
TXN-000758,CUST-0371,1194.02,USD,WIRE,Germany,UK,charity,advisor,2025-07-09T22:34,1,0.18,0,0,,0.148,normal
TXN-000759,CUST-0159,1066.14,USD,CARD,Mexico,Mexico,charity,api,2025-07-30T20:33,3,0.32,0,0,,0.428,normal
TXN-000760,CUST-0286,474121.27,USD,INTERNATIONAL_REMITTANCE,Brazil,China,consulting,branch,2026-04-21T04:10,3,1.0,1,0,R-005 opaque merchant category,0.584,review
TXN-000761,CUST-0130,281.29,USD,CHECK,Switzerland,USA,import_export,mobile,2025-09-13T08:29,1,0.05,0,0,,0.18,normal
TXN-000762,CUST-0194,2156.18,USD,CARD,UK,China,electronics,mobile,2025-12-14T10:04,3,0.05,0,0,,0.552,review
TXN-000763,CUST-0268,3444.11,USD,ACH,USA,Cyprus,travel,mobile,2026-01-07T18:02,3,0.42,0,0,,0.37,normal
TXN-000764,CUST-0054,1195.48,USD,CHECK,Brazil,Germany,travel,mobile,2026-01-23T09:55,1,0.26,0,0,,0.254,normal
TXN-000765,CUST-0022,28546.85,USD,WIRE,Canada,USA,cash_services,branch,2025-06-07T14:02,1,0.75,0,0,,0.381,normal
TXN-000766,CUST-0442,688.51,USD,CARD,Cyprus,Cyprus,travel,branch,2025-10-12T23:48,3,0.3,0,0,,0.379,normal
TXN-000767,CUST-0092,215.81,USD,CARD,Switzerland,India,investment,web,2025-12-18T21:48,2,0.05,0,0,,0.432,normal
TXN-000768,CUST-0437,323.02,USD,INTERNATIONAL_REMITTANCE,Canada,Turkey,travel,advisor,2025-07-22T07:34,3,0.1,1,0,,0.527,review
TXN-000769,CUST-0413,26646.62,USD,INTERNATIONAL_REMITTANCE,Mexico,China,real_estate,advisor,2025-10-06T01:38,3,13.04,1,1,R-003 customer behavior deviation,0.99,suspicious
TXN-000770,CUST-0102,24719.57,USD,WIRE,Switzerland,China,real_estate,branch,2026-04-16T20:53,3,0.16,0,0,,0.446,normal
TXN-000771,CUST-0255,967.03,USD,CHECK,Singapore,UK,luxury_goods,branch,2026-02-25T00:54,1,0.11,0,0,,0.309,normal
TXN-000772,CUST-0016,904.45,USD,WIRE,France,Singapore,cash_services,web,2025-05-16T09:40,1,0.11,0,0,,0.358,normal
TXN-000773,CUST-0306,384687.52,USD,CASH_PAYMENT,Brazil,Mexico,cash_services,web,2025-11-09T11:48,3,66.61,1,1,R-003 customer behavior deviation,0.974,suspicious
TXN-000774,CUST-0030,199428.46,USD,WIRE,Mexico,Cayman Islands,unknown,branch,2025-04-26T07:53,4,56.31,1,0,R-002 high-risk jurisdiction|R-003 customer behavior deviation|R-005 opaque merchant category,0.921,suspicious
TXN-000775,CUST-0245,2007.66,USD,CARD,Hong Kong,USA,travel,web,2025-08-03T02:37,1,0.29,0,0,,0.201,normal
TXN-000776,CUST-0479,215040.08,USD,WIRE,USA,Iran,unknown,web,2026-04-27T01:27,5,68.41,1,1,R-002 high-risk jurisdiction|R-003 customer behavior deviation|R-005 opaque merchant category,0.99,suspicious
TXN-000777,CUST-0323,551646.01,USD,INTERNATIONAL_REMITTANCE,South Africa,Cyprus,cash_services,advisor,2026-05-10T01:34,3,72.32,1,1,R-003 customer behavior deviation,0.958,suspicious
TXN-000778,CUST-0050,28628.58,USD,CASH_PAYMENT,Hong Kong,Panama,luxury_goods,web,2025-07-04T13:19,4,15.95,1,1,R-002 high-risk jurisdiction|R-003 customer behavior deviation,0.99,suspicious
TXN-000779,CUST-0312,543580.54,USD,INTERNATIONAL_REMITTANCE,Germany,Panama,real_estate,web,2025-02-07T10:56,4,79.05,1,0,R-002 high-risk jurisdiction|R-003 customer behavior deviation,0.948,suspicious
TXN-000780,CUST-0109,1795139.11,USD,WIRE,Brazil,Cyprus,consulting,api,2026-02-23T14:40,3,19.92,1,1,R-003 customer behavior deviation|R-005 opaque merchant category,0.99,suspicious
TXN-000781,CUST-0094,2592.37,USD,WIRE,Switzerland,Switzerland,investment,web,2025-05-04T10:22,2,0.04,0,0,,0.418,normal
TXN-000782,CUST-0003,11529.45,USD,CARD,Switzerland,UK,investment,api,2025-04-30T22:01,1,0.12,0,0,,0.203,normal
TXN-000783,CUST-0371,91250.49,USD,INTERNATIONAL_REMITTANCE,UK,Turkey,unknown,branch,2025-09-17T12:34,3,13.71,1,1,R-003 customer behavior deviation,0.892,suspicious
TXN-000784,CUST-0298,2693.84,USD,INTERNATIONAL_REMITTANCE,France,Singapore,luxury_goods,web,2026-01-23T20:24,1,0.31,0,0,,0.348,normal
TXN-000785,CUST-0320,403.51,USD,WIRE,Cyprus,Turkey,cash_services,advisor,2026-04-01T17:49,3,0.12,0,0,,0.377,normal
TXN-000786,CUST-0275,362.58,USD,ACH,China,Brazil,investment,web,2025-10-19T21:07,3,0.23,0,0,,0.587,review
TXN-000787,CUST-0439,775.69,USD,CARD,Brazil,UAE,electronics,api,2025-07-28T21:14,2,0.09,0,0,,0.285,normal
TXN-000788,CUST-0286,66611.87,USD,INTERNATIONAL_REMITTANCE,Switzerland,Brazil,consulting,mobile,2026-04-28T07:47,3,0.14,0,0,,0.405,normal
TXN-000789,CUST-0113,105718.67,USD,CARD,France,Germany,consulting,branch,2026-04-05T11:45,1,2.18,0,0,R-005 opaque merchant category,0.378,normal
TXN-000790,CUST-0455,644.83,USD,CHECK,UAE,Brazil,luxury_goods,advisor,2025-12-05T09:04,3,0.2,0,0,,0.322,normal
TXN-000791,CUST-0282,8577.07,USD,CHECK,USA,Singapore,real_estate,api,2026-03-02T23:24,1,0.12,0,0,,0.32,normal
TXN-000792,CUST-0393,809.98,USD,CARD,UAE,Germany,electronics,web,2025-05-04T20:03,1,0.18,1,0,,0.383,normal
TXN-000793,CUST-0160,14.81,USD,CHECK,Brazil,Hong Kong,investment,branch,2026-03-03T13:12,2,0.02,0,0,,0.278,normal
TXN-000794,CUST-0039,71782.25,USD,WIRE,Hong Kong,China,luxury_goods,branch,2025-07-12T18:00,3,21.43,1,0,R-003 customer behavior deviation,0.811,suspicious
TXN-000795,CUST-0332,2744.77,USD,WIRE,Mexico,Singapore,import_export,mobile,2026-03-23T19:52,1,0.08,0,0,,0.312,normal
TXN-000796,CUST-0329,5229.69,USD,CARD,Switzerland,Switzerland,cash_services,api,2025-07-20T05:32,2,0.02,0,0,,0.25,normal
TXN-000797,CUST-0483,448.51,USD,WIRE,South Africa,Hong Kong,import_export,branch,2026-01-17T16:47,2,0.07,0,0,,0.348,normal
TXN-000798,CUST-0423,8333.91,USD,ACH,Canada,South Africa,investment,web,2026-04-25T17:53,3,0.14,0,1,,0.48,review
TXN-000799,CUST-0135,329549.12,USD,INTERNATIONAL_REMITTANCE,Germany,Cyprus,luxury_goods,web,2026-05-04T10:43,3,21.6,1,0,R-003 customer behavior deviation,0.99,suspicious
TXN-000800,CUST-0477,228.53,USD,CARD,Germany,France,real_estate,branch,2025-01-01T12:57,1,0.05,0,0,,0.267,normal
TXN-000801,CUST-0385,112.82,USD,CARD,Cyprus,South Africa,cash_services,mobile,2026-04-02T22:47,3,0.1,0,0,,0.362,normal
TXN-000802,CUST-0158,1764.43,USD,CARD,UK,UK,electronics,branch,2025-05-26T01:48,1,0.37,0,0,,0.186,normal
TXN-000803,CUST-0105,18115.97,USD,CRYPTO_TRANSFER,Mexico,Mexico,luxury_goods,advisor,2025-02-08T00:28,3,0.37,0,1,,0.606,review
TXN-000804,CUST-0328,59537.66,USD,CRYPTO_TRANSFER,South Africa,China,real_estate,branch,2025-05-14T17:43,3,46.78,1,1,R-003 customer behavior deviation,0.99,suspicious
TXN-000805,CUST-0215,117800.57,USD,WIRE,Canada,Germany,import_export,mobile,2026-03-25T03:55,1,0.21,0,0,,0.472,review
TXN-000806,CUST-0091,2881.3,USD,WIRE,Switzerland,Switzerland,import_export,api,2025-07-26T23:14,2,0.57,0,1,,0.439,normal
TXN-000807,CUST-0061,1219.65,USD,CARD,Canada,Cayman Islands,travel,branch,2025-07-12T18:27,4,0.27,1,1,R-002 high-risk jurisdiction,0.608,review
TXN-000808,CUST-0338,46.54,USD,WIRE,Switzerland,Hong Kong,investment,web,2025-10-04T15:16,2,0.05,0,0,,0.326,normal
TXN-000809,CUST-0352,22583.1,USD,CHECK,UAE,Mexico,electronics,web,2026-01-22T20:16,3,0.24,0,0,,0.414,normal
TXN-000810,CUST-0286,135753.36,USD,CHECK,Brazil,Switzerland,luxury_goods,branch,2026-04-02T01:17,2,0.29,0,0,,0.368,normal
TXN-000811,CUST-0409,411986.08,USD,CRYPTO_TRANSFER,Switzerland,Iran,real_estate,advisor,2025-09-17T09:57,5,56.44,1,1,R-002 high-risk jurisdiction|R-003 customer behavior deviation|R-004 large crypto transfer,0.99,suspicious
TXN-000812,CUST-0153,177.67,USD,ACH,Brazil,Hong Kong,travel,web,2025-11-17T18:37,2,0.07,0,0,,0.262,normal
TXN-000813,CUST-0493,437.87,USD,CARD,USA,Cyprus,import_export,mobile,2025-01-14T21:00,3,0.15,0,0,,0.357,normal
TXN-000814,CUST-0195,976.9,USD,CHECK,UK,UK,cash_services,advisor,2026-03-05T04:25,1,0.16,0,0,,0.159,normal
TXN-000815,CUST-0296,19816.39,USD,ACH,Canada,Switzerland,investment,web,2025-05-18T01:01,2,0.23,0,0,,0.332,normal
TXN-000816,CUST-0445,1699.42,USD,INTERNATIONAL_REMITTANCE,Germany,Cyprus,luxury_goods,branch,2026-04-06T18:29,3,0.53,0,0,,0.449,normal
TXN-000817,CUST-0383,515.14,USD,CARD,South Africa,Switzerland,luxury_goods,mobile,2026-02-28T20:52,2,0.13,1,0,,0.445,normal
TXN-000818,CUST-0327,12646.48,USD,INTERNATIONAL_REMITTANCE,Turkey,China,real_estate,advisor,2025-07-27T05:36,3,1.63,0,0,,0.37,normal
TXN-000819,CUST-0351,491.33,USD,CARD,Mexico,Hong Kong,luxury_goods,api,2025-07-26T20:06,2,0.1,0,0,,0.269,normal
TXN-000820,CUST-0356,1355.45,USD,ACH,UK,Turkey,electronics,advisor,2025-07-07T00:52,3,0.2,0,0,,0.427,normal
TXN-000821,CUST-0251,41125.95,USD,CHECK,Singapore,Turkey,charity,web,2025-04-10T10:27,3,0.18,0,0,,0.44,normal
TXN-000822,CUST-0062,717.45,USD,CARD,Germany,Canada,charity,advisor,2026-02-11T01:17,1,0.75,0,0,,0.229,normal
TXN-000823,CUST-0187,436.58,USD,CARD,China,Germany,charity,branch,2025-07-07T21:08,1,0.11,0,0,,0.244,normal
TXN-000824,CUST-0419,890.53,USD,CARD,UAE,Turkey,consulting,branch,2025-01-19T12:04,3,0.15,0,0,,0.323,normal
TXN-000825,CUST-0197,129.04,USD,CARD,USA,Cyprus,consulting,branch,2025-03-08T08:01,3,0.21,0,0,,0.418,normal
TXN-000826,CUST-0270,2459.83,USD,WIRE,UK,UK,investment,api,2026-03-19T19:55,1,0.32,0,0,,0.239,normal
TXN-000827,CUST-0406,227.43,USD,ACH,France,Cyprus,travel,advisor,2026-04-03T22:50,3,0.18,0,0,,0.333,normal
TXN-000828,CUST-0324,190.02,USD,WIRE,Singapore,Brazil,real_estate,web,2026-02-20T23:39,3,0.31,0,0,,0.395,normal
TXN-000829,CUST-0171,395916.89,USD,CASH_PAYMENT,Germany,Panama,charity,branch,2025-07-10T21:49,4,84.27,1,1,R-002 high-risk jurisdiction|R-003 customer behavior deviation|R-005 opaque merchant category,0.99,suspicious
TXN-000830,CUST-0332,2613.79,USD,CHECK,Germany,Germany,charity,branch,2025-06-15T11:36,1,0.07,0,0,,0.255,normal
TXN-000831,CUST-0268,2129.24,USD,ACH,USA,Cyprus,import_export,advisor,2025-07-16T13:10,3,0.26,0,0,,0.386,normal
TXN-000832,CUST-0367,381.44,USD,ACH,China,Panama,consulting,api,2025-07-31T05:06,4,0.17,1,0,R-002 high-risk jurisdiction,0.579,review
TXN-000833,CUST-0067,757.43,USD,INTERNATIONAL_REMITTANCE,USA,Canada,charity,advisor,2025-12-29T18:32,1,0.18,0,0,,0.237,normal
TXN-000834,CUST-0055,618.3,USD,CARD,Singapore,Switzerland,electronics,branch,2025-01-05T03:04,2,0.1,0,0,,0.282,normal
TXN-000835,CUST-0213,181.49,USD,CHECK,South Africa,South Africa,import_export,api,2025-12-07T15:33,3,0.03,0,0,,0.336,normal
TXN-000836,CUST-0093,16074.4,USD,INTERNATIONAL_REMITTANCE,China,China,luxury_goods,api,2025-03-21T19:29,3,0.16,0,0,,0.424,normal
TXN-000837,CUST-0167,1096944.82,USD,INTERNATIONAL_REMITTANCE,Germany,Russia,real_estate,advisor,2026-01-09T03:29,5,12.67,1,0,R-002 high-risk jurisdiction|R-003 customer behavior deviation,0.893,suspicious
TXN-000838,CUST-0282,14962.24,USD,WIRE,Singapore,Singapore,luxury_goods,mobile,2025-06-16T06:12,1,0.22,0,0,,0.237,normal
TXN-000839,CUST-0296,31188.79,USD,INTERNATIONAL_REMITTANCE,Canada,Mexico,travel,api,2026-03-14T19:58,3,0.36,0,1,,0.424,normal
TXN-000840,CUST-0156,504.53,USD,INTERNATIONAL_REMITTANCE,Turkey,UAE,import_export,advisor,2025-06-13T18:58,2,0.18,0,0,,0.336,normal
TXN-000841,CUST-0137,218.68,USD,INTERNATIONAL_REMITTANCE,Hong Kong,Singapore,charity,web,2025-10-20T11:21,1,0.16,0,0,,0.172,normal
TXN-000842,CUST-0130,3601.83,USD,CARD,USA,USA,cash_services,advisor,2025-04-06T19:29,1,0.62,0,0,,0.151,normal
TXN-000843,CUST-0036,6252.57,USD,CHECK,Hong Kong,Cyprus,travel,api,2025-10-24T19:03,3,0.08,0,0,,0.487,review
TXN-000844,CUST-0266,442.34,USD,WIRE,Switzerland,China,import_export,branch,2025-03-30T01:17,3,0.25,0,0,,0.43,normal
TXN-000845,CUST-0136,723.78,USD,CARD,Canada,Turkey,cash_services,advisor,2025-12-17T07:11,3,0.15,0,0,,0.428,normal
TXN-000846,CUST-0370,511.78,USD,WIRE,Hong Kong,Hong Kong,investment,mobile,2026-05-16T10:18,2,0.11,0,1,,0.339,normal
TXN-000847,CUST-0199,8114.03,USD,ACH,China,China,luxury_goods,branch,2026-02-03T20:01,3,0.19,0,1,,0.57,review
TXN-000848,CUST-0340,1617730.19,USD,WIRE,Cyprus,Brazil,luxury_goods,web,2026-04-12T00:10,3,30.74,0,1,R-003 customer behavior deviation,0.904,suspicious
TXN-000849,CUST-0241,420857.44,USD,CASH_PAYMENT,Hong Kong,Brazil,charity,branch,2025-01-25T21:36,3,63.38,0,1,R-003 customer behavior deviation|R-005 opaque merchant category,0.868,suspicious
TXN-000850,CUST-0078,1921153.92,USD,INTERNATIONAL_REMITTANCE,Cyprus,Russia,cash_services,advisor,2025-03-13T01:49,5,18.38,1,0,R-002 high-risk jurisdiction|R-003 customer behavior deviation,0.984,suspicious
TXN-000851,CUST-0395,287.31,USD,ACH,Canada,Singapore,luxury_goods,api,2025-12-05T18:03,1,0.14,0,0,,0.216,normal
TXN-000852,CUST-0478,21804.15,USD,CHECK,Turkey,Turkey,cash_services,mobile,2026-02-02T17:46,3,0.09,0,0,,0.456,review
TXN-000853,CUST-0392,5341.58,USD,CHECK,USA,USA,investment,web,2025-12-07T11:08,1,0.1,0,0,,0.464,review
TXN-000854,CUST-0077,920.24,USD,CHECK,France,Canada,electronics,web,2026-02-19T22:21,1,0.14,0,0,,0.226,normal
TXN-000855,CUST-0477,1462.21,USD,INTERNATIONAL_REMITTANCE,France,Singapore,cash_services,mobile,2025-03-14T09:24,1,0.3,0,0,,0.281,normal
TXN-000856,CUST-0479,351.47,USD,INTERNATIONAL_REMITTANCE,India,India,real_estate,web,2025-01-14T04:48,2,0.11,0,0,,0.317,normal
TXN-000857,CUST-0477,74244.74,USD,CRYPTO_TRANSFER,Singapore,China,charity,advisor,2025-05-23T02:03,3,15.46,1,1,R-003 customer behavior deviation,0.99,suspicious
TXN-000858,CUST-0318,2768716.83,USD,INTERNATIONAL_REMITTANCE,Singapore,Cayman Islands,unknown,advisor,2025-07-31T07:47,4,66.1,1,0,R-002 high-risk jurisdiction|R-003 customer behavior deviation|R-005 opaque merchant category,0.932,suspicious
TXN-000859,CUST-0441,34090.45,USD,CASH_PAYMENT,South Africa,South Africa,charity,branch,2025-01-17T08:31,3,1.52,0,1,,0.521,review
TXN-000860,CUST-0009,1239.26,USD,INTERNATIONAL_REMITTANCE,Germany,UK,real_estate,advisor,2025-08-15T20:08,1,0.45,0,0,,0.247,normal
TXN-000861,CUST-0179,27424.25,USD,WIRE,Hong Kong,Hong Kong,cash_services,web,2025-01-02T03:46,2,0.15,0,0,,0.258,normal
TXN-000862,CUST-0031,26373.2,USD,WIRE,Switzerland,Switzerland,import_export,api,2025-02-21T15:20,2,0.41,0,0,,0.307,normal
TXN-000863,CUST-0391,104934.65,USD,CARD,China,China,cash_services,web,2025-03-17T20:13,3,0.16,0,0,,0.329,normal
TXN-000864,CUST-0369,183089.2,USD,INTERNATIONAL_REMITTANCE,UAE,Panama,charity,branch,2025-01-22T13:56,4,34.13,1,0,R-002 high-risk jurisdiction|R-003 customer behavior deviation|R-005 opaque merchant category,0.881,suspicious
TXN-000865,CUST-0127,7367230.04,USD,CASH_PAYMENT,Germany,Turkey,consulting,branch,2026-05-12T18:06,3,65.57,0,1,R-001 high-value cash payment|R-003 customer behavior deviation|R-005 opaque merchant category,0.989,suspicious
TXN-000866,CUST-0252,503.84,USD,CHECK,Germany,Brazil,travel,mobile,2025-08-17T14:32,3,0.28,0,0,,0.432,normal
TXN-000867,CUST-0306,6773.91,USD,WIRE,Brazil,Brazil,electronics,web,2025-08-12T05:04,3,1.17,0,0,,0.341,normal
TXN-000868,CUST-0300,159198.04,USD,INTERNATIONAL_REMITTANCE,Germany,British Virgin Islands,luxury_goods,branch,2025-05-17T13:45,4,25.45,1,0,R-002 high-risk jurisdiction|R-003 customer behavior deviation,0.934,suspicious
TXN-000869,CUST-0052,576.33,USD,ACH,Cyprus,Canada,real_estate,api,2025-01-20T00:40,1,0.09,0,0,,0.345,normal
TXN-000870,CUST-0135,7588.69,USD,ACH,Mexico,India,investment,web,2025-05-08T22:47,2,0.5,0,0,,0.581,review
TXN-000871,CUST-0034,476.58,USD,INTERNATIONAL_REMITTANCE,Hong Kong,Germany,cash_services,advisor,2026-02-06T20:41,1,0.09,0,0,,0.412,normal
TXN-000872,CUST-0253,800.51,USD,ACH,Germany,India,import_export,advisor,2025-02-22T14:01,2,0.22,0,0,,0.344,normal
TXN-000873,CUST-0490,130236.6,USD,CASH_PAYMENT,South Africa,Nigeria,cash_services,advisor,2025-05-17T08:28,4,23.38,1,1,R-002 high-risk jurisdiction|R-003 customer behavior deviation,0.99,suspicious
TXN-000874,CUST-0090,6448.99,USD,ACH,Singapore,South Africa,cash_services,advisor,2025-02-04T09:00,3,0.15,0,0,,0.536,review
TXN-000875,CUST-0221,199.79,USD,CARD,Germany,USA,investment,mobile,2026-02-16T22:32,1,0.09,0,0,,0.234,normal
TXN-000876,CUST-0049,4600.75,USD,INTERNATIONAL_REMITTANCE,Canada,France,real_estate,mobile,2026-05-15T15:10,1,0.61,1,0,,0.395,normal
TXN-000877,CUST-0375,355.67,USD,CHECK,Cyprus,Germany,electronics,advisor,2025-06-05T18:15,1,0.17,0,0,,0.186,normal
TXN-000878,CUST-0389,7277773.43,USD,CRYPTO_TRANSFER,Germany,Turkey,unknown,advisor,2025-08-13T00:23,3,85.48,0,1,R-003 customer behavior deviation|R-004 large crypto transfer|R-005 opaque merchant category,0.99,suspicious
TXN-000879,CUST-0032,95.65,USD,ACH,South Africa,India,electronics,mobile,2025-06-03T20:19,2,0.12,0,0,,0.278,normal
TXN-000880,CUST-0392,51690.25,USD,WIRE,China,China,import_export,advisor,2025-08-26T13:23,3,0.96,0,0,,0.593,review
TXN-000881,CUST-0344,360.43,USD,INTERNATIONAL_REMITTANCE,UAE,UAE,real_estate,web,2025-02-27T12:06,2,0.15,0,0,,0.341,normal
TXN-000882,CUST-0254,21156.13,USD,CARD,Germany,Turkey,real_estate,web,2025-10-25T22:28,3,0.21,0,0,,0.432,normal
TXN-000883,CUST-0204,335933.14,USD,ACH,Cyprus,Cayman Islands,import_export,api,2026-01-04T09:02,4,0.98,1,0,R-002 high-risk jurisdiction,0.854,suspicious
TXN-000884,CUST-0220,228807.33,USD,CRYPTO_TRANSFER,Mexico,Nigeria,cash_services,branch,2025-03-20T19:08,4,43.51,1,1,R-002 high-risk jurisdiction|R-003 customer behavior deviation,0.99,suspicious
TXN-000885,CUST-0198,439800.46,USD,CRYPTO_TRANSFER,India,Turkey,consulting,advisor,2025-10-07T04:16,3,88.4,1,1,R-003 customer behavior deviation|R-004 large crypto transfer|R-005 opaque merchant category,0.984,suspicious
TXN-000886,CUST-0496,38558.62,USD,ACH,China,UK,consulting,mobile,2025-09-03T05:09,1,0.29,0,0,,0.299,normal
TXN-000887,CUST-0386,38205.3,USD,CHECK,Hong Kong,South Africa,real_estate,mobile,2026-04-04T08:28,3,0.2,0,0,,0.44,normal
TXN-000888,CUST-0387,1904.3,USD,INTERNATIONAL_REMITTANCE,UAE,Switzerland,charity,mobile,2026-01-04T13:54,2,0.21,0,0,,0.355,normal
TXN-000889,CUST-0175,8545.96,USD,CARD,India,Hong Kong,consulting,web,2025-03-16T08:56,2,0.1,0,1,,0.349,normal
TXN-000890,CUST-0050,1681.22,USD,CHECK,Singapore,China,real_estate,api,2026-01-22T16:31,3,0.94,0,0,,0.408,normal
TXN-000891,CUST-0477,1261.04,USD,INTERNATIONAL_REMITTANCE,Germany,France,cash_services,api,2025-02-19T09:16,1,0.26,0,0,,0.267,normal
TXN-000892,CUST-0139,5623.19,USD,INTERNATIONAL_REMITTANCE,USA,Canada,electronics,advisor,2025-12-24T19:51,1,0.09,0,0,,0.338,normal
TXN-000893,CUST-0317,437.92,USD,CHECK,UK,UK,investment,web,2025-03-05T20:56,1,0.1,0,0,,0.308,normal
TXN-000894,CUST-0307,48522.53,USD,ACH,France,India,real_estate,web,2025-08-31T02:40,2,0.16,0,0,,0.598,review
TXN-000895,CUST-0373,570805.51,USD,INTERNATIONAL_REMITTANCE,UAE,South Africa,cash_services,web,2025-05-08T14:01,3,75.76,1,0,R-003 customer behavior deviation,0.99,suspicious
TXN-000896,CUST-0332,1728685.93,USD,WIRE,Germany,Nigeria,unknown,api,2025-07-14T16:34,4,48.75,1,0,R-002 high-risk jurisdiction|R-003 customer behavior deviation|R-005 opaque merchant category,0.907,suspicious
TXN-000897,CUST-0013,582.2,USD,ACH,Turkey,Turkey,electronics,api,2026-02-07T19:00,3,0.23,0,0,,0.393,normal
TXN-000898,CUST-0221,670.92,USD,WIRE,USA,Turkey,import_export,web,2025-10-20T15:22,3,0.31,0,0,,0.417,normal
TXN-000899,CUST-0158,824.07,USD,INTERNATIONAL_REMITTANCE,UK,Canada,electronics,web,2026-02-06T04:27,1,0.17,0,0,,0.256,normal
TXN-000900,CUST-0095,191.27,USD,WIRE,Germany,Switzerland,investment,mobile,2025-12-22T23:02,2,0.12,0,0,,0.265,normal
TXN-000901,CUST-0439,711.46,USD,INTERNATIONAL_REMITTANCE,China,Mexico,consulting,api,2025-03-10T10:47,3,0.09,1,0,,0.475,review
TXN-000902,CUST-0200,55658.46,USD,CASH_PAYMENT,Cyprus,Nigeria,consulting,branch,2026-02-22T08:34,4,11.72,1,1,R-002 high-risk jurisdiction|R-003 customer behavior deviation,0.983,suspicious
TXN-000903,CUST-0265,4456.65,USD,CARD,Mexico,Switzerland,luxury_goods,advisor,2026-03-24T02:42,2,0.6,0,0,,0.255,normal
TXN-000904,CUST-0305,818.61,USD,WIRE,Brazil,Singapore,luxury_goods,branch,2025-02-26T05:37,1,0.11,0,0,,0.146,normal
TXN-000905,CUST-0271,8012.35,USD,WIRE,Cyprus,Cyprus,cash_services,branch,2026-05-14T21:41,3,0.11,0,0,,0.383,normal
TXN-000906,CUST-0136,457.59,USD,CHECK,Cyprus,Mexico,consulting,web,2025-01-17T23:04,3,0.1,0,0,,0.457,review
TXN-000907,CUST-0131,386.3,USD,INTERNATIONAL_REMITTANCE,Turkey,Turkey,luxury_goods,branch,2025-03-20T15:16,3,0.1,0,0,,0.358,normal
TXN-000908,CUST-0276,1782.15,USD,CARD,Turkey,Switzerland,charity,mobile,2025-11-27T21:53,2,0.34,0,0,,0.351,normal
TXN-000909,CUST-0086,1561.6,USD,WIRE,India,India,import_export,branch,2026-02-15T02:17,2,0.19,0,0,,0.454,review
TXN-000910,CUST-0199,13627.11,USD,WIRE,China,China,travel,mobile,2025-05-17T21:18,3,0.32,0,0,,0.51,review
TXN-000911,CUST-0170,97187.34,USD,ACH,France,France,real_estate,advisor,2025-06-26T05:52,1,0.84,0,0,,0.532,review
TXN-000912,CUST-0131,1655.83,USD,ACH,Turkey,Turkey,cash_services,branch,2025-08-19T18:51,3,0.41,0,0,,0.343,normal
TXN-000913,CUST-0329,232045.35,USD,CHECK,India,Turkey,import_export,mobile,2026-05-07T17:08,3,1.08,0,0,,0.405,normal
TXN-000914,CUST-0131,3875.71,USD,CHECK,Turkey,Canada,luxury_goods,advisor,2025-06-06T10:44,1,0.96,0,1,,0.319,normal
TXN-000915,CUST-0360,305712.7,USD,INTERNATIONAL_REMITTANCE,South Africa,Nigeria,consulting,web,2025-04-30T01:14,4,45.74,1,0,R-002 high-risk jurisdiction|R-003 customer behavior deviation|R-005 opaque merchant category,0.987,suspicious
TXN-000916,CUST-0442,669.36,USD,INTERNATIONAL_REMITTANCE,Cyprus,China,import_export,mobile,2025-10-31T15:20,3,0.29,0,0,,0.338,normal
TXN-000917,CUST-0121,559.6,USD,CARD,UAE,UK,electronics,branch,2026-04-29T19:20,1,0.28,0,0,,0.159,normal
TXN-000918,CUST-0089,982.92,USD,CHECK,Singapore,Singapore,real_estate,branch,2025-04-05T07:51,1,0.17,0,0,,0.208,normal
TXN-000919,CUST-0002,150447.2,USD,INTERNATIONAL_REMITTANCE,UAE,Mexico,cash_services,advisor,2025-01-24T01:01,3,63.79,1,0,R-003 customer behavior deviation,0.841,suspicious
TXN-000920,CUST-0324,248.99,USD,WIRE,Singapore,Singapore,electronics,web,2025-05-28T02:06,1,0.41,0,0,,0.296,normal
TXN-000921,CUST-0121,215.7,USD,WIRE,Germany,UAE,consulting,api,2026-02-05T18:47,2,0.11,0,0,,0.288,normal
TXN-000922,CUST-0100,572.66,USD,CHECK,Brazil,Brazil,electronics,api,2025-01-02T12:37,3,0.07,0,0,,0.404,normal
TXN-000923,CUST-0143,951.04,USD,WIRE,China,Canada,electronics,api,2025-02-17T02:31,1,0.15,0,0,,0.181,normal
TXN-000924,CUST-0332,1428.54,USD,CASH_PAYMENT,Singapore,Mexico,import_export,api,2025-02-21T13:36,3,0.04,0,1,,0.611,review
TXN-000925,CUST-0473,125.4,USD,CARD,Singapore,Switzerland,electronics,api,2025-05-31T18:54,2,0.07,0,0,,0.245,normal
TXN-000926,CUST-0274,1672.28,USD,CARD,Turkey,UK,electronics,advisor,2025-10-12T17:45,1,0.2,0,0,,0.284,normal
TXN-000927,CUST-0290,347149.23,USD,INTERNATIONAL_REMITTANCE,Germany,Russia,consulting,branch,2025-07-09T20:11,5,49.98,1,0,R-002 high-risk jurisdiction|R-003 customer behavior deviation|R-005 opaque merchant category,0.99,suspicious
TXN-000928,CUST-0186,216.34,USD,CHECK,South Africa,Switzerland,electronics,mobile,2025-08-21T21:32,2,0.05,0,0,,0.277,normal
TXN-000929,CUST-0287,36951.14,USD,INTERNATIONAL_REMITTANCE,Mexico,France,import_export,web,2026-05-13T04:01,1,0.42,0,0,,0.258,normal
TXN-000930,CUST-0234,16726.57,USD,ACH,Canada,Turkey,real_estate,web,2025-12-31T20:12,3,0.16,0,0,,0.36,normal
TXN-000931,CUST-0071,670.45,USD,CHECK,China,Hong Kong,investment,api,2026-01-05T12:30,2,0.1,1,0,,0.362,normal
TXN-000932,CUST-0068,6811655.48,USD,WIRE,India,Russia,cash_services,api,2025-06-13T14:51,5,52.05,1,0,R-002 high-risk jurisdiction|R-003 customer behavior deviation,0.99,suspicious
TXN-000933,CUST-0065,6882771.81,USD,WIRE,Canada,British Virgin Islands,luxury_goods,advisor,2025-10-22T00:36,4,54.13,1,0,R-002 high-risk jurisdiction|R-003 customer behavior deviation,0.99,suspicious
TXN-000934,CUST-0026,7137632.25,USD,WIRE,USA,Iran,consulting,advisor,2025-08-24T05:51,5,38.94,1,0,R-002 high-risk jurisdiction|R-003 customer behavior deviation|R-005 opaque merchant category,0.99,suspicious
TXN-000935,CUST-0070,61318.42,USD,ACH,South Africa,UAE,import_export,api,2025-03-24T23:30,2,0.18,0,0,,0.291,normal
TXN-000936,CUST-0232,525.3,USD,CHECK,Switzerland,Germany,travel,branch,2025-02-16T03:57,1,0.07,0,0,,0.202,normal
TXN-000937,CUST-0500,2570710.26,USD,CASH_PAYMENT,China,Brazil,consulting,branch,2025-08-07T02:45,3,20.13,1,1,R-003 customer behavior deviation|R-005 opaque merchant category,0.99,suspicious
TXN-000938,CUST-0023,161.6,USD,CARD,Canada,Canada,investment,mobile,2025-08-25T02:25,1,0.02,0,0,,0.253,normal
TXN-000939,CUST-0304,137.3,USD,CARD,China,UK,travel,advisor,2025-04-27T22:02,1,0.05,1,0,,0.311,normal
TXN-000940,CUST-0291,711.69,USD,ACH,Mexico,UK,cash_services,web,2025-07-31T03:00,1,0.13,0,0,,0.233,normal
TXN-000941,CUST-0407,563.22,USD,CASH_PAYMENT,USA,Hong Kong,consulting,branch,2025-01-24T05:14,2,0.09,0,1,,0.453,review
TXN-000942,CUST-0288,124.28,USD,CHECK,France,Brazil,consulting,api,2025-06-22T05:10,3,0.11,0,0,,0.376,normal
TXN-000943,CUST-0031,5215.17,USD,WIRE,Mexico,Mexico,charity,advisor,2026-04-02T10:13,3,0.08,0,0,,0.445,normal
TXN-000944,CUST-0258,807.08,USD,CARD,France,UAE,luxury_goods,api,2025-06-19T11:24,2,0.12,0,1,,0.325,normal
TXN-000945,CUST-0418,1034.16,USD,CHECK,Canada,India,luxury_goods,api,2025-10-17T06:14,2,0.12,0,0,,0.339,normal
TXN-000946,CUST-0005,1462.72,USD,WIRE,UK,UK,real_estate,branch,2025-02-21T02:50,1,0.18,0,0,,0.263,normal
TXN-000947,CUST-0237,2369.39,USD,WIRE,Switzerland,Hong Kong,investment,mobile,2026-01-03T21:11,2,0.12,1,0,,0.425,normal
TXN-000948,CUST-0120,16949.18,USD,CASH_PAYMENT,Switzerland,UAE,luxury_goods,mobile,2026-04-07T10:42,2,0.38,1,1,,0.662,review
TXN-000949,CUST-0461,511.21,USD,WIRE,Mexico,Mexico,charity,web,2026-04-10T11:50,3,0.07,0,0,,0.508,review
TXN-000950,CUST-0336,1854.12,USD,CHECK,Switzerland,Turkey,cash_services,branch,2026-01-27T15:07,3,0.21,0,0,,0.41,normal
TXN-000951,CUST-0433,216634.36,USD,WIRE,UK,Panama,real_estate,api,2026-04-13T07:52,4,55.57,1,1,R-002 high-risk jurisdiction|R-003 customer behavior deviation,0.99,suspicious
TXN-000952,CUST-0425,48981.6,USD,WIRE,Mexico,Mexico,consulting,web,2025-01-07T06:56,3,5.83,0,0,,0.488,review
TXN-000953,CUST-0297,11299656.62,USD,CASH_PAYMENT,India,British Virgin Islands,cash_services,web,2025-09-17T20:52,4,28.58,1,1,R-001 high-value cash payment|R-002 high-risk jurisdiction|R-003 customer behavior deviation,0.99,suspicious
TXN-000954,CUST-0390,393.53,USD,CARD,South Africa,Germany,luxury_goods,advisor,2025-06-27T08:18,1,0.07,0,1,,0.395,normal
TXN-000955,CUST-0352,6900.7,USD,CARD,Brazil,Mexico,investment,advisor,2025-01-10T13:34,3,0.07,0,0,,0.365,normal
TXN-000956,CUST-0483,1376.28,USD,ACH,India,South Africa,import_export,api,2025-12-22T23:13,3,0.21,0,0,,0.359,normal
TXN-000957,CUST-0456,1968.39,USD,WIRE,Singapore,China,electronics,branch,2025-08-23T12:52,3,0.29,0,0,,0.414,normal
TXN-000958,CUST-0434,2482220.64,USD,CRYPTO_TRANSFER,Mexico,Cyprus,luxury_goods,api,2025-09-10T07:15,3,32.89,1,1,R-003 customer behavior deviation|R-004 large crypto transfer,0.99,suspicious
TXN-000959,CUST-0161,52661.51,USD,INTERNATIONAL_REMITTANCE,UK,Cyprus,luxury_goods,mobile,2026-02-09T07:33,3,0.34,0,0,,0.41,normal
TXN-000960,CUST-0439,52594.41,USD,CASH_PAYMENT,Brazil,Panama,real_estate,advisor,2025-07-02T08:20,4,6.29,1,1,R-002 high-risk jurisdiction,0.786,suspicious
TXN-000961,CUST-0392,10312.54,USD,CARD,Cyprus,China,electronics,branch,2025-08-16T07:30,3,0.19,0,0,,0.603,review
TXN-000962,CUST-0316,136.1,USD,CARD,China,Brazil,import_export,advisor,2025-06-15T19:18,3,0.06,1,0,,0.597,review
TXN-000963,CUST-0045,2497.22,USD,CHECK,UAE,Brazil,luxury_goods,api,2026-03-29T23:41,3,0.75,0,0,,0.34,normal
TXN-000964,CUST-0190,3909.2,USD,CHECK,UAE,USA,cash_services,branch,2025-02-16T11:45,1,0.09,1,0,,0.463,review
TXN-000965,CUST-0116,1090.81,USD,WIRE,Mexico,Mexico,travel,branch,2025-09-25T19:33,3,0.18,0,0,,0.459,review
TXN-000966,CUST-0371,240357.16,USD,INTERNATIONAL_REMITTANCE,UAE,Cayman Islands,luxury_goods,branch,2025-08-12T07:13,4,36.11,1,1,R-002 high-risk jurisdiction|R-003 customer behavior deviation,0.99,suspicious
TXN-000967,CUST-0171,177.72,USD,ACH,Mexico,Mexico,real_estate,mobile,2025-10-12T17:38,3,0.04,0,0,,0.349,normal
TXN-000968,CUST-0026,26766.68,USD,ACH,Cyprus,Switzerland,luxury_goods,advisor,2026-04-06T05:53,2,0.15,0,0,,0.453,review
TXN-000969,CUST-0142,6668.95,USD,CHECK,UK,UAE,consulting,advisor,2025-03-07T21:20,2,0.02,0,0,,0.408,normal
TXN-000970,CUST-0118,422008.32,USD,WIRE,UAE,Panama,consulting,branch,2025-09-07T09:30,4,85.37,1,0,R-002 high-risk jurisdiction|R-003 customer behavior deviation|R-005 opaque merchant category,0.913,suspicious
TXN-000971,CUST-0375,144709.99,USD,CASH_PAYMENT,Cyprus,South Africa,cash_services,branch,2025-10-23T20:33,3,68.69,1,1,R-003 customer behavior deviation,0.99,suspicious
TXN-000972,CUST-0359,22452.57,USD,CASH_PAYMENT,Cyprus,Russia,luxury_goods,web,2025-01-26T09:27,5,15.76,1,1,R-002 high-risk jurisdiction|R-003 customer behavior deviation,0.99,suspicious
TXN-000973,CUST-0357,444489.49,USD,INTERNATIONAL_REMITTANCE,Hong Kong,British Virgin Islands,consulting,advisor,2025-12-23T03:31,4,77.45,1,1,R-002 high-risk jurisdiction|R-003 customer behavior deviation|R-005 opaque merchant category,0.955,suspicious
TXN-000974,CUST-0368,314.38,USD,INTERNATIONAL_REMITTANCE,USA,USA,investment,branch,2026-01-02T20:18,1,0.17,0,0,,0.206,normal
TXN-000975,CUST-0425,1270.53,USD,CARD,Mexico,Mexico,investment,branch,2025-03-24T20:25,3,0.15,0,0,,0.302,normal
TXN-000976,CUST-0350,71803.19,USD,CHECK,Cyprus,UAE,import_export,mobile,2025-03-03T00:59,2,0.48,0,0,,0.311,normal
TXN-000977,CUST-0432,4892.78,USD,WIRE,France,UK,charity,branch,2025-08-03T16:37,1,0.18,0,0,,0.147,normal
TXN-000978,CUST-0029,20813.37,USD,CARD,UK,UAE,charity,api,2025-07-21T05:13,2,0.19,0,0,,0.453,review
TXN-000979,CUST-0263,7040.32,USD,CARD,Germany,Germany,electronics,api,2025-04-11T23:22,1,0.13,0,0,,0.171,normal
TXN-000980,CUST-0395,169.9,USD,ACH,Turkey,Turkey,luxury_goods,mobile,2025-03-10T14:48,3,0.08,0,0,,0.39,normal
TXN-000981,CUST-0061,392126.77,USD,CRYPTO_TRANSFER,Canada,Nigeria,real_estate,advisor,2026-04-16T11:43,4,87.34,1,1,R-002 high-risk jurisdiction|R-003 customer behavior deviation|R-004 large crypto transfer,0.99,suspicious
TXN-000982,CUST-0285,472.93,USD,WIRE,Mexico,Mexico,cash_services,advisor,2026-05-02T23:27,3,0.11,0,0,,0.369,normal
TXN-000983,CUST-0379,594.02,USD,ACH,UK,Canada,charity,web,2025-10-14T11:33,1,0.11,0,0,,0.344,normal
TXN-000984,CUST-0455,284033.95,USD,INTERNATIONAL_REMITTANCE,Brazil,Nigeria,consulting,web,2025-07-06T18:08,4,87.08,1,0,R-002 high-risk jurisdiction|R-003 customer behavior deviation|R-005 opaque merchant category,0.885,suspicious
TXN-000985,CUST-0126,12476.98,USD,WIRE,China,China,investment,api,2026-01-04T09:06,3,0.3,0,0,,0.434,normal
TXN-000986,CUST-0240,360.83,USD,INTERNATIONAL_REMITTANCE,South Africa,Switzerland,consulting,api,2026-01-31T21:41,2,0.1,0,0,,0.257,normal
TXN-000987,CUST-0103,439.08,USD,WIRE,Brazil,Brazil,import_export,advisor,2026-05-08T02:10,3,0.09,0,0,,0.338,normal
TXN-000988,CUST-0464,297.41,USD,WIRE,Germany,USA,real_estate,advisor,2025-04-05T13:37,1,0.07,0,0,,0.216,normal
TXN-000989,CUST-0166,76050.24,USD,CHECK,India,India,cash_services,branch,2025-03-11T08:10,2,0.12,0,0,,0.281,normal
TXN-000990,CUST-0368,158.03,USD,ACH,Singapore,USA,charity,advisor,2026-02-10T05:22,1,0.08,0,0,,0.29,normal
TXN-000991,CUST-0419,424686.59,USD,CRYPTO_TRANSFER,Turkey,Nigeria,cash_services,branch,2025-07-31T07:30,4,71.02,1,1,R-002 high-risk jurisdiction|R-003 customer behavior deviation|R-004 large crypto transfer,0.99,suspicious
TXN-000992,CUST-0235,22934.58,USD,CASH_PAYMENT,India,Hong Kong,real_estate,branch,2026-01-09T18:44,2,0.23,1,1,,0.628,review
TXN-000993,CUST-0470,8680.16,USD,INTERNATIONAL_REMITTANCE,China,Brazil,import_export,api,2025-05-13T09:06,3,0.11,0,0,,0.391,normal
TXN-000994,CUST-0334,943.06,USD,WIRE,UAE,Cyprus,import_export,branch,2026-02-12T11:39,3,0.17,0,0,,0.433,normal
TXN-000995,CUST-0421,5816069.65,USD,INTERNATIONAL_REMITTANCE,France,Brazil,unknown,web,2025-07-24T23:16,3,81.92,1,0,R-003 customer behavior deviation|R-005 opaque merchant category,0.814,suspicious
TXN-000996,CUST-0097,124597.78,USD,INTERNATIONAL_REMITTANCE,USA,Hong Kong,travel,branch,2025-11-29T17:43,2,0.89,0,0,,0.554,review
TXN-000997,CUST-0024,321754.28,USD,CRYPTO_TRANSFER,India,Brazil,luxury_goods,web,2025-04-06T10:54,3,83.27,1,1,R-003 customer behavior deviation|R-004 large crypto transfer,0.99,suspicious
TXN-000998,CUST-0434,17321.34,USD,ACH,Canada,Nigeria,cash_services,branch,2026-04-11T01:11,4,0.23,1,0,R-002 high-risk jurisdiction,0.56,review
TXN-000999,CUST-0102,11556.2,USD,ACH,UAE,UAE,luxury_goods,branch,2026-02-06T08:24,2,0.08,0,0,,0.314,normal
TXN-001000,CUST-0369,2367.51,USD,WIRE,India,UAE,luxury_goods,mobile,2025-11-24T23:39,2,0.44,0,0,,0.298,normal
TXN-001001,CUST-0227,5692.17,USD,INTERNATIONAL_REMITTANCE,Cyprus,Singapore,charity,api,2025-04-26T04:24,1,0.82,0,0,,0.178,normal
TXN-001002,CUST-0219,30574.0,USD,INTERNATIONAL_REMITTANCE,Switzerland,Panama,luxury_goods,advisor,2025-10-10T15:40,4,34.75,1,0,R-002 high-risk jurisdiction|R-003 customer behavior deviation,0.881,suspicious
TXN-001003,CUST-0096,501.24,USD,INTERNATIONAL_REMITTANCE,France,France,investment,api,2025-01-08T16:46,1,0.15,0,0,,0.144,normal
TXN-001004,CUST-0203,532419.07,USD,CRYPTO_TRANSFER,Turkey,South Africa,real_estate,web,2026-05-09T16:49,3,59.81,1,1,R-003 customer behavior deviation|R-004 large crypto transfer,0.99,suspicious
TXN-001005,CUST-0432,4815.64,USD,ACH,France,France,luxury_goods,mobile,2026-05-12T07:23,1,0.18,0,0,,0.263,normal
TXN-001006,CUST-0079,2240835.41,USD,CASH_PAYMENT,Mexico,Iran,unknown,branch,2025-05-10T05:15,5,18.72,1,1,R-002 high-risk jurisdiction|R-003 customer behavior deviation|R-005 opaque merchant category,0.99,suspicious
TXN-001007,CUST-0344,555.37,USD,WIRE,UAE,India,investment,api,2025-04-04T21:05,2,0.23,0,0,,0.41,normal
TXN-001008,CUST-0173,14426.85,USD,ACH,USA,France,real_estate,branch,2025-05-20T13:32,1,1.63,0,0,,0.263,normal
TXN-001009,CUST-0252,407.44,USD,CARD,Brazil,Germany,travel,advisor,2025-01-07T22:31,1,0.23,0,0,,0.195,normal
TXN-001010,CUST-0397,1115.53,USD,CHECK,India,USA,electronics,web,2025-06-10T09:26,1,0.14,0,0,,0.214,normal
TXN-001011,CUST-0024,435.65,USD,CHECK,Mexico,Mexico,electronics,branch,2025-05-18T02:27,3,0.11,0,0,,0.575,review
TXN-001012,CUST-0393,491.56,USD,CHECK,China,UAE,charity,advisor,2025-08-19T18:40,2,0.11,0,0,,0.306,normal
TXN-001013,CUST-0413,329.44,USD,ACH,USA,Brazil,real_estate,branch,2026-03-20T22:15,3,0.16,0,0,,0.563,review
TXN-001014,CUST-0070,24439.4,USD,CARD,UAE,Russia,electronics,advisor,2025-09-30T19:20,5,0.07,1,0,R-002 high-risk jurisdiction,0.696,suspicious
TXN-001015,CUST-0208,978624.82,USD,CRYPTO_TRANSFER,Hong Kong,Brazil,charity,branch,2025-09-09T16:30,3,86.17,1,1,R-003 customer behavior deviation|R-004 large crypto transfer|R-005 opaque merchant category,0.99,suspicious
TXN-001016,CUST-0409,1916.31,USD,WIRE,Turkey,Cyprus,import_export,advisor,2025-11-29T18:35,3,0.26,0,0,,0.374,normal
TXN-001017,CUST-0122,1288.43,USD,CARD,Switzerland,Canada,consulting,web,2025-01-16T17:29,1,0.25,0,0,,0.334,normal
TXN-001018,CUST-0403,471.74,USD,ACH,France,Germany,investment,web,2025-09-06T12:54,1,0.12,0,0,,0.205,normal
TXN-001019,CUST-0145,329.24,USD,INTERNATIONAL_REMITTANCE,Canada,UK,cash_services,advisor,2025-06-06T10:33,1,0.07,0,0,,0.253,normal
TXN-001020,CUST-0391,76962.3,USD,CHECK,South Africa,South Africa,charity,api,2026-04-01T11:51,3,0.12,0,0,,0.376,normal
TXN-001021,CUST-0018,783.65,USD,ACH,Turkey,Turkey,investment,mobile,2026-05-15T09:17,3,0.13,0,0,,0.391,normal
TXN-001022,CUST-0316,346.24,USD,CARD,Turkey,Turkey,charity,api,2025-04-16T01:41,3,0.16,0,0,,0.459,review
TXN-001023,CUST-0304,144.52,USD,ACH,Switzerland,Switzerland,consulting,api,2025-02-10T10:43,2,0.05,0,0,,0.328,normal
TXN-001024,CUST-0470,34098.89,USD,ACH,Brazil,Brazil,consulting,mobile,2026-01-21T08:56,3,0.45,0,0,,0.401,normal
TXN-001025,CUST-0483,1812.99,USD,WIRE,France,South Africa,real_estate,advisor,2025-10-19T20:35,3,0.28,0,0,,0.416,normal
TXN-001026,CUST-0386,14129.35,USD,WIRE,Hong Kong,Hong Kong,investment,web,2026-01-24T23:04,2,0.07,0,0,,0.415,normal
TXN-001027,CUST-0359,154.19,USD,INTERNATIONAL_REMITTANCE,Brazil,Brazil,import_export,advisor,2025-02-21T08:30,3,0.11,0,0,,0.342,normal
TXN-001028,CUST-0496,10896258.83,USD,INTERNATIONAL_REMITTANCE,UK,China,luxury_goods,web,2025-02-28T16:20,3,81.01,0,0,R-003 customer behavior deviation,0.776,suspicious
TXN-001029,CUST-0246,4026.18,USD,ACH,UAE,South Africa,luxury_goods,advisor,2025-01-20T08:20,3,0.56,0,0,,0.323,normal
TXN-001030,CUST-0155,790.26,USD,CARD,China,France,investment,advisor,2025-03-14T12:08,1,0.14,1,0,,0.252,normal
TXN-001031,CUST-0399,133646.29,USD,WIRE,Cyprus,Brazil,consulting,advisor,2025-12-28T20:18,3,67.38,1,0,R-003 customer behavior deviation|R-005 opaque merchant category,0.848,suspicious
TXN-001032,CUST-0170,61804.03,USD,CASH_PAYMENT,USA,China,charity,advisor,2025-05-14T12:18,3,0.53,1,1,,0.99,suspicious
TXN-001033,CUST-0097,15514.56,USD,CHECK,Hong Kong,Hong Kong,investment,web,2025-06-01T06:15,2,0.11,0,1,,0.562,review
TXN-001034,CUST-0209,64355.88,USD,CASH_PAYMENT,Singapore,British Virgin Islands,charity,web,2025-08-23T09:59,4,62.01,1,1,R-002 high-risk jurisdiction|R-003 customer behavior deviation,0.99,suspicious
TXN-001035,CUST-0209,76.29,USD,INTERNATIONAL_REMITTANCE,Hong Kong,Mexico,investment,advisor,2025-10-10T22:13,3,0.07,0,0,,0.344,normal
TXN-001036,CUST-0363,1517.18,USD,INTERNATIONAL_REMITTANCE,Germany,China,cash_services,branch,2026-04-01T09:45,3,0.19,0,0,,0.295,normal
TXN-001037,CUST-0135,1859.23,USD,CASH_PAYMENT,India,Mexico,import_export,mobile,2026-04-29T09:34,3,0.12,0,1,,0.764,suspicious
TXN-001038,CUST-0174,17869.54,USD,CARD,USA,USA,luxury_goods,advisor,2025-01-05T04:39,1,0.65,0,0,,0.213,normal
TXN-001039,CUST-0170,39473.76,USD,CARD,France,France,real_estate,branch,2026-02-06T15:34,1,0.34,0,0,,0.532,review
TXN-001040,CUST-0418,679708.79,USD,INTERNATIONAL_REMITTANCE,Canada,British Virgin Islands,consulting,api,2026-04-06T01:56,4,77.75,1,0,R-002 high-risk jurisdiction|R-003 customer behavior deviation|R-005 opaque merchant category,0.9,suspicious
TXN-001041,CUST-0329,19276.66,USD,WIRE,Turkey,Switzerland,investment,mobile,2025-05-19T04:29,2,0.09,0,0,,0.25,normal
TXN-001042,CUST-0277,5215.38,USD,ACH,USA,Canada,luxury_goods,mobile,2025-01-27T12:44,1,0.26,1,0,,0.35,normal
TXN-001043,CUST-0417,36892.67,USD,ACH,Mexico,Canada,cash_services,api,2026-02-27T08:53,1,0.08,0,0,,0.245,normal
TXN-001044,CUST-0319,1437.74,USD,WIRE,Brazil,UK,cash_services,advisor,2026-02-08T23:07,1,0.48,1,0,,0.358,normal
TXN-001045,CUST-0076,393.86,USD,WIRE,Singapore,USA,import_export,web,2026-04-30T08:26,1,0.05,0,0,,0.2,normal
TXN-001046,CUST-0322,649357.8,USD,ACH,Switzerland,China,real_estate,branch,2026-05-10T17:31,3,1.01,0,0,,0.32,normal
TXN-001047,CUST-0357,1530.77,USD,CHECK,India,Canada,investment,api,2025-05-30T23:40,1,0.27,1,0,,0.265,normal
TXN-001048,CUST-0323,1586.15,USD,WIRE,China,South Africa,travel,advisor,2025-09-10T03:28,3,0.21,0,0,,0.37,normal
TXN-001049,CUST-0073,336.17,USD,WIRE,France,France,luxury_goods,mobile,2025-07-12T06:00,1,0.07,0,0,,0.195,normal
TXN-001050,CUST-0165,57957.52,USD,ACH,China,USA,travel,advisor,2025-05-19T15:51,1,0.1,1,0,,0.32,normal
TXN-001051,CUST-0086,302983.05,USD,INTERNATIONAL_REMITTANCE,UK,Russia,luxury_goods,api,2026-01-28T10:41,5,36.81,1,0,R-002 high-risk jurisdiction|R-003 customer behavior deviation,0.99,suspicious
TXN-001052,CUST-0350,7655.95,USD,CHECK,UAE,UAE,travel,mobile,2025-04-30T09:08,2,0.05,0,0,,0.293,normal
TXN-001053,CUST-0472,807.04,USD,CHECK,Germany,Russia,electronics,branch,2025-10-05T02:51,5,0.12,1,0,R-002 high-risk jurisdiction,0.618,review
TXN-001054,CUST-0310,39528.9,USD,CRYPTO_TRANSFER,Turkey,China,unknown,web,2025-03-01T02:26,3,60.6,1,1,R-003 customer behavior deviation,0.961,suspicious
TXN-001055,CUST-0443,2256.11,USD,CARD,India,USA,electronics,mobile,2025-08-26T22:48,1,0.28,0,0,,0.244,normal
TXN-001056,CUST-0079,5629.55,USD,ACH,Switzerland,Germany,travel,branch,2025-05-13T21:16,1,0.05,0,0,,0.284,normal
TXN-001057,CUST-0331,6117.21,USD,ACH,Germany,Germany,consulting,branch,2025-12-27T05:21,1,0.12,0,0,,0.204,normal
TXN-001058,CUST-0329,15000000,USD,CRYPTO_TRANSFER,Switzerland,Cayman Islands,consulting,branch,2025-09-19T22:37,4,69.78,1,1,R-002 high-risk jurisdiction|R-003 customer behavior deviation|R-004 large crypto transfer|R-005 opaque merchant category,0.99,suspicious
TXN-001059,CUST-0058,2296.28,USD,WIRE,South Africa,China,investment,web,2026-01-26T19:53,3,0.26,0,0,,0.332,normal
TXN-001060,CUST-0168,1145.85,USD,INTERNATIONAL_REMITTANCE,Singapore,France,investment,branch,2025-04-01T19:27,1,0.18,1,0,,0.358,normal
TXN-001061,CUST-0469,43819.19,USD,CARD,Turkey,Turkey,electronics,api,2026-04-30T13:37,3,0.14,0,0,,0.391,normal
TXN-001062,CUST-0397,2156.59,USD,CARD,India,India,luxury_goods,api,2025-02-08T06:35,2,0.28,0,0,,0.223,normal
TXN-001063,CUST-0157,503.53,USD,CHECK,Germany,Hong Kong,real_estate,advisor,2025-08-30T20:59,2,0.11,1,0,,0.425,normal
TXN-001064,CUST-0423,13650.82,USD,WIRE,South Africa,South Africa,import_export,mobile,2025-04-12T03:47,3,0.23,0,0,,0.41,normal
TXN-001065,CUST-0011,333083.21,USD,INTERNATIONAL_REMITTANCE,China,Mexico,real_estate,branch,2025-12-28T00:04,3,79.39,0,0,R-003 customer behavior deviation,0.664,review
TXN-001066,CUST-0179,68589.49,USD,WIRE,UAE,Hong Kong,travel,branch,2025-06-17T06:07,2,0.37,0,0,,0.289,normal
TXN-001067,CUST-0454,30786.02,USD,ACH,UAE,China,luxury_goods,advisor,2025-01-31T15:23,3,0.04,1,0,,0.629,review
TXN-001068,CUST-0358,7798.0,USD,ACH,Turkey,Panama,import_export,mobile,2026-04-03T13:09,4,1.15,1,0,R-002 high-risk jurisdiction,0.609,review
TXN-001069,CUST-0452,206.01,USD,WIRE,Singapore,UK,electronics,advisor,2025-07-23T15:31,1,0.07,1,0,,0.289,normal
TXN-001070,CUST-0223,1808.16,USD,INTERNATIONAL_REMITTANCE,Brazil,Brazil,import_export,branch,2025-06-28T06:22,3,0.52,0,0,,0.402,normal
TXN-001071,CUST-0308,49.0,USD,WIRE,India,India,electronics,api,2025-11-30T01:28,2,0.05,0,0,,0.278,normal
TXN-001072,CUST-0323,2247.64,USD,CHECK,China,China,real_estate,mobile,2025-08-28T20:42,3,0.29,0,0,,0.405,normal
TXN-001073,CUST-0210,476839.49,USD,CASH_PAYMENT,USA,Iran,unknown,api,2025-10-24T18:12,5,83.05,1,1,R-002 high-risk jurisdiction|R-003 customer behavior deviation|R-005 opaque merchant category,0.99,suspicious
TXN-001074,CUST-0278,55.09,USD,CASH_PAYMENT,UAE,Brazil,electronics,api,2025-12-23T13:37,3,0.11,0,1,,0.548,review
TXN-001075,CUST-0392,31907.95,USD,INTERNATIONAL_REMITTANCE,USA,Cyprus,import_export,advisor,2025-10-17T05:32,3,0.59,0,0,,0.557,review
TXN-001076,CUST-0115,1913.58,USD,CHECK,China,China,investment,advisor,2025-05-18T21:24,3,0.33,0,0,,0.396,normal
TXN-001077,CUST-0392,2675.82,USD,CARD,Cyprus,Cyprus,cash_services,advisor,2025-12-18T23:12,3,0.05,0,0,,0.565,review
TXN-001078,CUST-0287,22031.83,USD,CASH_PAYMENT,Mexico,France,import_export,advisor,2025-02-27T14:01,1,0.25,0,1,,0.434,normal
TXN-001079,CUST-0148,12048.28,USD,CRYPTO_TRANSFER,Cyprus,Cyprus,import_export,advisor,2025-05-16T09:53,3,0.18,0,1,,0.551,review
TXN-001080,CUST-0406,342.94,USD,WIRE,Cyprus,Cyprus,investment,branch,2025-07-24T04:45,3,0.27,0,0,,0.416,normal
TXN-001081,CUST-0021,553.15,USD,CARD,Germany,Germany,travel,web,2025-02-23T07:33,1,0.08,0,0,,0.148,normal
TXN-001082,CUST-0450,14308.35,USD,CARD,India,India,cash_services,advisor,2026-03-03T03:37,2,0.32,0,0,,0.353,normal
TXN-001083,CUST-0213,667.86,USD,ACH,South Africa,Switzerland,charity,branch,2025-12-14T11:46,2,0.11,1,1,,0.522,review
TXN-001084,CUST-0390,1803.02,USD,CHECK,Germany,South Africa,consulting,advisor,2026-02-27T14:57,3,0.31,0,0,,0.488,review
TXN-001085,CUST-0341,3834.79,USD,WIRE,Germany,Germany,import_export,branch,2025-03-24T14:08,1,0.59,0,1,,0.337,normal
TXN-001086,CUST-0412,106548.87,USD,INTERNATIONAL_REMITTANCE,Canada,Cyprus,real_estate,api,2025-01-25T07:52,3,14.6,1,1,R-003 customer behavior deviation,0.872,suspicious
TXN-001087,CUST-0152,331.71,USD,WIRE,UAE,UK,electronics,advisor,2025-03-26T10:16,1,0.19,0,0,,0.294,normal
TXN-001088,CUST-0194,3352979.92,USD,WIRE,UK,Cayman Islands,unknown,api,2025-08-12T16:18,4,71.14,1,0,R-002 high-risk jurisdiction|R-003 customer behavior deviation|R-005 opaque merchant category,0.99,suspicious
TXN-001089,CUST-0478,11964.16,USD,CASH_PAYMENT,Turkey,UAE,investment,api,2025-09-13T10:29,2,0.05,0,1,,0.6,review
TXN-001090,CUST-0200,188.07,USD,INTERNATIONAL_REMITTANCE,Germany,Germany,real_estate,mobile,2025-10-01T07:41,1,0.04,0,0,,0.183,normal
TXN-001091,CUST-0251,98537.53,USD,WIRE,Turkey,Singapore,charity,branch,2025-03-07T22:28,1,0.44,0,0,,0.232,normal
TXN-001092,CUST-0047,387.95,USD,CRYPTO_TRANSFER,Hong Kong,Cyprus,electronics,mobile,2025-10-02T21:55,3,0.1,0,1,,0.532,review
TXN-001093,CUST-0127,24833.13,USD,ACH,Turkey,Germany,travel,mobile,2025-12-31T10:40,1,0.22,0,0,,0.201,normal
TXN-001094,CUST-0060,226.78,USD,CARD,USA,France,investment,advisor,2025-06-07T20:27,1,0.11,0,0,,0.207,normal
TXN-001095,CUST-0230,728.71,USD,ACH,Hong Kong,UK,cash_services,web,2025-02-27T15:44,1,0.11,0,0,,0.181,normal
TXN-001096,CUST-0298,4101.34,USD,WIRE,Switzerland,Germany,travel,branch,2025-09-08T17:25,1,0.47,0,0,,0.33,normal
TXN-001097,CUST-0114,360.4,USD,CARD,Mexico,South Africa,luxury_goods,advisor,2026-04-25T01:16,3,0.18,0,0,,0.396,normal
TXN-001098,CUST-0260,287.03,USD,CHECK,Switzerland,Canada,travel,branch,2025-03-04T15:11,1,0.16,0,0,,0.211,normal
TXN-001099,CUST-0210,1824.4,USD,ACH,USA,Hong Kong,travel,branch,2025-12-18T16:19,2,0.32,0,0,,0.256,normal
TXN-001100,CUST-0143,1029.73,USD,CHECK,China,China,real_estate,api,2025-04-25T07:09,3,0.16,0,1,,0.517,review
TXN-001101,CUST-0070,156010.07,USD,CARD,South Africa,UAE,investment,branch,2025-02-27T01:38,2,0.45,0,0,,0.329,normal
TXN-001102,CUST-0284,1794.23,USD,CARD,Switzerland,Cyprus,consulting,advisor,2025-03-29T22:12,3,0.25,0,0,,0.348,normal
TXN-001103,CUST-0142,46637.19,USD,ACH,Canada,UK,travel,advisor,2025-03-29T19:09,1,0.17,0,0,,0.33,normal
TXN-001104,CUST-0190,16847.87,USD,CHECK,UAE,Turkey,real_estate,advisor,2025-04-02T04:53,3,0.39,0,0,,0.416,normal
TXN-001105,CUST-0382,974.87,USD,INTERNATIONAL_REMITTANCE,Turkey,Turkey,import_export,advisor,2025-11-24T20:46,3,0.39,0,0,,0.402,normal
TXN-001106,CUST-0232,619.72,USD,CARD,Germany,Germany,real_estate,web,2026-02-11T07:02,1,0.08,0,1,,0.264,normal
TXN-001107,CUST-0390,1014.21,USD,CHECK,South Africa,Germany,charity,branch,2026-01-21T14:49,1,0.18,0,0,,0.31,normal
TXN-001108,CUST-0059,53324.58,USD,INTERNATIONAL_REMITTANCE,UAE,China,investment,advisor,2026-01-13T21:04,3,0.22,1,0,,0.566,review
TXN-001109,CUST-0444,6880.22,USD,INTERNATIONAL_REMITTANCE,Canada,Turkey,travel,branch,2025-03-17T19:07,3,0.4,0,0,,0.643,review
TXN-001110,CUST-0474,642.63,USD,CARD,France,France,investment,api,2025-06-13T06:39,1,0.1,0,0,,0.19,normal
TXN-001111,CUST-0203,607789.24,USD,CRYPTO_TRANSFER,USA,Cayman Islands,luxury_goods,branch,2026-05-06T18:10,4,68.28,1,1,R-002 high-risk jurisdiction|R-003 customer behavior deviation|R-004 large crypto transfer,0.99,suspicious
TXN-001112,CUST-0294,14440.79,USD,CARD,Mexico,Canada,investment,branch,2025-09-29T11:11,1,0.08,0,0,,0.311,normal
TXN-001113,CUST-0409,348153.31,USD,CASH_PAYMENT,Cyprus,Cayman Islands,consulting,api,2026-03-27T04:37,4,47.69,1,1,R-002 high-risk jurisdiction|R-003 customer behavior deviation|R-005 opaque merchant category,0.99,suspicious
TXN-001114,CUST-0366,2385.69,USD,INTERNATIONAL_REMITTANCE,Mexico,South Africa,luxury_goods,api,2025-02-10T07:24,3,0.04,1,0,,0.541,review
TXN-001115,CUST-0261,253.21,USD,ACH,India,Canada,travel,advisor,2025-02-16T12:31,1,0.14,0,0,,0.243,normal
TXN-001116,CUST-0150,494.95,USD,WIRE,Mexico,Mexico,luxury_goods,advisor,2025-06-27T03:56,3,0.06,0,0,,0.344,normal
TXN-001117,CUST-0149,1364.5,USD,WIRE,Switzerland,Brazil,luxury_goods,branch,2026-01-28T22:11,3,0.71,1,0,,0.603,review
TXN-001118,CUST-0003,9991.74,USD,WIRE,Switzerland,France,investment,branch,2025-11-16T23:46,1,0.11,0,0,,0.213,normal
TXN-001119,CUST-0486,3023.8,USD,INTERNATIONAL_REMITTANCE,Cyprus,Canada,investment,web,2026-05-09T04:14,1,0.39,0,1,,0.226,normal
TXN-001120,CUST-0343,5658.02,USD,CARD,Switzerland,Canada,consulting,web,2025-05-19T15:28,1,0.09,0,0,,0.158,normal
TXN-001121,CUST-0387,2862.88,USD,INTERNATIONAL_REMITTANCE,UAE,Russia,cash_services,api,2025-05-14T23:43,5,0.32,1,0,R-002 high-risk jurisdiction,0.7,suspicious
TXN-001122,CUST-0470,52593.37,USD,CRYPTO_TRANSFER,Brazil,Brazil,consulting,api,2026-01-22T11:58,3,0.69,0,1,,0.495,review
TXN-001123,CUST-0362,1325.87,USD,WIRE,Mexico,Hong Kong,cash_services,branch,2026-03-31T06:42,2,0.34,0,0,,0.24,normal
TXN-001124,CUST-0496,26703.99,USD,CARD,China,UK,charity,branch,2026-04-30T07:06,1,0.2,0,0,,0.249,normal
TXN-001125,CUST-0390,274.37,USD,WIRE,Germany,South Africa,charity,advisor,2025-04-20T13:48,3,0.05,0,0,,0.399,normal
TXN-001126,CUST-0244,1677.89,USD,ACH,South Africa,Turkey,charity,web,2026-05-12T00:47,3,0.28,0,0,,0.306,normal
TXN-001127,CUST-0066,9373.93,USD,CHECK,Singapore,British Virgin Islands,real_estate,mobile,2025-01-18T22:16,4,0.06,1,0,R-002 high-risk jurisdiction,0.622,review
TXN-001128,CUST-0237,563943.05,USD,CASH_PAYMENT,Switzerland,Nigeria,luxury_goods,branch,2025-12-20T20:11,4,27.83,1,1,R-002 high-risk jurisdiction|R-003 customer behavior deviation,0.99,suspicious
TXN-001129,CUST-0140,42007.25,USD,WIRE,Mexico,Nigeria,unknown,web,2025-02-08T02:01,4,23.28,1,1,R-002 high-risk jurisdiction|R-003 customer behavior deviation,0.99,suspicious
TXN-001130,CUST-0366,2248.37,USD,INTERNATIONAL_REMITTANCE,Mexico,Mexico,import_export,branch,2025-03-19T13:18,3,0.03,0,0,,0.456,review
TXN-001131,CUST-0444,2445.27,USD,CHECK,Turkey,USA,consulting,mobile,2025-05-16T23:41,1,0.14,0,0,,0.452,review
TXN-001132,CUST-0110,1965.15,USD,CARD,Brazil,Brazil,electronics,advisor,2025-12-19T13:01,3,0.05,0,0,,0.409,normal
TXN-001133,CUST-0244,304615.63,USD,CRYPTO_TRANSFER,Turkey,Brazil,charity,branch,2025-01-17T20:17,3,51.42,1,1,R-003 customer behavior deviation|R-004 large crypto transfer|R-005 opaque merchant category,0.968,suspicious
TXN-001134,CUST-0406,559.38,USD,ACH,Cyprus,France,investment,advisor,2025-06-23T15:52,1,0.44,0,0,,0.201,normal
TXN-001135,CUST-0161,2036473.49,USD,CRYPTO_TRANSFER,China,Cyprus,unknown,api,2025-01-14T15:44,3,13.14,0,1,R-003 customer behavior deviation|R-004 large crypto transfer|R-005 opaque merchant category,0.835,suspicious
TXN-001136,CUST-0237,1397923.55,USD,INTERNATIONAL_REMITTANCE,Turkey,Panama,charity,web,2025-02-25T06:58,4,68.97,1,0,R-002 high-risk jurisdiction|R-003 customer behavior deviation|R-005 opaque merchant category,0.953,suspicious
TXN-001137,CUST-0195,1944.68,USD,INTERNATIONAL_REMITTANCE,Brazil,Brazil,investment,branch,2025-06-11T09:32,3,0.33,0,0,,0.373,normal
TXN-001138,CUST-0406,59476.3,USD,CRYPTO_TRANSFER,Cyprus,China,cash_services,branch,2025-08-21T08:45,3,47.16,1,1,R-003 customer behavior deviation,0.982,suspicious
TXN-001139,CUST-0209,91491.38,USD,WIRE,Hong Kong,Cyprus,charity,api,2025-07-04T04:55,3,88.16,1,1,R-003 customer behavior deviation,0.866,suspicious
TXN-001140,CUST-0204,11687688.23,USD,WIRE,Cyprus,Cyprus,charity,branch,2025-10-26T09:16,3,34.1,0,1,R-003 customer behavior deviation|R-005 opaque merchant category,0.989,suspicious
TXN-001141,CUST-0422,932.83,USD,CHECK,Mexico,Germany,real_estate,web,2026-04-18T04:27,1,0.14,0,0,,0.238,normal
TXN-001142,CUST-0041,1420.84,USD,CHECK,Germany,Brazil,import_export,web,2025-02-27T13:02,3,0.21,0,0,,0.339,normal
TXN-001143,CUST-0055,381468.32,USD,CASH_PAYMENT,Singapore,Turkey,cash_services,web,2026-03-27T13:48,3,61.73,1,1,R-003 customer behavior deviation,0.99,suspicious
TXN-001144,CUST-0360,1557.2,USD,WIRE,Brazil,South Africa,luxury_goods,api,2025-08-26T12:56,3,0.23,0,0,,0.464,review
TXN-001145,CUST-0465,86209.67,USD,INTERNATIONAL_REMITTANCE,India,Nigeria,luxury_goods,api,2025-08-13T22:26,4,49.67,1,1,R-002 high-risk jurisdiction|R-003 customer behavior deviation,0.972,suspicious
TXN-001146,CUST-0046,987.67,USD,CHECK,Singapore,China,import_export,api,2025-07-21T20:45,3,0.02,0,0,,0.457,review
TXN-001147,CUST-0321,165584.46,USD,CRYPTO_TRANSFER,Switzerland,Turkey,unknown,api,2025-09-19T14:55,3,21.78,1,1,R-003 customer behavior deviation|R-005 opaque merchant category,0.99,suspicious
TXN-001148,CUST-0484,38922.18,USD,WIRE,Hong Kong,South Africa,luxury_goods,api,2026-01-01T00:19,3,0.17,0,0,,0.441,normal
TXN-001149,CUST-0086,3938.56,USD,WIRE,India,India,charity,branch,2025-01-02T02:04,2,0.48,0,0,,0.389,normal
TXN-001150,CUST-0281,2796.47,USD,CHECK,Canada,China,investment,branch,2025-09-22T17:47,3,0.1,0,0,,0.468,review
TXN-001151,CUST-0399,148.63,USD,CHECK,Switzerland,Switzerland,luxury_goods,api,2025-03-13T23:23,2,0.07,0,0,,0.312,normal
TXN-001152,CUST-0479,2301.81,USD,INTERNATIONAL_REMITTANCE,Singapore,South Africa,investment,api,2025-06-03T18:32,3,0.73,1,0,,0.529,review
TXN-001153,CUST-0487,343029.12,USD,INTERNATIONAL_REMITTANCE,Cyprus,South Africa,consulting,advisor,2025-05-06T01:23,3,77.64,1,0,R-003 customer behavior deviation|R-005 opaque merchant category,0.793,suspicious
TXN-001154,CUST-0472,3727.74,USD,CARD,Germany,India,charity,branch,2025-02-12T03:16,2,0.56,0,0,,0.313,normal
TXN-001155,CUST-0044,951.52,USD,CHECK,France,UK,consulting,advisor,2026-05-14T00:37,1,0.28,0,0,,0.208,normal
TXN-001156,CUST-0134,473.55,USD,WIRE,Brazil,Mexico,cash_services,branch,2025-07-12T19:37,3,0.22,0,0,,0.353,normal
TXN-001157,CUST-0129,428.24,USD,ACH,Brazil,Canada,investment,branch,2025-05-17T21:58,1,0.36,0,0,,0.226,normal
TXN-001158,CUST-0415,596569.77,USD,CRYPTO_TRANSFER,China,Cayman Islands,real_estate,web,2025-09-20T15:14,4,70.45,1,1,R-002 high-risk jurisdiction|R-003 customer behavior deviation|R-004 large crypto transfer,0.99,suspicious
TXN-001159,CUST-0393,623.69,USD,ACH,UAE,UAE,cash_services,mobile,2026-02-09T12:14,2,0.14,0,0,,0.324,normal
TXN-001160,CUST-0099,358.95,USD,WIRE,Cyprus,Hong Kong,luxury_goods,advisor,2025-02-24T18:44,2,0.11,0,0,,0.363,normal
TXN-001161,CUST-0215,219504.63,USD,INTERNATIONAL_REMITTANCE,UK,Nigeria,real_estate,api,2025-02-01T15:51,4,0.4,1,0,R-002 high-risk jurisdiction,0.806,suspicious
TXN-001162,CUST-0113,1997790.12,USD,CASH_PAYMENT,Germany,Panama,charity,branch,2025-09-25T04:53,4,41.25,1,1,R-002 high-risk jurisdiction|R-003 customer behavior deviation|R-005 opaque merchant category,0.99,suspicious
TXN-001163,CUST-0016,653334.88,USD,CRYPTO_TRANSFER,France,British Virgin Islands,unknown,web,2025-02-05T11:58,4,79.71,1,1,R-002 high-risk jurisdiction|R-003 customer behavior deviation|R-004 large crypto transfer|R-005 opaque merchant category,0.99,suspicious
TXN-001164,CUST-0016,655.44,USD,WIRE,France,France,charity,web,2025-06-09T13:01,1,0.08,0,0,,0.346,normal
TXN-001165,CUST-0497,7283.64,USD,CRYPTO_TRANSFER,Singapore,Mexico,electronics,web,2025-02-24T21:13,3,1.4,1,1,,0.645,review
TXN-001166,CUST-0122,241345.29,USD,CRYPTO_TRANSFER,Switzerland,Iran,cash_services,api,2025-05-13T08:01,5,47.43,1,1,R-002 high-risk jurisdiction|R-003 customer behavior deviation,0.99,suspicious
TXN-001167,CUST-0493,489.3,USD,INTERNATIONAL_REMITTANCE,USA,Turkey,cash_services,mobile,2025-07-21T15:27,3,0.16,0,0,,0.422,normal
TXN-001168,CUST-0261,164.21,USD,CARD,India,Turkey,real_estate,web,2026-03-29T13:57,3,0.09,1,1,,0.628,review
TXN-001169,CUST-0227,660.04,USD,CHECK,Singapore,Singapore,investment,web,2025-07-31T03:42,1,0.09,0,0,,0.233,normal
TXN-001170,CUST-0156,442.38,USD,ACH,Turkey,Turkey,consulting,mobile,2025-06-07T14:18,3,0.16,0,0,,0.409,normal
TXN-001171,CUST-0386,18422.49,USD,WIRE,South Africa,Hong Kong,travel,advisor,2025-07-02T08:45,2,0.09,0,0,,0.384,normal
TXN-001172,CUST-0089,224717.83,USD,WIRE,Singapore,Iran,real_estate,api,2026-01-28T04:13,5,38.97,1,1,R-002 high-risk jurisdiction|R-003 customer behavior deviation,0.99,suspicious
TXN-001173,CUST-0364,1973.21,USD,WIRE,South Africa,China,charity,api,2025-04-26T11:30,3,0.4,0,0,,0.421,normal
TXN-001174,CUST-0404,62311.04,USD,CHECK,India,India,electronics,advisor,2025-07-27T13:49,2,0.5,0,0,,0.34,normal
TXN-001175,CUST-0397,600179.97,USD,CASH_PAYMENT,India,Cayman Islands,luxury_goods,web,2026-02-22T12:39,4,76.97,1,1,R-002 high-risk jurisdiction|R-003 customer behavior deviation,0.99,suspicious
TXN-001176,CUST-0337,929.18,USD,INTERNATIONAL_REMITTANCE,Hong Kong,UAE,luxury_goods,api,2026-01-01T21:54,2,0.23,0,0,,0.358,normal
TXN-001177,CUST-0198,49592.61,USD,CASH_PAYMENT,India,British Virgin Islands,luxury_goods,web,2025-08-17T18:47,4,9.97,1,1,R-002 high-risk jurisdiction,0.99,suspicious
TXN-001178,CUST-0319,108.94,USD,INTERNATIONAL_REMITTANCE,Brazil,Brazil,electronics,advisor,2026-02-04T03:34,3,0.04,0,0,,0.439,normal
TXN-001179,CUST-0388,1286.37,USD,WIRE,China,China,cash_services,web,2025-06-18T12:26,3,0.33,0,0,,0.446,normal
TXN-001180,CUST-0322,14519323.34,USD,WIRE,Mexico,Brazil,consulting,web,2025-12-28T04:04,3,22.51,1,1,R-003 customer behavior deviation|R-005 opaque merchant category,0.848,suspicious
TXN-001181,CUST-0473,414.93,USD,ACH,Singapore,Switzerland,investment,advisor,2025-08-28T03:49,2,0.23,0,0,,0.345,normal
TXN-001182,CUST-0055,1204.95,USD,ACH,Singapore,UK,charity,mobile,2025-11-02T20:04,1,0.19,0,1,,0.298,normal
TXN-001183,CUST-0197,98.54,USD,CHECK,Cyprus,USA,electronics,api,2026-03-19T03:37,1,0.16,0,0,,0.263,normal
TXN-001184,CUST-0004,1172.76,USD,CHECK,Cyprus,Cyprus,luxury_goods,branch,2025-12-09T10:00,3,0.34,0,0,,0.322,normal
TXN-001185,CUST-0394,358211.56,USD,CRYPTO_TRANSFER,UAE,British Virgin Islands,cash_services,branch,2025-01-20T13:07,4,79.49,1,1,R-002 high-risk jurisdiction|R-003 customer behavior deviation|R-004 large crypto transfer,0.99,suspicious
TXN-001186,CUST-0391,72652.02,USD,ACH,South Africa,South Africa,real_estate,web,2025-11-14T23:33,3,0.11,0,0,,0.338,normal
TXN-001187,CUST-0296,37754.46,USD,WIRE,Switzerland,Mexico,electronics,branch,2026-02-26T04:57,3,0.43,0,0,,0.383,normal
TXN-001188,CUST-0003,40577.28,USD,CARD,Switzerland,Switzerland,import_export,branch,2025-10-23T04:40,2,0.43,0,0,,0.279,normal
TXN-001189,CUST-0438,16052.21,USD,WIRE,UAE,UAE,investment,mobile,2025-02-21T12:34,2,0.12,0,0,,0.339,normal
TXN-001190,CUST-0194,2818.7,USD,CHECK,UK,Singapore,charity,mobile,2026-03-21T20:58,1,0.06,0,0,,0.408,normal
TXN-001191,CUST-0120,4451.07,USD,ACH,Switzerland,Turkey,travel,branch,2025-05-07T18:50,3,0.1,0,0,,0.382,normal
TXN-001192,CUST-0382,761.42,USD,CARD,Turkey,Germany,luxury_goods,branch,2025-10-31T12:42,1,0.31,0,1,,0.303,normal
TXN-001193,CUST-0255,1068.34,USD,WIRE,UK,Singapore,charity,mobile,2025-01-10T05:14,1,0.12,0,0,,0.225,normal
TXN-001194,CUST-0150,2835.22,USD,INTERNATIONAL_REMITTANCE,UAE,UAE,real_estate,api,2025-08-24T06:56,2,0.33,0,0,,0.264,normal
TXN-001195,CUST-0257,512.15,USD,ACH,Cyprus,Canada,investment,api,2025-02-20T16:36,1,0.06,0,0,,0.305,normal
TXN-001196,CUST-0117,1045.66,USD,WIRE,UK,Cyprus,investment,api,2025-10-16T05:53,3,0.12,0,0,,0.349,normal
TXN-001197,CUST-0395,531.62,USD,INTERNATIONAL_REMITTANCE,Turkey,Turkey,investment,web,2025-08-02T14:37,3,0.26,0,0,,0.318,normal
TXN-001198,CUST-0006,5987.92,USD,CARD,Turkey,Turkey,travel,mobile,2026-01-08T18:43,3,1.01,0,0,,0.436,normal
TXN-001199,CUST-0206,43177.97,USD,CHECK,Canada,South Africa,investment,advisor,2026-04-04T22:55,3,0.26,0,0,,0.457,review
TXN-001200,CUST-0409,4376.92,USD,WIRE,Switzerland,France,charity,web,2025-01-04T11:50,1,0.6,0,0,,0.265,normal
TXN-001201,CUST-0352,14152.14,USD,CARD,Mexico,UAE,consulting,api,2025-06-10T06:32,2,0.15,0,0,,0.3,normal
TXN-001202,CUST-0378,27500.16,USD,ACH,China,Turkey,consulting,web,2025-08-12T02:37,3,0.13,0,0,,0.432,normal
TXN-001203,CUST-0442,172222.72,USD,WIRE,China,South Africa,charity,web,2025-04-18T13:44,3,75.65,1,1,R-003 customer behavior deviation|R-005 opaque merchant category,0.953,suspicious
TXN-001204,CUST-0067,2765.01,USD,ACH,USA,Germany,electronics,branch,2025-01-30T10:03,1,0.66,0,0,,0.169,normal
TXN-001205,CUST-0453,506.07,USD,ACH,China,UK,luxury_goods,web,2026-03-04T14:30,1,0.08,0,0,,0.257,normal
TXN-001206,CUST-0005,2519.98,USD,ACH,UK,UK,consulting,branch,2025-12-14T13:34,1,0.31,0,0,,0.178,normal
TXN-001207,CUST-0425,343801.94,USD,CASH_PAYMENT,UK,Panama,cash_services,advisor,2026-04-17T07:22,4,40.9,1,1,R-002 high-risk jurisdiction|R-003 customer behavior deviation,0.99,suspicious
TXN-001208,CUST-0042,1401.11,USD,CHECK,Mexico,Switzerland,luxury_goods,mobile,2026-03-04T15:39,2,0.06,0,0,,0.256,normal
TXN-001209,CUST-0470,27340.38,USD,WIRE,Turkey,China,electronics,api,2026-04-14T18:57,3,0.36,0,0,,0.295,normal
TXN-001210,CUST-0114,107.79,USD,INTERNATIONAL_REMITTANCE,Mexico,Panama,import_export,advisor,2025-02-25T23:51,4,0.05,1,0,R-002 high-risk jurisdiction,0.604,review
TXN-001211,CUST-0378,5891.93,USD,WIRE,Turkey,South Africa,real_estate,mobile,2025-04-24T11:52,3,0.03,1,0,,0.558,review
TXN-001212,CUST-0153,510.71,USD,INTERNATIONAL_REMITTANCE,Mexico,Brazil,travel,api,2025-08-21T05:40,3,0.2,0,0,,0.35,normal
TXN-001213,CUST-0156,197.51,USD,INTERNATIONAL_REMITTANCE,UAE,UAE,investment,api,2026-03-16T18:38,2,0.07,0,0,,0.274,normal
TXN-001214,CUST-0418,599665.6,USD,INTERNATIONAL_REMITTANCE,Canada,Turkey,charity,branch,2025-10-07T00:20,3,68.6,1,0,R-003 customer behavior deviation|R-005 opaque merchant category,0.879,suspicious
TXN-001215,CUST-0473,157653.32,USD,CASH_PAYMENT,Switzerland,British Virgin Islands,charity,web,2026-04-08T12:40,4,86.59,1,1,R-002 high-risk jurisdiction|R-003 customer behavior deviation|R-005 opaque merchant category,0.99,suspicious
TXN-001216,CUST-0484,128774.75,USD,CHECK,Hong Kong,South Africa,charity,advisor,2026-04-06T05:21,3,0.56,0,0,R-005 opaque merchant category,0.471,review
TXN-001217,CUST-0099,364.97,USD,CRYPTO_TRANSFER,Hong Kong,Cyprus,investment,web,2025-11-13T07:43,3,0.11,0,1,,0.728,suspicious
TXN-001218,CUST-0146,3543.02,USD,ACH,Singapore,South Africa,charity,advisor,2025-04-09T05:32,3,0.09,0,0,,0.592,review
TXN-001219,CUST-0127,7949.96,USD,CARD,Germany,UAE,luxury_goods,branch,2026-01-21T09:13,2,0.07,0,0,,0.277,normal
TXN-001220,CUST-0451,15988.68,USD,CHECK,France,Mexico,luxury_goods,advisor,2025-03-02T04:52,3,0.15,0,1,,0.515,review
TXN-001221,CUST-0255,463.95,USD,CHECK,UK,UK,luxury_goods,api,2025-11-25T03:10,1,0.05,0,0,,0.256,normal
TXN-001222,CUST-0462,11145.89,USD,CHECK,Brazil,UAE,real_estate,mobile,2025-07-10T07:55,2,0.4,0,0,,0.408,normal
TXN-001223,CUST-0066,54025.78,USD,INTERNATIONAL_REMITTANCE,South Africa,Singapore,electronics,web,2026-04-05T04:50,1,0.34,0,0,,0.309,normal
TXN-001224,CUST-0456,1691.89,USD,WIRE,Cyprus,China,investment,web,2025-03-27T03:36,3,0.25,0,0,,0.33,normal
TXN-001225,CUST-0354,303.34,USD,CARD,Hong Kong,Hong Kong,charity,web,2025-09-22T15:04,2,0.08,0,0,,0.293,normal
TXN-001226,CUST-0303,6366.51,USD,INTERNATIONAL_REMITTANCE,China,Hong Kong,luxury_goods,mobile,2025-09-14T18:36,2,0.06,1,0,,0.435,normal
TXN-001227,CUST-0420,949.91,USD,ACH,Cyprus,Germany,consulting,branch,2025-09-10T01:24,1,0.32,1,0,,0.423,normal
TXN-001228,CUST-0325,10707.76,USD,CARD,Switzerland,USA,real_estate,web,2026-03-23T21:04,1,2.84,0,0,,0.345,normal
TXN-001229,CUST-0085,2473.59,USD,ACH,Switzerland,British Virgin Islands,travel,advisor,2026-03-01T18:28,4,0.43,1,0,R-002 high-risk jurisdiction,0.552,review
TXN-001230,CUST-0397,833.9,USD,CHECK,India,India,cash_services,api,2025-12-04T19:57,2,0.11,0,0,,0.292,normal
TXN-001231,CUST-0186,102.23,USD,CARD,Switzerland,South Africa,import_export,mobile,2025-03-30T06:15,3,0.03,0,0,,0.398,normal
TXN-001232,CUST-0005,1441.88,USD,WIRE,USA,USA,luxury_goods,api,2025-04-07T20:06,1,0.18,0,0,,0.234,normal
TXN-001233,CUST-0451,10157.7,USD,ACH,France,UK,investment,advisor,2025-11-07T23:58,1,0.09,1,0,,0.443,normal
TXN-001234,CUST-0202,41453.53,USD,CARD,UK,Hong Kong,travel,branch,2025-04-10T06:19,2,0.22,0,0,,0.262,normal
TXN-001235,CUST-0429,1785.6,USD,INTERNATIONAL_REMITTANCE,India,India,import_export,mobile,2025-04-01T04:35,2,0.2,0,0,,0.249,normal
TXN-001236,CUST-0429,342.24,USD,INTERNATIONAL_REMITTANCE,Switzerland,Switzerland,import_export,branch,2025-08-25T16:35,2,0.04,0,0,,0.306,normal
TXN-001237,CUST-0165,14832.07,USD,ACH,Singapore,China,electronics,mobile,2025-04-22T17:56,3,0.02,0,0,,0.442,normal
TXN-001238,CUST-0182,473215.37,USD,INTERNATIONAL_REMITTANCE,Singapore,Cyprus,charity,web,2025-08-05T03:04,3,53.66,1,0,R-003 customer behavior deviation|R-005 opaque merchant category,0.858,suspicious
TXN-001239,CUST-0218,2588.67,USD,WIRE,India,China,consulting,branch,2025-12-31T03:10,3,0.82,0,0,,0.439,normal
TXN-001240,CUST-0154,40804.84,USD,INTERNATIONAL_REMITTANCE,South Africa,Cayman Islands,consulting,api,2025-03-01T06:42,4,22.0,1,0,R-002 high-risk jurisdiction|R-003 customer behavior deviation,0.952,suspicious
TXN-001241,CUST-0238,3385.71,USD,ACH,Singapore,Singapore,charity,api,2025-11-06T09:58,1,0.56,0,0,,0.198,normal
TXN-001242,CUST-0500,3650158.49,USD,CASH_PAYMENT,USA,Mexico,consulting,advisor,2025-02-21T17:27,3,28.58,1,1,R-003 customer behavior deviation|R-005 opaque merchant category,0.99,suspicious
TXN-001243,CUST-0011,1842.33,USD,CARD,Mexico,China,luxury_goods,branch,2025-10-14T07:28,3,0.44,0,0,,0.369,normal
TXN-001244,CUST-0137,67.37,USD,CARD,Singapore,Singapore,import_export,mobile,2025-10-21T08:43,1,0.05,0,0,,0.192,normal
TXN-001245,CUST-0390,1803.6,USD,CHECK,Germany,Germany,cash_services,web,2025-04-12T17:36,1,0.31,0,0,,0.263,normal
TXN-001246,CUST-0362,646.67,USD,CHECK,Hong Kong,Hong Kong,real_estate,mobile,2026-01-07T09:30,2,0.17,0,0,,0.262,normal
TXN-001247,CUST-0400,336.08,USD,CHECK,Hong Kong,Switzerland,cash_services,web,2025-11-22T14:00,2,0.19,0,0,,0.297,normal
TXN-001248,CUST-0151,554.41,USD,CARD,Canada,France,real_estate,api,2026-03-08T22:14,1,0.18,0,0,,0.25,normal
TXN-001249,CUST-0180,92.0,USD,ACH,Canada,UAE,import_export,api,2025-07-08T22:29,2,0.09,0,0,,0.537,review
TXN-001250,CUST-0356,244598.91,USD,CASH_PAYMENT,UK,South Africa,charity,branch,2025-09-01T23:44,3,36.69,1,1,R-003 customer behavior deviation|R-005 opaque merchant category,0.979,suspicious
TXN-001251,CUST-0432,1919701.55,USD,WIRE,UK,Nigeria,real_estate,branch,2025-11-29T19:11,4,71.05,1,0,R-002 high-risk jurisdiction|R-003 customer behavior deviation,0.898,suspicious
TXN-001252,CUST-0149,143.86,USD,CARD,Switzerland,Switzerland,cash_services,mobile,2026-04-14T14:30,2,0.07,0,0,,0.416,normal
TXN-001253,CUST-0126,4505.17,USD,WIRE,South Africa,South Africa,import_export,branch,2025-04-04T06:15,3,0.11,0,0,,0.436,normal
TXN-001254,CUST-0455,2907.23,USD,CHECK,UAE,Brazil,import_export,advisor,2025-06-18T07:26,3,0.89,0,0,,0.385,normal
TXN-001255,CUST-0169,3133.87,USD,WIRE,UAE,UK,import_export,advisor,2025-07-24T00:49,1,0.16,0,0,,0.294,normal
TXN-001256,CUST-0162,42473.83,USD,CHECK,Turkey,Turkey,real_estate,mobile,2025-08-22T02:00,3,0.63,0,0,,0.378,normal
TXN-001257,CUST-0439,7201.82,USD,INTERNATIONAL_REMITTANCE,China,China,electronics,branch,2025-04-16T06:22,3,0.86,0,0,,0.397,normal
TXN-001258,CUST-0391,15000000,USD,CASH_PAYMENT,Hong Kong,China,charity,advisor,2025-10-25T06:03,3,23.17,0,1,R-001 high-value cash payment|R-003 customer behavior deviation|R-005 opaque merchant category,0.944,suspicious
TXN-001259,CUST-0261,297.12,USD,CARD,Canada,Brazil,cash_services,mobile,2025-08-23T00:12,3,0.16,0,1,,0.471,review
TXN-001260,CUST-0422,1364.33,USD,INTERNATIONAL_REMITTANCE,Mexico,Mexico,import_export,advisor,2026-05-13T02:58,3,0.2,0,0,,0.424,normal
TXN-001261,CUST-0122,986.15,USD,CARD,Canada,Mexico,luxury_goods,advisor,2025-11-12T11:36,3,0.19,0,0,,0.51,review
TXN-001262,CUST-0225,2919.86,USD,CARD,India,France,luxury_goods,branch,2025-08-27T18:23,1,0.49,0,0,,0.211,normal
TXN-001263,CUST-0242,1732.37,USD,ACH,China,China,travel,branch,2025-09-28T19:47,3,0.46,0,0,,0.618,review
TXN-001264,CUST-0389,4948.53,USD,CASH_PAYMENT,Germany,Turkey,real_estate,advisor,2025-01-01T06:49,3,0.06,0,1,,0.694,suspicious
TXN-001265,CUST-0397,354433.4,USD,CRYPTO_TRANSFER,USA,China,real_estate,advisor,2025-01-22T15:13,3,45.46,1,1,R-003 customer behavior deviation|R-004 large crypto transfer,0.99,suspicious
TXN-001266,CUST-0105,2842563.7,USD,CASH_PAYMENT,Canada,Panama,charity,advisor,2025-03-18T18:02,4,58.47,1,1,R-002 high-risk jurisdiction|R-003 customer behavior deviation|R-005 opaque merchant category,0.99,suspicious
TXN-001267,CUST-0485,900.42,USD,CHECK,Brazil,Switzerland,luxury_goods,api,2026-05-03T19:17,2,0.11,0,0,,0.246,normal
TXN-001268,CUST-0332,4149.07,USD,CRYPTO_TRANSFER,Germany,Brazil,electronics,branch,2025-03-29T16:07,3,0.12,0,1,,0.587,review
TXN-001269,CUST-0068,1022424.58,USD,CASH_PAYMENT,India,British Virgin Islands,unknown,web,2025-08-22T01:56,4,7.81,1,1,R-002 high-risk jurisdiction|R-005 opaque merchant category,0.971,suspicious
TXN-001270,CUST-0412,2614.44,USD,WIRE,China,British Virgin Islands,electronics,web,2025-11-30T06:16,4,0.36,1,0,R-002 high-risk jurisdiction,0.631,review
TXN-001271,CUST-0172,2851.68,USD,CARD,UAE,UAE,consulting,mobile,2025-12-03T12:45,2,1.37,0,0,,0.301,normal
TXN-001272,CUST-0306,73073.0,USD,CRYPTO_TRANSFER,Germany,British Virgin Islands,consulting,advisor,2025-01-05T06:14,4,12.65,1,1,R-002 high-risk jurisdiction|R-003 customer behavior deviation,0.99,suspicious
TXN-001273,CUST-0137,107.61,USD,INTERNATIONAL_REMITTANCE,Singapore,Hong Kong,luxury_goods,branch,2025-05-05T12:48,2,0.08,0,0,,0.257,normal
TXN-001274,CUST-0433,867.23,USD,ACH,India,Mexico,cash_services,advisor,2026-02-03T09:30,3,0.22,0,0,,0.427,normal
TXN-001275,CUST-0498,525.96,USD,CARD,Turkey,China,cash_services,advisor,2025-05-08T17:40,3,0.1,0,0,,0.346,normal
TXN-001276,CUST-0481,33.98,USD,CARD,Cyprus,India,travel,mobile,2025-10-18T16:32,2,0.05,0,0,,0.356,normal
TXN-001277,CUST-0438,9193.27,USD,CARD,UAE,Cyprus,luxury_goods,advisor,2025-07-16T14:13,3,0.07,0,0,,0.356,normal
TXN-001278,CUST-0495,6306.34,USD,INTERNATIONAL_REMITTANCE,Hong Kong,Brazil,import_export,advisor,2025-04-21T10:56,3,0.75,0,0,,0.441,normal
TXN-001279,CUST-0377,335.14,USD,CASH_PAYMENT,China,India,consulting,branch,2025-05-07T08:41,2,0.15,0,1,,0.48,review
TXN-001280,CUST-0026,62437.2,USD,WIRE,Switzerland,Switzerland,import_export,advisor,2026-05-15T20:27,2,0.34,0,0,,0.371,normal
TXN-001281,CUST-0065,15345.34,USD,CASH_PAYMENT,China,Mexico,real_estate,advisor,2026-01-15T22:15,3,0.12,1,1,,0.744,suspicious
TXN-001282,CUST-0437,97905.22,USD,CASH_PAYMENT,Canada,China,consulting,web,2025-01-09T06:58,3,29.16,1,1,R-003 customer behavior deviation,0.99,suspicious
TXN-001283,CUST-0295,320.75,USD,ACH,Germany,India,electronics,web,2025-03-23T22:46,2,0.04,0,0,,0.372,normal
TXN-001284,CUST-0070,83075.64,USD,ACH,UAE,South Africa,cash_services,branch,2025-08-08T20:46,3,0.24,0,0,,0.454,review
TXN-001285,CUST-0053,1467.35,USD,CARD,Turkey,South Africa,import_export,api,2026-03-27T00:08,3,0.03,0,0,,0.404,normal
TXN-001286,CUST-0338,217.55,USD,WIRE,Hong Kong,Turkey,consulting,mobile,2025-06-08T08:27,3,0.22,1,0,,0.512,review
TXN-001287,CUST-0158,415.26,USD,ACH,UK,Canada,travel,advisor,2025-02-19T00:26,1,0.09,0,0,,0.158,normal
TXN-001288,CUST-0251,47167.95,USD,CARD,Singapore,Hong Kong,luxury_goods,branch,2025-03-17T23:43,2,0.21,1,0,,0.445,normal
TXN-001289,CUST-0319,768.6,USD,WIRE,Brazil,Canada,investment,api,2025-06-02T06:16,1,0.26,0,0,,0.275,normal
TXN-001290,CUST-0437,308.7,USD,INTERNATIONAL_REMITTANCE,France,Canada,investment,api,2026-01-19T18:14,1,0.09,0,0,,0.2,normal
TXN-001291,CUST-0066,19846.35,USD,INTERNATIONAL_REMITTANCE,South Africa,USA,travel,api,2026-02-03T20:45,1,0.12,1,0,,0.349,normal
TXN-001292,CUST-0242,683.27,USD,CARD,China,Germany,real_estate,branch,2026-02-11T12:05,1,0.18,0,0,,0.409,normal
TXN-001293,CUST-0177,3243.94,USD,CHECK,UK,Cyprus,consulting,web,2025-12-09T12:29,3,0.61,0,0,,0.319,normal
TXN-001294,CUST-0342,189166.57,USD,INTERNATIONAL_REMITTANCE,Cyprus,Russia,luxury_goods,advisor,2025-05-26T00:23,5,38.86,1,1,R-002 high-risk jurisdiction|R-003 customer behavior deviation,0.99,suspicious
TXN-001295,CUST-0457,8933.75,USD,CARD,Germany,Canada,import_export,mobile,2025-04-02T02:46,1,0.06,0,0,,0.281,normal
TXN-001296,CUST-0013,525.35,USD,ACH,Turkey,UK,import_export,advisor,2025-12-17T09:30,1,0.21,0,0,,0.235,normal
TXN-001297,CUST-0356,1834.13,USD,INTERNATIONAL_REMITTANCE,UK,UK,electronics,branch,2025-12-21T14:55,1,0.28,0,0,,0.24,normal
TXN-001298,CUST-0106,1188.88,USD,INTERNATIONAL_REMITTANCE,Mexico,Switzerland,cash_services,advisor,2025-05-15T00:42,2,0.27,0,0,,0.27,normal
TXN-001299,CUST-0260,292.41,USD,CARD,Switzerland,Russia,luxury_goods,advisor,2025-12-14T04:00,5,0.16,1,0,R-002 high-risk jurisdiction,0.64,review
TXN-001300,CUST-0315,375710.54,USD,WIRE,France,Iran,luxury_goods,web,2025-04-13T23:14,5,76.32,1,0,R-002 high-risk jurisdiction|R-003 customer behavior deviation,0.99,suspicious
TXN-001301,CUST-0075,711.27,USD,ACH,Brazil,Germany,luxury_goods,web,2025-05-04T06:21,1,0.14,0,0,,0.235,normal
TXN-001302,CUST-0058,1224.03,USD,ACH,France,China,investment,mobile,2025-04-26T20:30,3,0.14,0,0,,0.425,normal
TXN-001303,CUST-0348,15000000,USD,WIRE,Switzerland,Nigeria,consulting,api,2026-01-07T23:49,4,34.24,1,0,R-002 high-risk jurisdiction|R-003 customer behavior deviation|R-005 opaque merchant category,0.99,suspicious
TXN-001304,CUST-0030,1330.03,USD,INTERNATIONAL_REMITTANCE,Germany,India,electronics,web,2026-02-26T21:04,2,0.38,0,0,,0.32,normal
TXN-001305,CUST-0374,1133.63,USD,WIRE,Germany,France,electronics,advisor,2025-07-06T07:55,1,0.16,0,0,,0.339,normal
TXN-001306,CUST-0071,305.01,USD,CARD,Singapore,China,charity,branch,2025-09-22T13:41,3,0.04,0,0,,0.294,normal
TXN-001307,CUST-0476,615.18,USD,WIRE,Hong Kong,UK,luxury_goods,branch,2025-11-28T21:36,1,0.14,0,0,,0.238,normal
TXN-001308,CUST-0429,461256.12,USD,CASH_PAYMENT,Switzerland,Cayman Islands,unknown,web,2025-10-31T04:02,4,51.33,1,1,R-002 high-risk jurisdiction|R-003 customer behavior deviation|R-005 opaque merchant category,0.99,suspicious
TXN-001309,CUST-0031,8831.42,USD,CARD,Mexico,Switzerland,cash_services,web,2025-04-29T03:49,2,0.14,0,0,,0.323,normal
TXN-001310,CUST-0423,8433.28,USD,CARD,Canada,Canada,cash_services,web,2025-12-05T10:58,1,0.14,0,0,,0.191,normal
TXN-001311,CUST-0140,350.41,USD,ACH,Turkey,Mexico,travel,web,2025-09-21T03:05,3,0.19,0,0,,0.325,normal
TXN-001312,CUST-0009,134.02,USD,INTERNATIONAL_REMITTANCE,UK,Germany,travel,web,2025-07-27T05:21,1,0.05,0,0,,0.261,normal
TXN-001313,CUST-0306,776.69,USD,WIRE,Germany,Germany,investment,api,2026-05-12T13:56,1,0.13,0,0,,0.163,normal
TXN-001314,CUST-0216,401.38,USD,CHECK,USA,USA,electronics,mobile,2025-01-09T04:28,1,0.1,0,0,,0.195,normal
TXN-001315,CUST-0410,535.39,USD,WIRE,China,Germany,charity,api,2025-08-05T16:57,1,0.12,0,0,,0.406,normal
TXN-001316,CUST-0162,7597.94,USD,INTERNATIONAL_REMITTANCE,France,France,charity,branch,2025-10-30T11:08,1,0.11,0,0,,0.214,normal
TXN-001317,CUST-0291,1611.89,USD,CARD,UK,UK,investment,advisor,2026-01-06T15:42,1,0.28,0,0,,0.136,normal
TXN-001318,CUST-0478,60306.09,USD,INTERNATIONAL_REMITTANCE,Turkey,Turkey,charity,advisor,2025-06-19T13:15,3,0.26,0,0,,0.553,review
TXN-001319,CUST-0284,1171.62,USD,ACH,Cyprus,China,cash_services,web,2026-01-31T06:20,3,0.16,0,0,,0.427,normal
TXN-001320,CUST-0382,181.91,USD,ACH,Germany,Turkey,travel,branch,2025-09-08T08:15,3,0.07,0,0,,0.313,normal
TXN-001321,CUST-0436,2158.13,USD,ACH,Mexico,Singapore,consulting,web,2025-04-06T19:08,1,0.34,0,0,,0.241,normal
TXN-001322,CUST-0165,44160.8,USD,INTERNATIONAL_REMITTANCE,South Africa,South Africa,luxury_goods,web,2025-08-31T08:04,3,0.07,0,0,,0.432,normal
TXN-001323,CUST-0364,324901.25,USD,CRYPTO_TRANSFER,China,Turkey,charity,branch,2025-12-18T06:13,3,66.28,1,1,R-003 customer behavior deviation|R-004 large crypto transfer|R-005 opaque merchant category,0.984,suspicious
TXN-001324,CUST-0049,1578.78,USD,WIRE,Canada,Germany,cash_services,web,2025-11-06T20:10,1,0.21,0,0,,0.215,normal
TXN-001325,CUST-0456,2644.58,USD,ACH,Singapore,Canada,luxury_goods,web,2025-01-30T15:06,1,0.39,0,0,,0.204,normal
TXN-001326,CUST-0292,48388.42,USD,ACH,Switzerland,Germany,consulting,api,2025-04-20T22:59,1,0.21,1,0,,0.369,normal
TXN-001327,CUST-0397,724.3,USD,CARD,India,USA,import_export,api,2026-05-04T13:35,1,0.09,0,0,,0.166,normal
TXN-001328,CUST-0153,152.04,USD,CHECK,Mexico,Hong Kong,consulting,advisor,2025-11-19T09:49,2,0.06,0,0,,0.211,normal
TXN-001329,CUST-0422,304457.29,USD,WIRE,Germany,Iran,charity,branch,2025-05-19T00:37,5,45.2,1,0,R-002 high-risk jurisdiction|R-003 customer behavior deviation|R-005 opaque merchant category,0.99,suspicious
TXN-001330,CUST-0445,1013.95,USD,WIRE,Cyprus,Cyprus,investment,advisor,2026-03-02T05:27,3,0.32,0,0,,0.426,normal
TXN-001331,CUST-0021,586.44,USD,WIRE,Germany,UK,electronics,web,2025-02-06T09:39,1,0.08,0,0,,0.217,normal
TXN-001332,CUST-0137,217.44,USD,CRYPTO_TRANSFER,China,Hong Kong,cash_services,advisor,2025-10-22T18:29,2,0.16,0,1,,0.485,review
TXN-001333,CUST-0432,7953.76,USD,WIRE,UK,South Africa,travel,advisor,2025-01-08T09:37,3,0.29,1,0,,0.499,review
TXN-001334,CUST-0410,298.22,USD,WIRE,USA,India,consulting,mobile,2025-02-21T04:27,2,0.07,0,0,,0.4,normal
TXN-001335,CUST-0368,458.75,USD,INTERNATIONAL_REMITTANCE,USA,USA,cash_services,mobile,2026-01-15T23:51,1,0.25,0,0,,0.298,normal
TXN-001336,CUST-0449,213.1,USD,WIRE,UAE,Brazil,cash_services,advisor,2026-03-10T17:31,3,0.09,0,0,,0.458,review
TXN-001337,CUST-0270,669807.54,USD,INTERNATIONAL_REMITTANCE,UK,Cyprus,luxury_goods,advisor,2025-12-03T18:39,3,87.04,1,0,R-003 customer behavior deviation,0.919,suspicious
TXN-001338,CUST-0149,95478.18,USD,CASH_PAYMENT,Switzerland,Mexico,real_estate,web,2025-10-22T21:55,3,49.38,1,1,R-003 customer behavior deviation,0.99,suspicious
TXN-001339,CUST-0157,420.14,USD,CHECK,Germany,UK,electronics,web,2026-03-29T23:09,1,0.09,0,0,,0.236,normal
TXN-001340,CUST-0498,297108.48,USD,CRYPTO_TRANSFER,China,Brazil,cash_services,web,2025-01-26T18:32,3,57.78,1,1,R-003 customer behavior deviation|R-004 large crypto transfer,0.957,suspicious
TXN-001341,CUST-0451,1312418.98,USD,CRYPTO_TRANSFER,Mexico,Mexico,luxury_goods,branch,2025-06-15T12:09,3,12.11,0,1,R-003 customer behavior deviation|R-004 large crypto transfer,0.933,suspicious
TXN-001342,CUST-0376,285.0,USD,CARD,Cyprus,China,travel,api,2026-05-10T05:52,3,0.2,0,0,,0.579,review
TXN-001343,CUST-0221,112.4,USD,WIRE,Turkey,Germany,luxury_goods,advisor,2025-12-16T01:57,1,0.05,0,0,,0.201,normal
TXN-001344,CUST-0213,703.74,USD,CHECK,Singapore,Germany,import_export,branch,2026-04-23T10:06,1,0.11,0,0,,0.157,normal
TXN-001345,CUST-0411,103.39,USD,WIRE,Singapore,Turkey,cash_services,web,2026-01-09T02:10,3,0.07,1,0,,0.481,review
TXN-001346,CUST-0491,607.54,USD,INTERNATIONAL_REMITTANCE,France,France,import_export,branch,2025-01-16T20:46,1,0.09,0,0,,0.268,normal
TXN-001347,CUST-0143,297.0,USD,WIRE,Canada,China,cash_services,advisor,2026-03-26T16:37,3,0.05,0,0,,0.353,normal
TXN-001348,CUST-0140,150.49,USD,INTERNATIONAL_REMITTANCE,Turkey,Singapore,travel,web,2025-08-26T06:59,1,0.08,0,0,,0.19,normal
TXN-001349,CUST-0395,503.51,USD,CHECK,Singapore,Singapore,consulting,mobile,2026-03-31T11:29,1,0.25,0,0,,0.197,normal
TXN-001350,CUST-0322,95437.6,USD,ACH,Hong Kong,Hong Kong,real_estate,mobile,2026-04-12T18:06,2,0.15,0,0,,0.29,normal
TXN-001351,CUST-0391,15000000,USD,CASH_PAYMENT,South Africa,China,charity,advisor,2025-03-20T01:23,3,23.17,0,1,R-001 high-value cash payment|R-003 customer behavior deviation|R-005 opaque merchant category,0.879,suspicious
TXN-001352,CUST-0289,859.5,USD,WIRE,USA,Mexico,consulting,branch,2025-09-20T14:31,3,0.26,0,0,,0.387,normal
TXN-001353,CUST-0466,1593.29,USD,INTERNATIONAL_REMITTANCE,Turkey,Singapore,electronics,advisor,2025-02-24T19:28,1,0.25,0,0,,0.212,normal
TXN-001354,CUST-0126,4660.34,USD,WIRE,China,Cyprus,cash_services,mobile,2026-03-06T16:24,3,0.11,0,0,,0.421,normal
TXN-001355,CUST-0265,3115.11,USD,WIRE,Switzerland,Switzerland,real_estate,mobile,2025-02-17T18:04,2,0.42,0,0,,0.341,normal
TXN-001356,CUST-0409,1110.46,USD,WIRE,Turkey,France,consulting,web,2025-11-15T18:43,1,0.15,0,0,,0.233,normal
TXN-001357,CUST-0012,3243.67,USD,CARD,Switzerland,Switzerland,cash_services,branch,2025-03-19T05:50,2,0.38,0,0,,0.297,normal
TXN-001358,CUST-0348,50529.37,USD,WIRE,Switzerland,Switzerland,cash_services,api,2025-12-27T08:51,2,0.12,0,0,,0.297,normal
TXN-001359,CUST-0406,208.6,USD,CHECK,UK,Cyprus,investment,advisor,2026-01-19T07:10,3,0.17,0,1,,0.434,normal
TXN-001360,CUST-0034,258.38,USD,ACH,Hong Kong,Hong Kong,luxury_goods,api,2026-02-28T18:46,2,0.05,0,0,,0.452,review
TXN-001361,CUST-0135,2291.75,USD,CRYPTO_TRANSFER,Germany,Germany,real_estate,api,2025-05-02T20:15,1,0.15,0,1,,0.602,review
TXN-001362,CUST-0056,1997.69,USD,CARD,Turkey,UAE,luxury_goods,branch,2026-03-10T22:22,2,0.25,0,0,,0.333,normal
TXN-001363,CUST-0051,37695.94,USD,WIRE,UAE,Switzerland,investment,branch,2025-10-28T04:30,2,0.25,1,0,,0.359,normal
TXN-001364,CUST-0400,90301.89,USD,CRYPTO_TRANSFER,Hong Kong,Mexico,consulting,web,2025-09-19T22:37,3,52.16,1,1,R-003 customer behavior deviation,0.99,suspicious
TXN-001365,CUST-0224,331.82,USD,WIRE,UAE,UAE,cash_services,web,2026-03-18T17:42,2,0.22,0,0,,0.319,normal
TXN-001366,CUST-0443,3888.58,USD,CARD,India,India,real_estate,mobile,2026-03-07T22:27,2,0.47,0,0,,0.349,normal
TXN-001367,CUST-0112,128778.89,USD,CASH_PAYMENT,India,Russia,cash_services,api,2026-04-09T01:07,5,32.99,1,1,R-002 high-risk jurisdiction|R-003 customer behavior deviation,0.99,suspicious
TXN-001368,CUST-0330,11051423.86,USD,CRYPTO_TRANSFER,Canada,China,real_estate,api,2025-05-15T01:31,3,45.67,0,1,R-003 customer behavior deviation|R-004 large crypto transfer,0.885,suspicious
TXN-001369,CUST-0261,1005.62,USD,WIRE,India,Switzerland,import_export,api,2025-02-28T11:04,2,0.55,1,0,,0.45,review
TXN-001370,CUST-0202,85006.01,USD,INTERNATIONAL_REMITTANCE,Hong Kong,UK,cash_services,advisor,2026-03-24T04:51,1,0.46,0,0,,0.207,normal
TXN-001371,CUST-0499,71365.64,USD,ACH,South Africa,Cyprus,consulting,advisor,2026-04-14T07:54,3,0.29,0,0,,0.5,review
TXN-001372,CUST-0217,22559.01,USD,CHECK,Singapore,Singapore,travel,advisor,2025-04-22T17:01,1,0.14,0,0,,0.405,normal
TXN-001373,CUST-0107,241.02,USD,WIRE,France,France,real_estate,mobile,2025-07-21T19:05,1,0.09,0,0,,0.257,normal
TXN-001374,CUST-0107,317.69,USD,INTERNATIONAL_REMITTANCE,UAE,UAE,luxury_goods,mobile,2025-02-16T12:49,2,0.11,0,0,,0.347,normal
TXN-001375,CUST-0378,44044.67,USD,ACH,China,China,cash_services,branch,2025-06-03T09:57,3,0.2,0,0,,0.459,review
TXN-001376,CUST-0434,8145.18,USD,ACH,China,China,cash_services,branch,2026-01-15T20:48,3,0.11,0,0,,0.347,normal
TXN-001377,CUST-0033,1956.08,USD,CARD,Switzerland,Cyprus,charity,branch,2026-03-05T09:20,3,0.25,0,0,,0.51,review
TXN-001378,CUST-0198,171.98,USD,ACH,India,Mexico,investment,web,2025-03-07T20:11,3,0.03,0,0,,0.432,normal
TXN-001379,CUST-0441,881707.51,USD,CRYPTO_TRANSFER,Brazil,Russia,luxury_goods,web,2025-08-06T21:39,5,39.43,1,1,R-002 high-risk jurisdiction|R-003 customer behavior deviation|R-004 large crypto transfer,0.99,suspicious
TXN-001380,CUST-0478,53605.37,USD,CHECK,Turkey,UAE,electronics,api,2025-08-24T04:12,2,0.23,0,0,,0.438,normal
TXN-001381,CUST-0194,556.71,USD,ACH,China,Singapore,luxury_goods,web,2025-03-10T04:22,1,0.01,0,0,,0.32,normal
TXN-001382,CUST-0358,498.54,USD,INTERNATIONAL_REMITTANCE,Switzerland,France,charity,advisor,2025-09-07T12:13,1,0.07,0,0,,0.221,normal
TXN-001383,CUST-0009,214456.81,USD,CASH_PAYMENT,Germany,China,charity,api,2025-05-22T13:46,3,78.46,1,1,R-003 customer behavior deviation|R-005 opaque merchant category,0.981,suspicious
TXN-001384,CUST-0151,58157.48,USD,WIRE,Singapore,Cyprus,cash_services,branch,2026-03-12T13:29,3,18.96,1,0,R-003 customer behavior deviation,0.87,suspicious
TXN-001385,CUST-0223,963.2,USD,WIRE,Switzerland,Turkey,real_estate,mobile,2026-01-12T21:56,3,0.28,0,0,,0.387,normal
TXN-001386,CUST-0314,103.91,USD,WIRE,Singapore,Singapore,real_estate,web,2025-11-08T01:32,1,0.07,0,0,,0.15,normal
TXN-001387,CUST-0475,1603.14,USD,CARD,Turkey,Hong Kong,consulting,web,2025-09-04T04:48,2,0.28,0,0,,0.234,normal
TXN-001388,CUST-0467,208.51,USD,INTERNATIONAL_REMITTANCE,UK,France,electronics,web,2025-07-11T23:26,1,0.19,0,0,,0.206,normal
TXN-001389,CUST-0298,293.36,USD,CARD,Switzerland,France,real_estate,mobile,2026-03-24T23:29,1,0.03,0,0,,0.258,normal
TXN-001390,CUST-0008,218.42,USD,CHECK,China,Singapore,import_export,branch,2025-09-15T01:45,1,0.1,0,0,,0.192,normal
TXN-001391,CUST-0371,1068.2,USD,ACH,UK,UAE,consulting,branch,2025-08-10T16:25,2,0.16,0,0,,0.286,normal
TXN-001392,CUST-0088,1928.99,USD,ACH,Switzerland,Germany,travel,advisor,2025-06-04T04:23,1,0.27,0,0,,0.159,normal
TXN-001393,CUST-0233,725.68,USD,INTERNATIONAL_REMITTANCE,Cyprus,Mexico,real_estate,mobile,2026-04-28T08:59,3,0.12,0,0,,0.362,normal
TXN-001394,CUST-0381,9267.37,USD,CASH_PAYMENT,UAE,UAE,travel,web,2025-12-12T11:08,2,0.14,0,1,,0.553,review
TXN-001395,CUST-0071,1710.74,USD,CARD,China,France,real_estate,branch,2025-02-08T08:44,1,0.25,0,0,,0.171,normal
TXN-001396,CUST-0302,31.38,USD,CHECK,South Africa,UAE,luxury_goods,mobile,2025-01-20T01:04,2,0.04,0,0,,0.59,review
TXN-001397,CUST-0119,1020.99,USD,ACH,France,India,investment,branch,2025-02-28T07:05,2,0.19,0,0,,0.256,normal
TXN-001398,CUST-0158,922.73,USD,ACH,Canada,UK,charity,branch,2025-05-05T20:24,1,0.19,0,0,,0.184,normal
TXN-001399,CUST-0427,931.28,USD,CARD,UK,Hong Kong,cash_services,web,2026-02-11T00:10,2,0.25,0,0,,0.233,normal
TXN-001400,CUST-0299,812.34,USD,ACH,Turkey,South Africa,electronics,mobile,2025-11-22T22:52,3,0.14,0,0,,0.333,normal
TXN-001401,CUST-0464,249.44,USD,INTERNATIONAL_REMITTANCE,Germany,Germany,travel,mobile,2026-03-04T03:08,1,0.05,0,0,,0.185,normal
TXN-001402,CUST-0091,2760.15,USD,INTERNATIONAL_REMITTANCE,South Africa,France,travel,mobile,2026-03-23T21:49,1,0.54,0,0,,0.229,normal
TXN-001403,CUST-0318,6092.71,USD,WIRE,Singapore,China,travel,advisor,2025-05-28T15:04,3,0.15,0,0,,0.463,review
TXN-001404,CUST-0486,2535.29,USD,CHECK,France,France,electronics,advisor,2026-01-26T21:38,1,0.33,0,0,,0.246,normal
TXN-001405,CUST-0296,10667.41,USD,CARD,Switzerland,Canada,luxury_goods,api,2025-02-22T11:33,1,0.12,0,0,,0.228,normal
TXN-001406,CUST-0081,75256.88,USD,INTERNATIONAL_REMITTANCE,Singapore,Germany,travel,mobile,2025-04-19T22:30,1,0.96,0,0,,0.298,normal
TXN-001407,CUST-0281,7596.71,USD,INTERNATIONAL_REMITTANCE,China,China,luxury_goods,advisor,2025-10-17T16:03,3,0.27,0,0,,0.474,review
TXN-001408,CUST-0122,3894.92,USD,WIRE,Canada,Canada,import_export,mobile,2025-02-21T13:26,1,0.77,0,0,,0.371,normal
TXN-001409,CUST-0264,6804.65,USD,INTERNATIONAL_REMITTANCE,South Africa,Canada,electronics,mobile,2025-08-30T23:35,1,0.23,0,0,,0.157,normal
TXN-001410,CUST-0426,85324.48,USD,CASH_PAYMENT,Brazil,Brazil,luxury_goods,advisor,2026-01-10T09:23,3,0.41,0,1,,0.572,review
TXN-001411,CUST-0061,69194.81,USD,INTERNATIONAL_REMITTANCE,France,Nigeria,unknown,web,2026-02-05T15:05,4,15.41,1,0,R-002 high-risk jurisdiction|R-003 customer behavior deviation,0.861,suspicious
TXN-001412,CUST-0166,733507.25,USD,WIRE,UK,Panama,electronics,web,2026-04-15T06:31,4,1.19,1,0,R-002 high-risk jurisdiction,0.609,review
TXN-001413,CUST-0236,130882.38,USD,WIRE,USA,China,charity,branch,2026-02-25T19:32,3,84.11,1,1,R-003 customer behavior deviation|R-005 opaque merchant category,0.99,suspicious
TXN-001414,CUST-0434,25235.5,USD,CARD,USA,China,electronics,advisor,2025-12-11T00:52,3,0.33,0,0,,0.387,normal
TXN-001415,CUST-0456,670.3,USD,CASH_PAYMENT,Canada,Canada,travel,mobile,2025-02-28T13:41,1,0.1,0,1,,0.432,normal
TXN-001416,CUST-0127,8405.89,USD,CARD,Turkey,Turkey,consulting,web,2025-09-01T22:43,3,0.07,0,0,,0.396,normal
TXN-001417,CUST-0247,353.44,USD,CHECK,Switzerland,Switzerland,investment,branch,2026-03-19T14:49,2,0.04,0,0,,0.486,review
TXN-001418,CUST-0111,10647374.59,USD,CASH_PAYMENT,Switzerland,South Africa,cash_services,branch,2026-05-15T09:39,3,89.49,1,1,R-001 high-value cash payment|R-003 customer behavior deviation,0.99,suspicious
TXN-001419,CUST-0364,2236.55,USD,WIRE,Singapore,South Africa,luxury_goods,branch,2025-10-15T14:14,3,0.46,0,0,,0.443,normal
TXN-001420,CUST-0475,468012.85,USD,CASH_PAYMENT,Turkey,Panama,charity,branch,2025-03-15T04:09,4,82.86,1,1,R-002 high-risk jurisdiction|R-003 customer behavior deviation|R-005 opaque merchant category,0.99,suspicious
TXN-001421,CUST-0395,341.92,USD,ACH,Brazil,Canada,travel,mobile,2025-02-08T14:31,1,0.17,0,0,,0.133,normal
TXN-001422,CUST-0245,1891.55,USD,CARD,Hong Kong,Russia,real_estate,branch,2026-02-08T16:24,5,0.27,1,0,R-002 high-risk jurisdiction,0.641,review
TXN-001423,CUST-0360,1799.26,USD,ACH,Hong Kong,USA,luxury_goods,branch,2026-04-09T15:50,1,0.27,0,0,,0.265,normal
TXN-001424,CUST-0003,64477.82,USD,CARD,UK,France,cash_services,advisor,2025-06-03T10:49,1,0.69,0,0,,0.186,normal
TXN-001425,CUST-0249,47.34,USD,WIRE,India,UK,charity,api,2025-02-06T08:09,1,0.08,0,0,,0.298,normal
TXN-001426,CUST-0494,482748.5,USD,WIRE,UAE,Brazil,real_estate,branch,2025-03-04T19:42,3,83.03,1,1,R-003 customer behavior deviation,0.99,suspicious
TXN-001427,CUST-0087,20965.87,USD,ACH,Canada,South Africa,charity,web,2025-01-27T14:01,3,0.08,0,0,,0.445,normal
TXN-001428,CUST-0222,7416.34,USD,CHECK,Germany,France,consulting,api,2025-01-02T04:44,1,0.24,0,0,,0.255,normal
TXN-001429,CUST-0145,670.04,USD,INTERNATIONAL_REMITTANCE,Canada,Canada,electronics,api,2025-09-17T19:27,1,0.15,0,0,,0.307,normal
TXN-001430,CUST-0307,18389.94,USD,INTERNATIONAL_REMITTANCE,India,Brazil,cash_services,api,2026-04-26T22:38,3,0.06,0,0,,0.735,suspicious
TXN-001431,CUST-0107,834.5,USD,INTERNATIONAL_REMITTANCE,UAE,South Africa,luxury_goods,api,2025-07-26T04:32,3,0.3,0,0,,0.419,normal
TXN-001432,CUST-0186,218.33,USD,CHECK,India,India,consulting,web,2026-03-06T07:35,2,0.05,0,0,,0.215,normal
TXN-001433,CUST-0420,1021.06,USD,CARD,Cyprus,Cyprus,investment,branch,2025-07-29T18:28,3,0.34,0,0,,0.483,review
TXN-001434,CUST-0345,528.32,USD,WIRE,Cyprus,Mexico,travel,branch,2025-03-13T07:49,3,0.16,0,0,,0.315,normal
TXN-001435,CUST-0076,1543.94,USD,CARD,USA,UK,charity,advisor,2025-11-07T20:10,1,0.19,0,0,,0.216,normal
TXN-001436,CUST-0017,58020.38,USD,WIRE,UAE,Iran,unknown,advisor,2025-04-27T12:43,5,12.84,1,1,R-002 high-risk jurisdiction|R-003 customer behavior deviation,0.99,suspicious
TXN-001437,CUST-0053,21510.94,USD,CARD,Turkey,UK,luxury_goods,mobile,2026-04-18T00:15,1,0.44,0,0,,0.337,normal
TXN-001438,CUST-0224,166.66,USD,CHECK,Mexico,Iran,luxury_goods,branch,2026-03-12T02:29,5,0.11,1,0,R-002 high-risk jurisdiction,0.586,review
TXN-001439,CUST-0154,54620.47,USD,WIRE,China,Iran,consulting,web,2025-11-10T11:21,5,29.45,1,0,R-002 high-risk jurisdiction|R-003 customer behavior deviation,0.99,suspicious
TXN-001440,CUST-0065,24973.8,USD,WIRE,Canada,British Virgin Islands,consulting,api,2026-03-29T21:27,4,0.2,1,0,R-002 high-risk jurisdiction,0.582,review
TXN-001441,CUST-0019,646.77,USD,INTERNATIONAL_REMITTANCE,South Africa,Singapore,cash_services,web,2025-12-11T07:45,1,0.31,1,0,,0.409,normal
TXN-001442,CUST-0300,1367.0,USD,WIRE,Cyprus,Cyprus,charity,web,2025-07-26T20:21,3,0.22,0,0,,0.408,normal
TXN-001443,CUST-0164,8074.38,USD,INTERNATIONAL_REMITTANCE,Singapore,Turkey,import_export,branch,2025-04-06T19:39,3,1.03,1,0,,0.731,suspicious
TXN-001444,CUST-0001,154.46,USD,INTERNATIONAL_REMITTANCE,Turkey,Turkey,import_export,advisor,2025-01-08T12:52,3,0.22,0,0,,0.306,normal
TXN-001445,CUST-0025,17801.19,USD,ACH,South Africa,South Africa,electronics,branch,2025-03-15T15:09,3,0.14,0,0,,0.359,normal
TXN-001446,CUST-0475,1216.92,USD,WIRE,Turkey,Hong Kong,import_export,branch,2025-04-10T16:20,2,0.22,0,0,,0.298,normal
TXN-001447,CUST-0316,1416.3,USD,WIRE,UAE,Turkey,travel,mobile,2025-09-30T09:37,3,0.64,0,0,,0.466,review
TXN-001448,CUST-0124,1704.71,USD,ACH,Switzerland,UAE,cash_services,branch,2025-03-06T10:30,2,0.34,0,0,,0.236,normal
TXN-001449,CUST-0170,56392.12,USD,ACH,France,France,investment,advisor,2025-03-31T17:01,1,0.49,0,0,,0.559,review
TXN-001450,CUST-0194,1347590.03,USD,INTERNATIONAL_REMITTANCE,China,Turkey,charity,branch,2025-04-24T22:25,3,28.59,1,1,R-003 customer behavior deviation|R-005 opaque merchant category,0.99,suspicious
TXN-001451,CUST-0407,1327.12,USD,WIRE,USA,Germany,import_export,mobile,2025-04-26T01:34,1,0.21,1,0,,0.307,normal
TXN-001452,CUST-0467,230.6,USD,CARD,France,Germany,consulting,api,2025-11-04T04:44,1,0.21,1,0,,0.368,normal
TXN-001453,CUST-0014,341.63,USD,CARD,South Africa,UAE,luxury_goods,advisor,2025-07-15T20:37,2,0.12,0,0,,0.366,normal
TXN-001454,CUST-0440,4516.21,USD,ACH,USA,France,luxury_goods,advisor,2025-01-24T10:18,1,0.07,0,0,,0.229,normal
TXN-001455,CUST-0481,72.93,USD,INTERNATIONAL_REMITTANCE,India,China,charity,web,2025-11-06T16:37,3,0.12,0,0,,0.332,normal
TXN-001456,CUST-0032,49683.97,USD,WIRE,India,British Virgin Islands,luxury_goods,advisor,2025-03-16T06:17,4,59.92,1,0,R-002 high-risk jurisdiction|R-003 customer behavior deviation,0.959,suspicious
TXN-001457,CUST-0193,2153.13,USD,ACH,India,India,cash_services,branch,2025-11-15T04:52,2,0.39,0,0,,0.282,normal
TXN-001458,CUST-0147,431.23,USD,CARD,France,France,cash_services,api,2025-05-26T11:18,1,0.05,0,0,,0.163,normal
TXN-001459,CUST-0226,235.05,USD,INTERNATIONAL_REMITTANCE,China,China,real_estate,mobile,2025-12-10T15:24,3,0.4,0,0,,0.408,normal
TXN-001460,CUST-0220,1398.5,USD,CHECK,Mexico,Switzerland,luxury_goods,branch,2026-02-06T19:38,2,0.27,0,0,,0.289,normal
TXN-001461,CUST-0045,833.96,USD,CARD,UAE,UAE,luxury_goods,branch,2025-05-06T02:21,2,0.25,0,0,,0.314,normal
TXN-001462,CUST-0201,1202.98,USD,ACH,South Africa,Hong Kong,charity,web,2025-03-19T06:46,2,0.43,0,0,,0.352,normal
TXN-001463,CUST-0064,990.12,USD,WIRE,Turkey,Hong Kong,travel,advisor,2025-04-23T16:59,2,0.19,0,0,,0.218,normal
TXN-001464,CUST-0147,1664.12,USD,CARD,France,France,import_export,mobile,2026-03-24T08:18,1,0.2,0,0,,0.205,normal
TXN-001465,CUST-0038,15768.4,USD,WIRE,South Africa,Germany,charity,advisor,2026-05-13T16:20,1,0.1,0,0,,0.254,normal
TXN-001466,CUST-0275,48.33,USD,ACH,Brazil,Hong Kong,charity,web,2025-01-22T03:13,2,0.03,0,0,,0.42,normal
TXN-001467,CUST-0141,156.2,USD,WIRE,India,Singapore,cash_services,api,2026-03-23T12:35,1,0.05,0,0,,0.193,normal
TXN-001468,CUST-0074,4527.55,USD,CHECK,Turkey,Turkey,cash_services,advisor,2025-05-14T18:03,3,0.54,0,0,,0.374,normal
TXN-001469,CUST-0151,257.01,USD,WIRE,Canada,Singapore,consulting,branch,2025-11-17T04:42,1,0.08,0,0,,0.17,normal
TXN-001470,CUST-0491,330.73,USD,CHECK,France,Singapore,electronics,branch,2026-01-20T15:16,1,0.05,0,0,,0.279,normal
TXN-001471,CUST-0365,1513.78,USD,INTERNATIONAL_REMITTANCE,Switzerland,India,consulting,mobile,2026-03-26T09:11,2,0.2,0,0,,0.363,normal
TXN-001472,CUST-0038,2320899.72,USD,WIRE,South Africa,Mexico,charity,branch,2026-02-08T06:41,3,14.37,1,0,R-003 customer behavior deviation|R-005 opaque merchant category,0.764,suspicious
TXN-001473,CUST-0253,2904.33,USD,CARD,India,Germany,cash_services,advisor,2025-07-11T03:58,1,0.79,0,1,,0.35,normal
TXN-001474,CUST-0150,519.08,USD,ACH,UAE,Mexico,charity,mobile,2025-08-16T22:01,3,0.06,0,0,,0.419,normal
TXN-001475,CUST-0080,10595.49,USD,WIRE,Cyprus,Brazil,investment,api,2025-04-11T13:53,3,0.12,1,0,,0.525,review
TXN-001476,CUST-0344,185654.6,USD,INTERNATIONAL_REMITTANCE,India,South Africa,luxury_goods,web,2025-02-04T04:43,3,78.35,1,0,R-003 customer behavior deviation,0.942,suspicious
TXN-001477,CUST-0423,4466719.8,USD,WIRE,Canada,Panama,charity,api,2026-02-23T08:38,4,74.85,1,0,R-002 high-risk jurisdiction|R-003 customer behavior deviation|R-005 opaque merchant category,0.96,suspicious
TXN-001478,CUST-0446,136.16,USD,INTERNATIONAL_REMITTANCE,Turkey,Switzerland,import_export,branch,2026-04-26T23:35,2,0.03,0,0,,0.314,normal
TXN-001479,CUST-0208,2776.06,USD,WIRE,Hong Kong,Singapore,consulting,advisor,2026-03-25T20:27,1,0.24,0,0,,0.205,normal
TXN-001480,CUST-0288,452.42,USD,INTERNATIONAL_REMITTANCE,Brazil,France,consulting,mobile,2026-01-26T03:11,1,0.39,0,0,,0.28,normal
TXN-001481,CUST-0477,340.35,USD,INTERNATIONAL_REMITTANCE,Germany,Singapore,investment,advisor,2026-05-03T17:52,1,0.07,0,0,,0.342,normal
TXN-001482,CUST-0296,9944.79,USD,CHECK,Canada,Switzerland,electronics,api,2025-06-24T02:35,2,0.11,0,0,,0.333,normal
TXN-001483,CUST-0427,691.73,USD,WIRE,Singapore,Hong Kong,travel,web,2025-04-11T01:26,2,0.18,0,0,,0.286,normal
TXN-001484,CUST-0007,109775.49,USD,INTERNATIONAL_REMITTANCE,Singapore,Turkey,cash_services,api,2025-09-07T15:23,3,39.28,1,1,R-003 customer behavior deviation,0.958,suspicious
TXN-001485,CUST-0019,172613.13,USD,CRYPTO_TRANSFER,South Africa,Panama,real_estate,advisor,2025-07-27T20:41,4,83.81,1,1,R-002 high-risk jurisdiction|R-003 customer behavior deviation,0.99,suspicious
TXN-001486,CUST-0287,3476.4,USD,INTERNATIONAL_REMITTANCE,Singapore,France,import_export,api,2025-02-27T02:54,1,0.04,0,0,,0.263,normal
TXN-001487,CUST-0241,853.7,USD,ACH,Hong Kong,Brazil,real_estate,api,2026-03-22T01:25,3,0.13,0,0,,0.408,normal
TXN-001488,CUST-0443,716960.8,USD,CRYPTO_TRANSFER,USA,South Africa,charity,api,2025-07-02T21:58,3,87.42,1,1,R-003 customer behavior deviation|R-004 large crypto transfer|R-005 opaque merchant category,0.99,suspicious
TXN-001489,CUST-0302,50.72,USD,CHECK,Cyprus,Cyprus,import_export,mobile,2025-05-25T05:26,3,0.07,0,0,,0.598,review
TXN-001490,CUST-0338,43945.84,USD,INTERNATIONAL_REMITTANCE,Hong Kong,Iran,unknown,api,2025-02-04T23:15,5,44.79,1,1,R-002 high-risk jurisdiction|R-003 customer behavior deviation,0.99,suspicious
TXN-001491,CUST-0417,61197.72,USD,ACH,Mexico,India,luxury_goods,branch,2025-04-15T05:22,2,0.13,0,0,,0.385,normal
TXN-001492,CUST-0237,6468.32,USD,ACH,Turkey,Turkey,investment,web,2025-06-13T04:17,3,0.32,0,0,,0.449,normal
TXN-001493,CUST-0190,4997.33,USD,CRYPTO_TRANSFER,UAE,UAE,cash_services,api,2025-03-03T17:06,2,0.12,0,1,,0.537,review
TXN-001494,CUST-0164,529688.03,USD,INTERNATIONAL_REMITTANCE,Cyprus,Russia,luxury_goods,web,2025-01-05T15:06,5,67.26,1,0,R-002 high-risk jurisdiction|R-003 customer behavior deviation,0.99,suspicious
TXN-001495,CUST-0075,391002.63,USD,WIRE,Brazil,Iran,charity,web,2025-12-12T09:54,5,75.32,1,0,R-002 high-risk jurisdiction|R-003 customer behavior deviation|R-005 opaque merchant category,0.99,suspicious
TXN-001496,CUST-0455,474.72,USD,CHECK,Brazil,UAE,cash_services,branch,2025-07-12T12:27,2,0.15,0,0,,0.315,normal
TXN-001497,CUST-0223,303.56,USD,CARD,Brazil,India,import_export,api,2025-04-10T09:48,2,0.09,0,0,,0.351,normal
TXN-001498,CUST-0009,179411.06,USD,CRYPTO_TRANSFER,UK,British Virgin Islands,charity,api,2025-12-16T12:26,4,65.64,1,1,R-002 high-risk jurisdiction|R-003 customer behavior deviation|R-005 opaque merchant category,0.99,suspicious
TXN-001499,CUST-0235,54301.98,USD,ACH,India,Mexico,investment,api,2025-12-21T09:42,3,0.54,0,1,,0.498,review
TXN-001500,CUST-0125,185480.54,USD,INTERNATIONAL_REMITTANCE,Cyprus,Cyprus,real_estate,branch,2025-02-05T13:32,3,0.3,0,0,,0.536,review
TXN-001501,CUST-0466,36721.45,USD,CASH_PAYMENT,Turkey,South Africa,cash_services,web,2025-10-14T19:31,3,5.76,1,1,,0.818,suspicious
TXN-001502,CUST-0343,9309.75,USD,WIRE,Mexico,Switzerland,travel,mobile,2025-09-17T17:04,2,0.16,0,1,,0.391,normal
TXN-001503,CUST-0184,342.67,USD,CHECK,Singapore,Turkey,electronics,web,2026-05-12T17:14,3,0.08,0,0,,0.435,normal
TXN-001504,CUST-0325,96.37,USD,CHECK,UK,Canada,luxury_goods,api,2025-08-05T12:27,1,0.03,0,0,,0.194,normal
TXN-001505,CUST-0266,67699.05,USD,WIRE,China,Turkey,real_estate,web,2025-12-09T04:23,3,38.39,1,0,R-003 customer behavior deviation,0.823,suspicious
TXN-001506,CUST-0021,3377.39,USD,CARD,UK,China,real_estate,branch,2025-12-08T12:52,3,0.47,0,0,,0.411,normal
TXN-001507,CUST-0164,55499.15,USD,WIRE,Germany,Turkey,charity,web,2026-03-26T03:54,3,7.05,1,1,,0.873,suspicious
TXN-001508,CUST-0334,601.74,USD,WIRE,Cyprus,Cyprus,investment,mobile,2026-04-10T01:59,3,0.11,0,0,,0.333,normal
TXN-001509,CUST-0020,11438.07,USD,ACH,Mexico,South Africa,import_export,web,2025-03-30T17:58,3,0.18,0,0,,0.661,review
TXN-001510,CUST-0486,1916.24,USD,CHECK,France,Canada,charity,branch,2026-04-18T08:57,1,0.25,0,0,,0.223,normal
TXN-001511,CUST-0325,543.76,USD,CHECK,USA,USA,real_estate,advisor,2025-03-12T23:01,1,0.14,0,0,,0.255,normal
TXN-001512,CUST-0267,170162.94,USD,WIRE,Mexico,China,real_estate,advisor,2026-01-29T15:37,3,77.51,1,1,R-003 customer behavior deviation,0.99,suspicious
TXN-001513,CUST-0447,631.75,USD,CHECK,Cyprus,Cyprus,charity,advisor,2025-01-05T20:55,3,0.23,0,0,,0.358,normal
TXN-001514,CUST-0477,686.49,USD,INTERNATIONAL_REMITTANCE,Singapore,UAE,luxury_goods,web,2025-11-07T07:56,2,0.14,1,0,,0.512,review
TXN-001515,CUST-0209,139.33,USD,INTERNATIONAL_REMITTANCE,Mexico,Singapore,real_estate,api,2025-09-11T16:20,1,0.13,0,0,,0.195,normal
TXN-001516,CUST-0460,301339.38,USD,INTERNATIONAL_REMITTANCE,Canada,Cyprus,cash_services,web,2025-01-13T02:59,3,50.12,1,1,R-003 customer behavior deviation,0.963,suspicious
TXN-001517,CUST-0204,93340.85,USD,CHECK,Mexico,India,electronics,api,2025-08-16T17:34,2,0.27,1,0,,0.667,review
TXN-001518,CUST-0264,1926935.55,USD,INTERNATIONAL_REMITTANCE,Canada,Cyprus,luxury_goods,advisor,2026-02-23T11:05,3,64.44,1,0,R-003 customer behavior deviation,0.783,suspicious
TXN-001519,CUST-0282,45991.26,USD,CHECK,Canada,USA,charity,advisor,2025-10-17T18:16,1,0.66,0,0,,0.238,normal
TXN-001520,CUST-0166,96661.22,USD,INTERNATIONAL_REMITTANCE,Singapore,Singapore,investment,web,2026-03-06T06:24,1,0.16,0,0,,0.267,normal
TXN-001521,CUST-0190,7739.37,USD,ACH,Turkey,British Virgin Islands,electronics,branch,2025-09-05T18:49,4,0.18,1,0,R-002 high-risk jurisdiction,0.673,review
TXN-001522,CUST-0293,591045.32,USD,WIRE,South Africa,China,consulting,advisor,2025-10-01T18:11,3,74.95,1,0,R-003 customer behavior deviation|R-005 opaque merchant category,0.805,suspicious
TXN-001523,CUST-0332,3122289.63,USD,INTERNATIONAL_REMITTANCE,Singapore,South Africa,luxury_goods,branch,2026-02-01T01:29,3,88.04,1,0,R-003 customer behavior deviation,0.827,suspicious
TXN-001524,CUST-0309,210.63,USD,WIRE,USA,China,cash_services,web,2025-11-17T07:57,3,0.05,0,0,,0.423,normal
TXN-001525,CUST-0397,169006.14,USD,CASH_PAYMENT,India,Cayman Islands,consulting,web,2025-02-02T21:58,4,21.68,1,1,R-002 high-risk jurisdiction|R-003 customer behavior deviation|R-005 opaque merchant category,0.99,suspicious
TXN-001526,CUST-0428,724.74,USD,CHECK,India,India,luxury_goods,mobile,2025-04-27T06:27,2,0.16,0,0,,0.295,normal
TXN-001527,CUST-0108,1273.86,USD,ACH,USA,Hong Kong,investment,mobile,2026-02-20T08:55,2,0.2,0,0,,0.327,normal
TXN-001528,CUST-0464,1081.72,USD,INTERNATIONAL_REMITTANCE,Germany,Germany,investment,web,2025-09-11T23:33,1,0.24,0,0,,0.159,normal
TXN-001529,CUST-0329,103709.62,USD,CARD,Turkey,India,cash_services,advisor,2025-07-05T22:02,2,0.48,0,0,,0.288,normal
TXN-001530,CUST-0482,259.41,USD,ACH,UK,USA,electronics,advisor,2026-04-20T17:32,1,0.05,0,0,,0.163,normal
TXN-001531,CUST-0383,688.42,USD,CARD,UK,UK,electronics,advisor,2026-03-14T14:12,1,0.17,0,0,,0.311,normal
TXN-001532,CUST-0111,15824.55,USD,ACH,UK,Switzerland,travel,api,2025-01-03T17:20,2,0.13,0,0,,0.329,normal
TXN-001533,CUST-0149,1006.97,USD,CHECK,Switzerland,India,charity,web,2025-11-02T23:34,2,0.52,0,0,,0.394,normal
TXN-001534,CUST-0275,11110.82,USD,WIRE,China,Iran,luxury_goods,api,2026-01-05T01:05,5,7.02,1,1,R-002 high-risk jurisdiction,0.99,suspicious
TXN-001535,CUST-0273,7765.83,USD,WIRE,Turkey,China,charity,advisor,2025-12-23T15:57,3,0.14,0,0,,0.354,normal
TXN-001536,CUST-0469,62641.53,USD,CARD,China,Turkey,charity,branch,2025-02-02T14:23,3,0.2,0,0,,0.319,normal
TXN-001537,CUST-0287,2516.92,USD,ACH,Mexico,Mexico,real_estate,advisor,2025-04-18T11:43,3,0.03,0,0,,0.382,normal
TXN-001538,CUST-0034,241529.63,USD,CRYPTO_TRANSFER,Hong Kong,Nigeria,cash_services,web,2025-04-07T02:41,4,44.44,1,1,R-002 high-risk jurisdiction|R-003 customer behavior deviation,0.99,suspicious
TXN-001539,CUST-0372,6753.71,USD,INTERNATIONAL_REMITTANCE,UK,Germany,travel,api,2026-03-30T15:43,1,0.08,0,0,,0.33,normal
TXN-001540,CUST-0077,2466.2,USD,CARD,Mexico,Singapore,travel,advisor,2025-04-25T18:02,1,0.37,0,0,,0.254,normal
TXN-001541,CUST-0367,273.77,USD,CARD,China,China,real_estate,advisor,2025-04-29T11:03,3,0.12,0,0,,0.3,normal
TXN-001542,CUST-0245,2981.42,USD,WIRE,Hong Kong,USA,luxury_goods,api,2025-04-06T18:33,1,0.43,0,0,,0.294,normal
TXN-001543,CUST-0213,641.97,USD,CARD,Germany,Turkey,cash_services,web,2026-05-09T14:26,3,0.1,0,0,,0.402,normal
TXN-001544,CUST-0391,46321.0,USD,CHECK,Hong Kong,China,consulting,advisor,2025-03-02T17:26,3,0.07,0,0,,0.441,normal
TXN-001545,CUST-0336,440.5,USD,CARD,Switzerland,Nigeria,electronics,advisor,2025-01-11T08:01,4,0.05,1,0,R-002 high-risk jurisdiction,0.633,review
TXN-001546,CUST-0307,129784.89,USD,WIRE,India,India,electronics,mobile,2025-04-27T23:05,2,0.42,0,0,,0.649,review
TXN-001547,CUST-0486,2172.96,USD,ACH,Cyprus,Canada,import_export,web,2026-03-12T03:05,1,0.28,0,1,,0.298,normal
TXN-001548,CUST-0333,72487.96,USD,CRYPTO_TRANSFER,Hong Kong,China,consulting,advisor,2025-01-24T23:11,3,17.35,1,1,R-003 customer behavior deviation,0.99,suspicious
TXN-001549,CUST-0090,4361.25,USD,CARD,Singapore,South Africa,cash_services,api,2025-11-07T20:48,3,0.1,0,0,,0.523,review
TXN-001550,CUST-0368,526.77,USD,INTERNATIONAL_REMITTANCE,USA,Singapore,charity,web,2026-03-29T20:59,1,0.28,0,0,,0.225,normal
TXN-001551,CUST-0469,314395.21,USD,CARD,China,Switzerland,travel,branch,2025-07-28T05:01,2,1.0,0,0,,0.32,normal
TXN-001552,CUST-0059,199205.03,USD,INTERNATIONAL_REMITTANCE,UAE,Turkey,luxury_goods,mobile,2026-03-08T14:35,3,0.83,0,0,,0.396,normal
TXN-001553,CUST-0315,47030.27,USD,INTERNATIONAL_REMITTANCE,UAE,South Africa,unknown,web,2025-03-22T03:20,3,9.55,1,0,,0.702,suspicious
TXN-001554,CUST-0127,14426.22,USD,CARD,UAE,Germany,luxury_goods,web,2025-09-21T23:17,1,0.13,0,0,,0.241,normal
TXN-001555,CUST-0001,15.63,USD,INTERNATIONAL_REMITTANCE,Turkey,France,consulting,branch,2025-06-12T01:44,1,0.02,0,0,,0.135,normal
TXN-001556,CUST-0091,361352.0,USD,CRYPTO_TRANSFER,France,Mexico,unknown,advisor,2026-03-31T07:16,3,70.97,1,1,R-003 customer behavior deviation|R-004 large crypto transfer|R-005 opaque merchant category,0.99,suspicious
TXN-001557,CUST-0159,1069.29,USD,ACH,Mexico,Hong Kong,charity,branch,2025-05-20T00:17,2,0.33,0,0,,0.318,normal
TXN-001558,CUST-0369,312.97,USD,INTERNATIONAL_REMITTANCE,India,Cyprus,luxury_goods,advisor,2026-02-08T14:28,3,0.06,0,0,,0.343,normal
TXN-001559,CUST-0050,144583.32,USD,CRYPTO_TRANSFER,Germany,South Africa,charity,advisor,2025-01-25T10:42,3,80.54,1,1,R-003 customer behavior deviation|R-005 opaque merchant category,0.944,suspicious
TXN-001560,CUST-0126,1680.63,USD,CHECK,South Africa,South Africa,charity,web,2025-01-17T18:46,3,0.04,0,0,,0.473,review
TXN-001561,CUST-0351,4587.98,USD,WIRE,UK,Hong Kong,import_export,mobile,2025-11-29T23:56,2,0.91,0,0,,0.316,normal
TXN-001562,CUST-0126,9062.21,USD,WIRE,South Africa,Cyprus,cash_services,api,2025-01-24T01:27,3,0.22,0,0,,0.39,normal
TXN-001563,CUST-0067,268665.96,USD,CASH_PAYMENT,Canada,Cayman Islands,luxury_goods,advisor,2025-02-28T14:48,4,64.39,1,1,R-002 high-risk jurisdiction|R-003 customer behavior deviation,0.99,suspicious
TXN-001564,CUST-0288,1567.73,USD,INTERNATIONAL_REMITTANCE,Brazil,Brazil,investment,api,2025-02-11T03:45,3,1.34,0,0,,0.456,review
TXN-001565,CUST-0300,2525.55,USD,CRYPTO_TRANSFER,Germany,USA,cash_services,advisor,2025-11-12T13:29,1,0.4,0,1,,0.404,normal
TXN-001566,CUST-0200,1033.63,USD,ACH,South Africa,Germany,import_export,advisor,2026-01-20T04:49,1,0.22,0,0,,0.251,normal
TXN-001567,CUST-0124,710.58,USD,CASH_PAYMENT,UAE,India,charity,advisor,2025-07-10T12:24,2,0.14,0,1,,0.458,review
TXN-001568,CUST-0235,5179019.15,USD,INTERNATIONAL_REMITTANCE,Mexico,South Africa,luxury_goods,api,2026-01-09T04:46,3,51.28,1,0,R-003 customer behavior deviation,0.846,suspicious
TXN-001569,CUST-0336,2518.35,USD,CHECK,Turkey,Switzerland,luxury_goods,api,2025-08-06T06:59,2,0.28,0,0,,0.334,normal
TXN-001570,CUST-0001,157.56,USD,INTERNATIONAL_REMITTANCE,France,France,travel,branch,2025-06-01T17:27,1,0.22,0,0,,0.165,normal
TXN-001571,CUST-0308,179.36,USD,CHECK,Hong Kong,Hong Kong,electronics,web,2025-07-13T18:23,2,0.18,0,0,,0.347,normal
TXN-001572,CUST-0199,2861.56,USD,CHECK,Brazil,China,charity,advisor,2025-12-16T20:35,3,0.07,0,0,,0.508,review
TXN-001573,CUST-0117,3593.93,USD,WIRE,UK,UK,cash_services,mobile,2025-07-16T11:15,1,0.42,0,0,,0.226,normal
TXN-001574,CUST-0144,5272672.81,USD,INTERNATIONAL_REMITTANCE,Germany,Panama,unknown,web,2025-02-11T18:32,4,82.17,1,1,R-002 high-risk jurisdiction|R-003 customer behavior deviation|R-005 opaque merchant category,0.99,suspicious
TXN-001575,CUST-0066,18383.42,USD,INTERNATIONAL_REMITTANCE,Singapore,South Africa,electronics,advisor,2025-01-28T16:23,3,0.12,0,0,,0.42,normal
TXN-001576,CUST-0230,8706.64,USD,WIRE,Brazil,Hong Kong,cash_services,web,2025-06-11T05:30,2,1.29,0,0,,0.382,normal
TXN-001577,CUST-0070,5412154.8,USD,INTERNATIONAL_REMITTANCE,UAE,Nigeria,cash_services,api,2025-09-22T03:14,4,15.56,1,1,R-002 high-risk jurisdiction|R-003 customer behavior deviation,0.99,suspicious
TXN-001578,CUST-0274,172.43,USD,CARD,Switzerland,Turkey,electronics,branch,2026-03-01T03:12,3,0.02,0,0,,0.353,normal
TXN-001579,CUST-0237,2501.04,USD,INTERNATIONAL_REMITTANCE,Turkey,Switzerland,electronics,advisor,2025-09-07T19:08,2,0.12,0,0,,0.321,normal
TXN-001580,CUST-0046,23797.41,USD,WIRE,Germany,Germany,electronics,branch,2026-05-16T05:41,1,0.56,0,0,,0.276,normal
TXN-001581,CUST-0059,13489.12,USD,WIRE,UAE,UAE,electronics,mobile,2026-02-15T08:15,2,0.06,0,0,,0.293,normal
TXN-001582,CUST-0315,454.8,USD,INTERNATIONAL_REMITTANCE,UAE,France,cash_services,mobile,2025-11-04T12:11,1,0.09,0,0,,0.251,normal
TXN-001583,CUST-0191,1007.59,USD,CARD,Singapore,Mexico,cash_services,mobile,2026-01-11T07:26,3,0.12,0,0,,0.469,review
TXN-001584,CUST-0079,3876828.43,USD,CASH_PAYMENT,Germany,Turkey,consulting,advisor,2026-03-03T20:29,3,32.38,1,1,R-003 customer behavior deviation|R-005 opaque merchant category,0.99,suspicious
TXN-001585,CUST-0095,643.02,USD,ACH,Switzerland,Switzerland,charity,mobile,2026-02-20T01:16,2,0.4,0,0,,0.234,normal
TXN-001586,CUST-0278,98.04,USD,WIRE,UK,UK,travel,web,2025-02-18T10:42,1,0.19,0,0,,0.192,normal
TXN-001587,CUST-0398,85623.66,USD,INTERNATIONAL_REMITTANCE,Cyprus,Brazil,unknown,api,2025-11-30T20:02,3,25.6,1,1,R-003 customer behavior deviation,0.901,suspicious
TXN-001588,CUST-0339,20209.32,USD,CASH_PAYMENT,Singapore,Turkey,luxury_goods,advisor,2025-08-24T16:30,3,0.63,0,1,,0.645,review
TXN-001589,CUST-0457,62821.24,USD,CARD,Singapore,Singapore,charity,mobile,2025-04-09T14:38,1,0.42,0,0,,0.246,normal
TXN-001590,CUST-0245,232.53,USD,WIRE,USA,USA,luxury_goods,web,2025-11-27T05:49,1,0.03,0,0,,0.273,normal
TXN-001591,CUST-0484,68932.85,USD,CHECK,Hong Kong,South Africa,charity,api,2026-01-11T08:00,3,0.3,0,0,,0.476,review
TXN-001592,CUST-0158,219.58,USD,CHECK,UK,UK,import_export,web,2025-03-21T22:50,1,0.05,0,0,,0.269,normal
TXN-001593,CUST-0016,235705.86,USD,CASH_PAYMENT,France,Turkey,cash_services,api,2025-06-29T23:56,3,28.76,1,1,R-003 customer behavior deviation,0.99,suspicious
TXN-001594,CUST-0047,265908.78,USD,CASH_PAYMENT,Hong Kong,Mexico,cash_services,api,2025-01-05T20:54,3,67.55,1,1,R-003 customer behavior deviation,0.99,suspicious
TXN-001595,CUST-0146,1958007.84,USD,CASH_PAYMENT,UK,Cyprus,cash_services,web,2025-06-13T10:37,3,47.07,1,1,R-003 customer behavior deviation,0.99,suspicious
TXN-001596,CUST-0069,979.59,USD,CHECK,China,China,real_estate,api,2025-01-14T21:56,3,0.13,0,0,,0.324,normal
TXN-001597,CUST-0197,25.84,USD,ACH,USA,Hong Kong,cash_services,mobile,2025-12-31T13:01,2,0.04,0,0,,0.285,normal
TXN-001598,CUST-0340,7663.62,USD,CHECK,Switzerland,USA,consulting,branch,2026-03-04T02:13,1,0.15,0,0,,0.323,normal
TXN-001599,CUST-0278,21.2,USD,CHECK,UK,UK,consulting,mobile,2025-05-31T00:04,1,0.04,0,0,,0.188,normal
TXN-001600,CUST-0345,900.58,USD,INTERNATIONAL_REMITTANCE,Cyprus,Brazil,consulting,mobile,2025-08-30T12:39,3,0.27,0,0,,0.312,normal
TXN-001601,CUST-0491,195.09,USD,INTERNATIONAL_REMITTANCE,Singapore,France,luxury_goods,web,2025-05-08T19:11,1,0.03,0,0,,0.195,normal
TXN-001602,CUST-0484,17416.27,USD,CHECK,Hong Kong,Switzerland,travel,advisor,2026-05-14T19:05,2,0.08,0,0,,0.415,normal
TXN-001603,CUST-0480,1787.12,USD,CARD,France,France,electronics,mobile,2025-05-26T11:09,1,0.22,0,0,,0.166,normal
TXN-001604,CUST-0308,77721.97,USD,WIRE,Hong Kong,Mexico,consulting,branch,2025-03-05T18:45,3,78.26,1,0,R-003 customer behavior deviation,0.839,suspicious
TXN-001605,CUST-0003,5170042.07,USD,WIRE,UK,China,charity,api,2025-09-18T15:32,3,55.31,1,0,R-003 customer behavior deviation|R-005 opaque merchant category,0.811,suspicious
TXN-001606,CUST-0141,1172.46,USD,CARD,Singapore,Singapore,cash_services,api,2025-08-22T00:33,1,0.41,0,0,,0.242,normal
TXN-001607,CUST-0055,4352.22,USD,CARD,Switzerland,UK,cash_services,web,2025-02-11T00:53,1,0.7,0,0,,0.267,normal
TXN-001608,CUST-0111,7643.64,USD,WIRE,Switzerland,UK,travel,branch,2025-10-05T17:14,1,0.06,0,0,,0.19,normal
TXN-001609,CUST-0011,424.47,USD,CARD,Mexico,China,electronics,web,2025-01-10T09:29,3,0.1,0,0,,0.347,normal
TXN-001610,CUST-0466,213566.28,USD,INTERNATIONAL_REMITTANCE,Turkey,Mexico,cash_services,web,2025-06-09T01:33,3,33.49,1,0,R-003 customer behavior deviation,0.803,suspicious
TXN-001611,CUST-0365,828.57,USD,INTERNATIONAL_REMITTANCE,UAE,India,luxury_goods,advisor,2026-02-15T15:12,2,0.11,0,0,,0.272,normal
TXN-001612,CUST-0491,111055.47,USD,CRYPTO_TRANSFER,Singapore,Panama,real_estate,api,2025-08-08T05:53,4,16.05,1,1,R-002 high-risk jurisdiction|R-003 customer behavior deviation,0.99,suspicious
TXN-001613,CUST-0448,26136.96,USD,CARD,Hong Kong,UAE,charity,advisor,2026-03-17T19:05,2,0.18,0,0,,0.389,normal
TXN-001614,CUST-0344,265.43,USD,INTERNATIONAL_REMITTANCE,UAE,India,cash_services,mobile,2025-11-04T11:22,2,0.11,0,0,,0.299,normal
TXN-001615,CUST-0413,58.3,USD,ACH,Brazil,USA,cash_services,api,2025-09-26T12:50,1,0.03,0,0,,0.431,normal
TXN-001616,CUST-0025,15661.91,USD,ACH,India,France,consulting,web,2025-05-25T07:12,1,0.13,0,0,,0.224,normal
TXN-001617,CUST-0133,20723.4,USD,WIRE,China,China,charity,mobile,2025-07-09T15:00,3,0.32,0,0,,0.461,review
TXN-001618,CUST-0046,6485.79,USD,INTERNATIONAL_REMITTANCE,China,China,cash_services,api,2025-03-30T23:02,3,0.15,0,0,,0.394,normal
TXN-001619,CUST-0070,185549.88,USD,CARD,UAE,South Africa,consulting,api,2026-05-10T12:46,3,0.53,0,0,R-005 opaque merchant category,0.421,normal
TXN-001620,CUST-0351,494.23,USD,CARD,Hong Kong,Turkey,cash_services,mobile,2026-02-08T08:39,3,0.1,0,0,,0.428,normal
TXN-001621,CUST-0446,321963.13,USD,INTERNATIONAL_REMITTANCE,Switzerland,Cyprus,cash_services,advisor,2025-10-13T16:13,3,69.03,1,0,R-003 customer behavior deviation,0.832,suspicious
TXN-001622,CUST-0136,659.68,USD,CHECK,Canada,Turkey,real_estate,branch,2026-01-22T16:04,3,0.14,0,0,,0.437,normal
TXN-001623,CUST-0334,198.64,USD,CHECK,UAE,Cyprus,electronics,branch,2025-07-23T12:11,3,0.03,0,0,,0.412,normal
TXN-001624,CUST-0077,731.07,USD,CHECK,Singapore,Singapore,charity,web,2026-05-04T06:09,1,0.11,0,0,,0.335,normal
TXN-001625,CUST-0443,4227.65,USD,WIRE,USA,France,consulting,branch,2025-01-15T19:28,1,0.52,0,1,,0.331,normal
TXN-001626,CUST-0036,2031916.23,USD,WIRE,Hong Kong,Nigeria,luxury_goods,advisor,2025-11-04T23:31,4,25.87,1,1,R-002 high-risk jurisdiction|R-003 customer behavior deviation,0.99,suspicious
TXN-001627,CUST-0257,11382.43,USD,CHECK,Canada,Germany,charity,advisor,2026-02-08T09:26,1,1.31,1,0,,0.46,review
TXN-001628,CUST-0040,771.35,USD,WIRE,Turkey,China,import_export,api,2025-12-09T00:00,3,0.1,1,0,,0.434,normal
TXN-001629,CUST-0237,2282.4,USD,WIRE,Switzerland,Switzerland,investment,advisor,2025-12-31T04:32,2,0.11,0,0,,0.305,normal
TXN-001630,CUST-0176,61966.54,USD,WIRE,UAE,UAE,charity,mobile,2026-01-09T06:09,2,0.19,0,0,,0.348,normal
TXN-001631,CUST-0096,102.84,USD,INTERNATIONAL_REMITTANCE,France,Turkey,consulting,branch,2025-07-01T02:17,3,0.03,0,0,,0.312,normal
TXN-001632,CUST-0046,5499.57,USD,WIRE,China,Singapore,consulting,branch,2026-01-11T17:04,1,0.13,0,0,,0.225,normal
TXN-001633,CUST-0134,248.69,USD,CASH_PAYMENT,Cyprus,India,cash_services,advisor,2025-04-26T12:11,2,0.11,1,1,,0.617,review
TXN-001634,CUST-0276,2609.94,USD,INTERNATIONAL_REMITTANCE,Switzerland,Turkey,consulting,api,2025-04-15T03:04,3,0.49,0,1,,0.549,review
TXN-001635,CUST-0471,100.32,USD,INTERNATIONAL_REMITTANCE,Canada,Canada,travel,api,2026-02-22T02:40,1,0.17,0,0,,0.173,normal
TXN-001636,CUST-0487,802.46,USD,INTERNATIONAL_REMITTANCE,Cyprus,Singapore,investment,web,2025-12-28T23:07,1,0.18,0,0,,0.256,normal
TXN-001637,CUST-0039,419.76,USD,WIRE,Hong Kong,Hong Kong,luxury_goods,advisor,2025-10-03T07:00,2,0.13,0,0,,0.37,normal
TXN-001638,CUST-0050,93.92,USD,INTERNATIONAL_REMITTANCE,China,Germany,real_estate,advisor,2026-03-20T13:08,1,0.05,0,0,,0.146,normal
TXN-001639,CUST-0066,34021.88,USD,WIRE,South Africa,South Africa,real_estate,advisor,2025-02-02T17:34,3,0.21,0,1,,0.5,review
TXN-001640,CUST-0242,381.37,USD,CARD,France,France,charity,web,2026-05-03T02:08,1,0.1,0,0,,0.385,normal
TXN-001641,CUST-0020,19723.54,USD,ACH,South Africa,Mexico,electronics,branch,2025-11-11T18:44,3,0.32,0,0,,0.622,review
TXN-001642,CUST-0394,588.08,USD,CARD,India,India,consulting,web,2026-02-05T19:03,2,0.13,0,0,,0.41,normal
TXN-001643,CUST-0095,99.67,USD,ACH,Germany,Switzerland,consulting,api,2026-04-24T21:05,2,0.06,0,0,,0.323,normal
TXN-001644,CUST-0412,296521.56,USD,INTERNATIONAL_REMITTANCE,China,Cayman Islands,real_estate,advisor,2025-02-17T00:35,4,40.64,1,1,R-002 high-risk jurisdiction|R-003 customer behavior deviation,0.984,suspicious
TXN-001645,CUST-0386,210609.52,USD,CHECK,Hong Kong,South Africa,electronics,branch,2025-03-14T14:14,3,1.08,0,0,,0.514,review
TXN-001646,CUST-0474,401088.08,USD,INTERNATIONAL_REMITTANCE,China,Russia,real_estate,api,2025-03-29T22:11,5,63.4,1,1,R-002 high-risk jurisdiction|R-003 customer behavior deviation,0.99,suspicious
TXN-001647,CUST-0428,335.44,USD,INTERNATIONAL_REMITTANCE,India,UK,charity,web,2025-12-05T21:38,1,0.08,1,0,,0.36,normal
TXN-001648,CUST-0480,1050.84,USD,CHECK,Hong Kong,France,luxury_goods,mobile,2025-01-24T22:01,1,0.13,0,0,,0.218,normal
TXN-001649,CUST-0468,474.44,USD,ACH,Turkey,Turkey,luxury_goods,branch,2025-02-15T10:04,3,0.21,0,0,,0.321,normal
TXN-001650,CUST-0462,5835.11,USD,CRYPTO_TRANSFER,Brazil,UAE,investment,api,2025-01-23T09:49,2,0.21,0,1,,0.564,review
TXN-001651,CUST-0089,1851.29,USD,ACH,Switzerland,Switzerland,cash_services,web,2025-12-21T20:43,2,0.32,0,0,,0.386,normal
TXN-001652,CUST-0022,7584.2,USD,WIRE,Cyprus,Cyprus,travel,api,2025-08-09T04:35,3,0.2,0,0,,0.461,review
TXN-001653,CUST-0287,15147.98,USD,ACH,Singapore,Singapore,charity,branch,2025-12-04T01:47,1,0.17,0,0,,0.247,normal
TXN-001654,CUST-0066,7272.86,USD,CHECK,South Africa,South Africa,electronics,advisor,2026-04-18T09:32,3,0.05,0,0,,0.437,normal
TXN-001655,CUST-0302,27.99,USD,WIRE,UAE,UAE,consulting,branch,2025-10-28T11:00,2,0.04,0,0,,0.558,review
TXN-001656,CUST-0287,23109.36,USD,ACH,Mexico,France,charity,web,2025-08-14T04:22,1,0.26,0,0,,0.267,normal
TXN-001657,CUST-0302,107.57,USD,CHECK,Cyprus,South Africa,cash_services,api,2026-02-18T18:59,3,0.15,0,0,,0.583,review
TXN-001658,CUST-0262,348.23,USD,ACH,USA,UAE,luxury_goods,api,2025-07-08T22:38,2,0.11,0,0,,0.369,normal
TXN-001659,CUST-0274,2723.16,USD,ACH,Switzerland,Russia,charity,advisor,2025-05-06T12:44,5,0.32,1,1,R-002 high-risk jurisdiction,0.724,suspicious
TXN-001660,CUST-0224,258.2,USD,WIRE,Mexico,UAE,import_export,api,2025-11-09T13:37,2,0.17,0,0,,0.257,normal
TXN-001661,CUST-0411,250.1,USD,CHECK,Singapore,Canada,luxury_goods,web,2025-04-29T12:11,1,0.16,0,0,,0.225,normal
TXN-001662,CUST-0042,2621.15,USD,CHECK,Mexico,Mexico,cash_services,advisor,2025-10-03T15:36,3,0.11,0,0,,0.431,normal
TXN-001663,CUST-0045,1687.88,USD,WIRE,Brazil,UAE,real_estate,branch,2025-08-06T08:46,2,0.51,0,0,,0.278,normal
TXN-001664,CUST-0138,28160.26,USD,WIRE,Switzerland,Mexico,electronics,advisor,2025-09-29T20:26,3,0.12,0,0,,0.408,normal
TXN-001665,CUST-0479,1457.48,USD,INTERNATIONAL_REMITTANCE,UK,India,charity,api,2025-02-13T11:10,2,0.46,0,0,,0.274,normal
TXN-001666,CUST-0334,487.08,USD,WIRE,Cyprus,UAE,consulting,mobile,2025-09-03T13:01,2,0.09,0,0,,0.295,normal
TXN-001667,CUST-0025,21564.6,USD,CHECK,France,France,consulting,branch,2026-02-11T06:57,1,0.17,0,1,,0.253,normal
TXN-001668,CUST-0154,809.07,USD,ACH,South Africa,France,real_estate,api,2025-06-17T08:54,1,0.44,0,0,,0.229,normal
TXN-001669,CUST-0451,2798695.83,USD,INTERNATIONAL_REMITTANCE,Mexico,British Virgin Islands,unknown,branch,2025-09-06T09:07,4,25.83,1,0,R-002 high-risk jurisdiction|R-003 customer behavior deviation|R-005 opaque merchant category,0.99,suspicious
TXN-001670,CUST-0423,12455.35,USD,INTERNATIONAL_REMITTANCE,South Africa,South Africa,consulting,api,2025-10-21T02:08,3,0.21,0,0,,0.334,normal
TXN-001671,CUST-0354,192911.15,USD,INTERNATIONAL_REMITTANCE,Hong Kong,Turkey,real_estate,advisor,2026-02-16T17:06,3,50.11,1,1,R-003 customer behavior deviation,0.907,suspicious
TXN-001672,CUST-0022,4645.94,USD,WIRE,Cyprus,USA,cash_services,api,2026-03-24T10:55,1,0.12,0,0,,0.339,normal
TXN-001673,CUST-0046,5373.86,USD,INTERNATIONAL_REMITTANCE,China,Germany,consulting,advisor,2026-01-19T13:29,1,0.13,0,0,,0.184,normal
TXN-001674,CUST-0288,496.39,USD,CARD,Brazil,France,cash_services,api,2025-07-09T02:20,1,0.43,0,0,,0.191,normal
TXN-001675,CUST-0347,197.22,USD,ACH,Singapore,Singapore,consulting,api,2025-09-24T22:58,1,0.04,0,0,,0.262,normal
TXN-001676,CUST-0265,715.77,USD,CARD,Switzerland,Switzerland,investment,web,2025-01-10T12:20,2,0.1,0,0,,0.263,normal
TXN-001677,CUST-0372,29886.42,USD,ACH,Hong Kong,Singapore,cash_services,advisor,2025-02-22T11:28,1,0.35,0,0,,0.341,normal
TXN-001678,CUST-0410,1402.84,USD,WIRE,India,China,real_estate,web,2025-04-18T12:17,3,0.32,0,0,,0.544,review
TXN-001679,CUST-0239,59835.93,USD,CASH_PAYMENT,Canada,Panama,consulting,branch,2025-05-10T15:46,4,9.33,1,1,R-002 high-risk jurisdiction,0.955,suspicious
TXN-001680,CUST-0118,1033.45,USD,CARD,Hong Kong,South Africa,luxury_goods,api,2025-06-30T12:28,3,0.21,0,0,,0.345,normal
TXN-001681,CUST-0257,911.52,USD,CHECK,Canada,Canada,travel,advisor,2025-08-28T07:18,1,0.11,0,0,,0.342,normal
TXN-001682,CUST-0161,12112246.09,USD,WIRE,China,South Africa,consulting,api,2026-03-04T23:00,3,78.16,1,0,R-003 customer behavior deviation|R-005 opaque merchant category,0.926,suspicious
TXN-001683,CUST-0403,262.95,USD,ACH,Germany,France,electronics,api,2025-03-21T18:07,1,0.07,0,0,,0.264,normal
TXN-001684,CUST-0135,1273.75,USD,ACH,Germany,Germany,cash_services,web,2025-06-03T00:37,1,0.08,0,0,,0.429,normal
TXN-001685,CUST-0129,242.6,USD,CARD,Brazil,Canada,consulting,mobile,2025-10-12T11:55,1,0.21,0,0,,0.222,normal
TXN-001686,CUST-0293,1312.44,USD,WIRE,India,India,charity,branch,2025-02-21T00:39,2,0.17,0,0,,0.215,normal
TXN-001687,CUST-0179,61132.7,USD,CHECK,Hong Kong,Hong Kong,investment,advisor,2025-10-06T14:45,2,0.33,0,0,,0.34,normal
TXN-001688,CUST-0092,302.97,USD,ACH,India,India,charity,advisor,2025-10-09T19:58,2,0.07,0,0,,0.476,review
TXN-001689,CUST-0206,21383.54,USD,CHECK,Turkey,Turkey,electronics,advisor,2025-09-08T01:58,3,0.13,0,0,,0.425,normal
TXN-001690,CUST-0069,197.1,USD,WIRE,China,Cayman Islands,investment,mobile,2025-05-20T06:28,4,0.03,1,0,R-002 high-risk jurisdiction,0.503,review
TXN-001691,CUST-0240,349.81,USD,INTERNATIONAL_REMITTANCE,Switzerland,South Africa,travel,mobile,2025-12-31T19:22,3,0.1,0,0,,0.347,normal
TXN-001692,CUST-0394,774.0,USD,CHECK,Singapore,UAE,charity,api,2026-02-01T21:27,2,0.17,0,0,,0.374,normal
TXN-001693,CUST-0187,1437.28,USD,ACH,China,Germany,consulting,advisor,2025-03-14T17:17,1,0.36,0,0,,0.246,normal
TXN-001694,CUST-0268,5471.72,USD,WIRE,Cyprus,Singapore,travel,mobile,2026-02-17T12:53,1,0.66,1,0,,0.293,normal
TXN-001695,CUST-0056,3376.95,USD,CARD,Germany,Canada,electronics,web,2025-08-20T09:00,1,0.42,0,0,,0.238,normal
TXN-001696,CUST-0140,237.22,USD,INTERNATIONAL_REMITTANCE,Turkey,Singapore,import_export,branch,2026-02-13T23:28,1,0.13,0,0,,0.213,normal
TXN-001697,CUST-0436,1465.65,USD,INTERNATIONAL_REMITTANCE,Mexico,Hong Kong,luxury_goods,web,2025-04-16T18:51,2,0.23,0,0,,0.308,normal
TXN-001698,CUST-0330,57441.34,USD,CHECK,USA,USA,consulting,advisor,2026-04-26T02:44,1,0.24,0,0,,0.194,normal
TXN-001699,CUST-0344,17468.36,USD,WIRE,India,Cayman Islands,charity,web,2025-06-15T09:06,4,7.37,1,0,R-002 high-risk jurisdiction,0.831,suspicious
TXN-001700,CUST-0461,149463.46,USD,CRYPTO_TRANSFER,Mexico,British Virgin Islands,luxury_goods,advisor,2025-01-01T17:20,4,20.69,1,1,R-002 high-risk jurisdiction|R-003 customer behavior deviation,0.99,suspicious
TXN-001701,CUST-0399,70.19,USD,ACH,China,Brazil,cash_services,mobile,2025-03-15T20:36,3,0.04,1,0,,0.496,review
TXN-001702,CUST-0248,367.87,USD,CASH_PAYMENT,Hong Kong,South Africa,investment,mobile,2025-10-07T17:52,3,0.14,0,1,,0.626,review
TXN-001703,CUST-0203,1914.33,USD,WIRE,Canada,USA,consulting,api,2026-02-12T13:40,1,0.22,0,0,,0.202,normal
TXN-001704,CUST-0220,201.1,USD,ACH,Switzerland,Switzerland,investment,advisor,2026-02-06T08:32,2,0.04,0,0,,0.361,normal
TXN-001705,CUST-0292,12303073.16,USD,INTERNATIONAL_REMITTANCE,Brazil,Iran,charity,branch,2025-03-08T11:28,5,52.99,1,0,R-002 high-risk jurisdiction|R-003 customer behavior deviation|R-005 opaque merchant category,0.99,suspicious
TXN-001706,CUST-0059,61959.16,USD,INTERNATIONAL_REMITTANCE,UAE,UAE,real_estate,advisor,2025-07-23T18:35,2,0.26,0,0,,0.305,normal
TXN-001707,CUST-0201,202.93,USD,INTERNATIONAL_REMITTANCE,South Africa,South Africa,travel,mobile,2025-07-25T00:07,3,0.07,0,0,,0.36,normal
TXN-001708,CUST-0058,6114.95,USD,WIRE,South Africa,China,investment,advisor,2026-03-19T20:35,3,0.68,0,0,,0.355,normal
TXN-001709,CUST-0396,38427.0,USD,INTERNATIONAL_REMITTANCE,Singapore,Brazil,electronics,branch,2025-08-18T08:10,3,0.22,0,0,,0.476,review
TXN-001710,CUST-0168,1003.21,USD,INTERNATIONAL_REMITTANCE,India,UAE,real_estate,web,2026-03-25T05:33,2,0.16,0,0,,0.294,normal
TXN-001711,CUST-0156,202429.07,USD,CRYPTO_TRANSFER,Turkey,Cayman Islands,charity,web,2025-10-20T11:16,4,73.66,1,1,R-002 high-risk jurisdiction|R-003 customer behavior deviation|R-005 opaque merchant category,0.99,suspicious
TXN-001712,CUST-0488,52719.56,USD,WIRE,Cyprus,Switzerland,cash_services,branch,2025-02-11T16:35,2,0.33,0,0,,0.464,review
TXN-001713,CUST-0099,130297.07,USD,CASH_PAYMENT,Singapore,Brazil,luxury_goods,api,2025-05-10T23:50,3,39.92,1,1,R-003 customer behavior deviation,0.99,suspicious
TXN-001714,CUST-0169,760565.38,USD,CRYPTO_TRANSFER,South Africa,South Africa,charity,api,2025-08-18T13:08,3,38.33,0,1,R-003 customer behavior deviation|R-004 large crypto transfer|R-005 opaque merchant category,0.959,suspicious
TXN-001715,CUST-0060,225.14,USD,CARD,China,Brazil,consulting,api,2025-06-08T11:04,3,0.11,0,0,,0.469,review
TXN-001716,CUST-0336,1231.31,USD,CHECK,Switzerland,Switzerland,investment,mobile,2025-04-26T06:02,2,0.14,0,0,,0.276,normal
TXN-001717,CUST-0406,1203.48,USD,ACH,Cyprus,UK,real_estate,web,2025-06-04T18:31,1,0.95,0,0,,0.188,normal
TXN-001718,CUST-0274,2177.65,USD,INTERNATIONAL_REMITTANCE,Switzerland,Singapore,electronics,web,2026-03-15T11:38,1,0.25,1,0,,0.399,normal
TXN-001719,CUST-0084,14118.72,USD,INTERNATIONAL_REMITTANCE,Turkey,Hong Kong,cash_services,web,2026-03-02T04:00,2,0.12,0,0,,0.221,normal
TXN-001720,CUST-0027,5989.55,USD,WIRE,Germany,Germany,import_export,mobile,2025-03-19T05:40,1,0.1,0,0,,0.205,normal
TXN-001721,CUST-0296,14787.21,USD,WIRE,Switzerland,USA,import_export,advisor,2026-05-05T23:23,1,0.17,1,0,,0.337,normal
TXN-001722,CUST-0440,4860.99,USD,ACH,France,USA,real_estate,api,2025-09-23T04:30,1,0.08,0,0,,0.278,normal
TXN-001723,CUST-0401,427.42,USD,ACH,France,Singapore,electronics,mobile,2025-07-12T07:36,1,0.14,0,0,,0.195,normal
TXN-001724,CUST-0302,526.47,USD,CHECK,South Africa,UAE,charity,api,2025-03-05T04:26,2,0.73,0,0,,0.551,review
TXN-001725,CUST-0215,116489.22,USD,ACH,Canada,Canada,charity,mobile,2025-01-27T04:53,1,0.21,0,0,R-005 opaque merchant category,0.396,normal
TXN-001726,CUST-0302,66.72,USD,WIRE,UAE,UAE,consulting,advisor,2025-04-27T23:12,2,0.09,0,0,,0.582,review
TXN-001727,CUST-0205,1381.74,USD,WIRE,Hong Kong,Mexico,consulting,advisor,2025-03-11T17:15,3,0.22,0,0,,0.368,normal
TXN-001728,CUST-0247,2843.17,USD,ACH,Switzerland,UAE,charity,web,2025-03-01T19:45,2,0.34,0,0,,0.508,review
TXN-001729,CUST-0392,15638.62,USD,CRYPTO_TRANSFER,China,Cyprus,travel,branch,2026-05-14T15:09,3,0.29,0,1,,0.739,suspicious
TXN-001730,CUST-0155,339.18,USD,WIRE,China,Hong Kong,electronics,advisor,2025-12-14T06:09,2,0.06,0,0,,0.203,normal
TXN-001731,CUST-0370,1404.6,USD,CASH_PAYMENT,Hong Kong,Hong Kong,luxury_goods,advisor,2025-10-17T17:54,2,0.31,0,1,,0.508,review
TXN-001732,CUST-0082,508.54,USD,CHECK,India,South Africa,travel,web,2025-03-30T19:40,3,0.17,0,0,,0.495,review
TXN-001733,CUST-0243,1511.43,USD,CARD,UAE,UAE,import_export,advisor,2025-08-30T00:09,2,0.2,0,0,,0.265,normal
TXN-001734,CUST-0041,459.84,USD,INTERNATIONAL_REMITTANCE,Brazil,Brazil,luxury_goods,mobile,2025-02-12T16:41,3,0.07,0,0,,0.375,normal
TXN-001735,CUST-0188,279.35,USD,CARD,China,UAE,consulting,branch,2025-08-01T04:29,2,0.07,0,0,,0.41,normal
TXN-001736,CUST-0164,291.95,USD,CARD,Cyprus,Singapore,electronics,mobile,2025-09-04T18:14,1,0.04,0,0,,0.433,normal
TXN-001737,CUST-0175,40469.07,USD,WIRE,Hong Kong,Hong Kong,cash_services,advisor,2026-04-07T08:07,2,0.46,0,0,,0.344,normal
TXN-001738,CUST-0111,10539.49,USD,ACH,UK,Switzerland,consulting,branch,2025-09-14T03:24,2,0.09,0,0,,0.294,normal
TXN-001739,CUST-0236,56053.32,USD,CASH_PAYMENT,UAE,Iran,cash_services,advisor,2026-03-10T16:29,5,36.02,1,1,R-002 high-risk jurisdiction|R-003 customer behavior deviation,0.99,suspicious
TXN-001740,CUST-0015,261.18,USD,INTERNATIONAL_REMITTANCE,Singapore,Singapore,charity,mobile,2025-12-27T05:05,1,0.1,0,0,,0.236,normal
TXN-001741,CUST-0231,2641.22,USD,ACH,China,South Africa,real_estate,advisor,2025-10-02T21:33,3,0.52,0,0,,0.496,review
TXN-001742,CUST-0469,20057.96,USD,CARD,Switzerland,Switzerland,investment,mobile,2025-06-21T15:41,2,0.06,0,0,,0.256,normal
TXN-001743,CUST-0440,4560600.65,USD,CRYPTO_TRANSFER,Singapore,Nigeria,unknown,api,2026-02-28T08:07,4,72.3,1,1,R-002 high-risk jurisdiction|R-003 customer behavior deviation|R-004 large crypto transfer|R-005 opaque merchant category,0.99,suspicious
TXN-001744,CUST-0082,384.43,USD,CHECK,India,Panama,cash_services,web,2025-05-01T22:02,4,0.13,1,0,R-002 high-risk jurisdiction,0.648,review
TXN-001745,CUST-0405,40.06,USD,CARD,Singapore,South Africa,cash_services,web,2025-03-26T20:36,3,0.02,0,0,,0.461,review
TXN-001746,CUST-0193,393.35,USD,CHECK,India,France,consulting,mobile,2025-11-28T00:38,1,0.07,0,0,,0.245,normal
TXN-001747,CUST-0065,25980.13,USD,CHECK,China,UAE,real_estate,branch,2025-12-24T12:05,2,0.2,0,0,,0.344,normal
TXN-001748,CUST-0245,802.72,USD,CARD,USA,USA,luxury_goods,advisor,2025-04-24T14:04,1,0.11,0,0,,0.28,normal
TXN-001749,CUST-0119,365102.74,USD,WIRE,Canada,Iran,luxury_goods,branch,2025-06-20T05:03,5,69.64,1,1,R-002 high-risk jurisdiction|R-003 customer behavior deviation,0.99,suspicious
TXN-001750,CUST-0056,468.5,USD,CHECK,Germany,Turkey,cash_services,web,2025-08-04T19:30,3,0.06,0,0,,0.432,normal
TXN-001751,CUST-0007,701.07,USD,WIRE,India,Switzerland,import_export,advisor,2025-08-18T10:27,2,0.25,0,0,,0.287,normal
TXN-001752,CUST-0295,208.24,USD,ACH,India,Germany,cash_services,api,2025-06-30T08:30,1,0.03,0,0,,0.283,normal
TXN-001753,CUST-0011,346.5,USD,WIRE,China,China,charity,branch,2025-11-06T19:12,3,0.08,0,0,,0.31,normal
TXN-001754,CUST-0020,14759.25,USD,CHECK,South Africa,South Africa,luxury_goods,web,2025-09-15T16:41,3,0.24,0,0,,0.614,review
TXN-001755,CUST-0378,16656.29,USD,WIRE,Turkey,Mexico,electronics,branch,2025-11-03T04:54,3,0.08,0,0,,0.448,normal
TXN-001756,CUST-0384,2018241.45,USD,WIRE,Singapore,Turkey,unknown,web,2025-06-06T07:53,3,41.79,1,0,R-003 customer behavior deviation|R-005 opaque merchant category,0.958,suspicious
TXN-001757,CUST-0205,113.57,USD,INTERNATIONAL_REMITTANCE,Mexico,Hong Kong,import_export,mobile,2025-10-13T23:41,2,0.02,0,0,,0.269,normal
TXN-001758,CUST-0234,8110.29,USD,INTERNATIONAL_REMITTANCE,Turkey,Brazil,charity,mobile,2025-04-03T07:51,3,0.08,0,0,,0.36,normal
TXN-001759,CUST-0052,1239.4,USD,WIRE,Canada,UAE,travel,mobile,2025-06-15T02:28,2,0.2,0,0,,0.385,normal
TXN-001760,CUST-0065,15630.04,USD,CHECK,UAE,China,consulting,branch,2025-03-19T22:06,3,0.12,0,0,,0.463,review
TXN-001761,CUST-0346,991.42,USD,CARD,UAE,Switzerland,luxury_goods,branch,2025-04-30T17:25,2,0.12,0,0,,0.309,normal
TXN-001762,CUST-0019,526.07,USD,CARD,South Africa,South Africa,travel,branch,2026-01-09T23:30,3,0.26,0,0,,0.43,normal
TXN-001763,CUST-0493,753.73,USD,INTERNATIONAL_REMITTANCE,Turkey,Cyprus,travel,api,2025-09-12T04:08,3,0.25,0,0,,0.413,normal
TXN-001764,CUST-0201,583.15,USD,INTERNATIONAL_REMITTANCE,South Africa,South Africa,electronics,branch,2026-03-09T02:32,3,0.21,0,0,,0.426,normal
TXN-001765,CUST-0447,388.35,USD,CARD,Germany,Cyprus,investment,web,2025-03-20T01:52,3,0.14,0,0,,0.342,normal
TXN-001766,CUST-0288,194.79,USD,CARD,France,Brazil,charity,web,2025-12-21T14:25,3,0.17,0,0,,0.33,normal
TXN-001767,CUST-0478,94667.94,USD,CARD,UAE,UAE,investment,branch,2025-11-04T05:04,2,0.4,0,1,,0.508,review
TXN-001768,CUST-0263,10448.79,USD,WIRE,France,Germany,electronics,branch,2025-10-12T17:51,1,0.2,0,0,,0.15,normal
TXN-001769,CUST-0496,69963.87,USD,CRYPTO_TRANSFER,UK,China,travel,branch,2025-12-05T20:10,3,0.52,0,1,,0.57,review
TXN-001770,CUST-0205,1114.32,USD,WIRE,Hong Kong,Hong Kong,luxury_goods,api,2026-01-06T21:47,2,0.18,0,0,,0.364,normal
TXN-001771,CUST-0058,3720.72,USD,WIRE,South Africa,South Africa,consulting,api,2025-08-27T17:36,3,0.41,0,0,,0.349,normal
TXN-001772,CUST-0371,254.32,USD,CHECK,UK,Germany,travel,advisor,2025-11-25T08:42,1,0.04,0,0,,0.181,normal
TXN-001773,CUST-0146,3113.88,USD,CARD,Switzerland,Switzerland,electronics,api,2025-08-19T12:43,2,0.07,0,0,,0.484,review
TXN-001774,CUST-0288,191.67,USD,CHECK,Brazil,Brazil,travel,advisor,2025-04-17T10:21,3,0.16,0,0,,0.357,normal
TXN-001775,CUST-0385,10203.96,USD,INTERNATIONAL_REMITTANCE,Cyprus,Russia,unknown,web,2025-01-09T01:06,5,9.15,1,0,R-002 high-risk jurisdiction,0.774,suspicious
TXN-001776,CUST-0271,8578.63,USD,WIRE,China,China,cash_services,api,2025-01-10T23:06,3,0.12,0,0,,0.387,normal
TXN-001777,CUST-0194,8625.69,USD,WIRE,UK,Singapore,cash_services,advisor,2025-03-20T00:25,1,0.18,0,0,,0.409,normal
TXN-001778,CUST-0074,3584.27,USD,CARD,Hong Kong,Hong Kong,investment,advisor,2025-12-07T19:14,2,0.42,0,1,,0.389,normal
TXN-001779,CUST-0282,14085.42,USD,CHECK,Canada,Singapore,consulting,mobile,2025-02-19T13:22,1,0.2,0,0,,0.242,normal
TXN-001780,CUST-0104,1171.83,USD,CHECK,Hong Kong,USA,consulting,branch,2025-06-10T05:22,1,0.28,0,0,,0.234,normal
TXN-001781,CUST-0317,3080.85,USD,CHECK,South Africa,Cayman Islands,consulting,web,2026-01-22T13:13,4,0.67,1,0,R-002 high-risk jurisdiction,0.682,suspicious
TXN-001782,CUST-0318,4257.06,USD,WIRE,China,China,cash_services,mobile,2025-11-20T13:47,3,0.1,0,0,,0.375,normal
TXN-001783,CUST-0085,47232.64,USD,WIRE,South Africa,Cyprus,consulting,branch,2026-01-16T15:58,3,8.18,1,0,,0.661,review
TXN-001784,CUST-0435,13017.54,USD,INTERNATIONAL_REMITTANCE,Mexico,Mexico,luxury_goods,advisor,2025-06-22T02:22,3,0.07,0,0,,0.431,normal
TXN-001785,CUST-0221,111241.7,USD,CRYPTO_TRANSFER,USA,Cayman Islands,unknown,web,2025-09-07T17:59,4,51.09,1,1,R-002 high-risk jurisdiction|R-003 customer behavior deviation|R-005 opaque merchant category,0.99,suspicious
TXN-001786,CUST-0395,414.51,USD,CHECK,Turkey,Brazil,cash_services,mobile,2025-11-10T11:01,3,0.2,0,0,,0.386,normal
TXN-001787,CUST-0415,2982.56,USD,WIRE,Switzerland,China,luxury_goods,advisor,2025-10-02T18:34,3,0.35,0,0,,0.419,normal
TXN-001788,CUST-0098,10084.0,USD,WIRE,South Africa,China,real_estate,branch,2025-12-23T05:12,3,0.08,0,0,,0.345,normal
TXN-001789,CUST-0195,2868.39,USD,WIRE,Brazil,Brazil,consulting,branch,2026-04-22T03:09,3,0.48,0,0,,0.391,normal
TXN-001790,CUST-0291,1695.18,USD,CARD,UK,UK,luxury_goods,advisor,2026-01-07T16:35,1,0.3,0,0,,0.17,normal
TXN-001791,CUST-0283,203.88,USD,ACH,China,Germany,import_export,branch,2025-06-09T00:19,1,0.07,0,0,,0.277,normal
TXN-001792,CUST-0176,79309.18,USD,INTERNATIONAL_REMITTANCE,Mexico,UAE,consulting,web,2025-01-20T17:08,2,0.24,0,0,,0.323,normal
TXN-001793,CUST-0001,84.14,USD,WIRE,France,Switzerland,cash_services,advisor,2025-02-05T00:44,2,0.12,1,0,,0.359,normal
TXN-001794,CUST-0135,234.93,USD,CHECK,India,Mexico,travel,api,2026-05-16T16:07,3,0.02,0,0,,0.604,review
TXN-001795,CUST-0405,109920.2,USD,CRYPTO_TRANSFER,South Africa,Panama,cash_services,web,2025-05-13T21:06,4,66.68,1,1,R-002 high-risk jurisdiction|R-003 customer behavior deviation,0.99,suspicious
TXN-001796,CUST-0315,851.34,USD,WIRE,France,British Virgin Islands,consulting,api,2025-04-06T21:30,4,0.17,1,0,R-002 high-risk jurisdiction,0.571,review
TXN-001797,CUST-0154,140645.38,USD,CRYPTO_TRANSFER,South Africa,Panama,cash_services,web,2025-06-29T07:58,4,75.84,1,1,R-002 high-risk jurisdiction|R-003 customer behavior deviation,0.99,suspicious
TXN-001798,CUST-0360,304.53,USD,INTERNATIONAL_REMITTANCE,South Africa,Panama,investment,branch,2025-11-26T11:20,4,0.05,1,0,R-002 high-risk jurisdiction,0.576,review
TXN-001799,CUST-0403,125460.37,USD,CASH_PAYMENT,Germany,Mexico,consulting,advisor,2025-02-01T09:35,3,32.38,1,1,R-003 customer behavior deviation|R-005 opaque merchant category,0.99,suspicious
TXN-001800,CUST-0487,682.98,USD,CHECK,Singapore,Cyprus,investment,api,2025-07-27T03:38,3,0.15,0,0,,0.323,normal
TXN-001801,CUST-0028,5158.0,USD,INTERNATIONAL_REMITTANCE,UK,UK,travel,api,2025-11-01T06:44,1,0.15,0,0,,0.263,normal
TXN-001802,CUST-0418,348.71,USD,INTERNATIONAL_REMITTANCE,India,Canada,investment,branch,2025-11-12T00:48,1,0.04,0,0,,0.191,normal
TXN-001803,CUST-0048,1454.49,USD,CARD,Germany,Germany,import_export,mobile,2025-12-06T19:16,1,0.33,0,0,,0.37,normal
TXN-001804,CUST-0360,894.65,USD,WIRE,Brazil,USA,charity,branch,2025-07-04T08:19,1,0.13,0,0,,0.291,normal
TXN-001805,CUST-0449,1064.44,USD,CASH_PAYMENT,France,France,real_estate,api,2025-11-28T15:34,1,0.47,0,1,,0.421,normal
TXN-001806,CUST-0233,1130.87,USD,CHECK,Cyprus,Mexico,charity,mobile,2026-03-10T17:57,3,0.19,0,0,,0.387,normal
TXN-001807,CUST-0169,1230.68,USD,WIRE,South Africa,UAE,real_estate,web,2025-05-21T19:40,2,0.06,0,0,,0.307,normal
TXN-001808,CUST-0064,807.96,USD,WIRE,Hong Kong,South Africa,import_export,web,2025-02-21T16:18,3,0.16,0,0,,0.392,normal
TXN-001809,CUST-0423,11882.77,USD,WIRE,South Africa,Canada,import_export,api,2025-04-07T12:39,1,0.2,0,0,,0.251,normal
TXN-001810,CUST-0202,10889.64,USD,CARD,UK,UK,travel,web,2025-01-03T07:52,1,0.06,0,0,,0.243,normal
TXN-001811,CUST-0122,145.69,USD,CRYPTO_TRANSFER,India,Iran,luxury_goods,advisor,2025-06-14T04:18,5,0.03,1,1,R-002 high-risk jurisdiction,0.941,suspicious
TXN-001812,CUST-0437,290.05,USD,CHECK,Canada,Canada,investment,branch,2026-02-23T11:09,1,0.09,0,0,,0.201,normal
TXN-001813,CUST-0213,344694.42,USD,WIRE,South Africa,Cyprus,real_estate,api,2025-03-13T02:59,3,54.76,1,0,R-003 customer behavior deviation,0.886,suspicious
TXN-001814,CUST-0001,48376.8,USD,CRYPTO_TRANSFER,Turkey,South Africa,unknown,web,2025-12-07T12:48,3,67.89,1,1,R-003 customer behavior deviation,0.99,suspicious
TXN-001815,CUST-0320,206951.1,USD,INTERNATIONAL_REMITTANCE,South Africa,Iran,charity,advisor,2025-12-12T07:26,5,62.83,1,1,R-002 high-risk jurisdiction|R-003 customer behavior deviation|R-005 opaque merchant category,0.99,suspicious
TXN-001816,CUST-0136,857.38,USD,CASH_PAYMENT,Canada,Turkey,travel,api,2026-01-07T14:18,3,0.18,0,1,,0.534,review
TXN-001817,CUST-0071,77288.83,USD,CRYPTO_TRANSFER,Singapore,South Africa,luxury_goods,web,2025-04-20T02:47,3,11.1,0,1,R-003 customer behavior deviation,0.753,suspicious
TXN-001818,CUST-0204,23310.1,USD,CHECK,Mexico,Cyprus,electronics,mobile,2026-01-27T03:58,3,0.07,0,0,,0.606,review
TXN-001819,CUST-0224,217.03,USD,WIRE,UAE,Iran,electronics,api,2025-01-08T08:19,5,0.15,1,0,R-002 high-risk jurisdiction,0.601,review
TXN-001820,CUST-0401,113.92,USD,CASH_PAYMENT,China,France,luxury_goods,advisor,2026-02-17T15:30,1,0.04,0,1,,0.423,normal
TXN-001821,CUST-0090,9563.01,USD,CHECK,Singapore,South Africa,travel,mobile,2026-04-10T20:59,3,0.22,0,0,,0.567,review
TXN-001822,CUST-0132,59493.12,USD,CHECK,Turkey,Nigeria,real_estate,advisor,2025-02-08T10:33,4,0.24,1,0,R-002 high-risk jurisdiction,0.585,review
TXN-001823,CUST-0114,299.33,USD,ACH,Mexico,South Africa,real_estate,api,2025-06-12T23:58,3,0.15,0,0,,0.375,normal
TXN-001824,CUST-0346,4768.34,USD,CARD,Switzerland,India,investment,advisor,2026-04-18T12:09,2,0.57,1,0,,0.411,normal
TXN-001825,CUST-0353,14183615.91,USD,INTERNATIONAL_REMITTANCE,China,Nigeria,cash_services,web,2025-03-01T14:04,4,65.63,1,0,R-002 high-risk jurisdiction|R-003 customer behavior deviation,0.89,suspicious
TXN-001826,CUST-0371,948.82,USD,ACH,UK,Germany,investment,advisor,2025-11-15T10:54,1,0.14,0,0,,0.182,normal
TXN-001827,CUST-0318,24079.94,USD,CASH_PAYMENT,China,China,travel,advisor,2026-03-13T19:45,3,0.57,0,1,,0.596,review
TXN-001828,CUST-0178,11708979.5,USD,WIRE,UK,British Virgin Islands,consulting,advisor,2025-02-13T02:30,4,86.74,1,0,R-002 high-risk jurisdiction|R-003 customer behavior deviation|R-005 opaque merchant category,0.944,suspicious
TXN-001829,CUST-0346,180.22,USD,CARD,UAE,UAE,cash_services,api,2025-02-23T03:31,2,0.02,0,0,,0.23,normal
TXN-001830,CUST-0486,1911.65,USD,CARD,France,France,charity,api,2026-01-16T17:20,1,0.25,0,0,,0.223,normal
TXN-001831,CUST-0296,17372.57,USD,WIRE,Canada,Mexico,import_export,api,2025-04-14T02:50,3,0.2,0,0,,0.353,normal
TXN-001832,CUST-0226,82.16,USD,CHECK,China,Russia,cash_services,branch,2025-01-04T02:11,5,0.14,1,0,R-002 high-risk jurisdiction,0.64,review
TXN-001833,CUST-0433,117216.77,USD,INTERNATIONAL_REMITTANCE,UK,South Africa,real_estate,api,2025-08-12T23:16,3,30.07,1,1,R-003 customer behavior deviation,0.977,suspicious
TXN-001834,CUST-0251,15128.87,USD,CHECK,Singapore,Turkey,travel,web,2025-12-17T00:39,3,0.07,0,0,,0.364,normal
TXN-001835,CUST-0187,356.08,USD,CARD,China,China,investment,mobile,2025-04-18T14:16,3,0.09,0,0,,0.298,normal
TXN-001836,CUST-0232,200105.48,USD,CRYPTO_TRANSFER,Brazil,Panama,luxury_goods,web,2025-12-09T09:16,4,25.45,1,1,R-002 high-risk jurisdiction|R-003 customer behavior deviation,0.99,suspicious
TXN-001837,CUST-0450,5491.28,USD,CARD,Germany,South Africa,investment,advisor,2026-03-23T14:11,3,0.12,0,0,,0.448,normal
TXN-001838,CUST-0114,153278.4,USD,INTERNATIONAL_REMITTANCE,Hong Kong,Mexico,real_estate,advisor,2025-06-06T00:18,3,76.42,0,0,R-003 customer behavior deviation,0.71,suspicious
TXN-001839,CUST-0440,2319817.71,USD,CASH_PAYMENT,France,Nigeria,cash_services,branch,2025-08-12T13:20,4,36.77,1,1,R-002 high-risk jurisdiction|R-003 customer behavior deviation,0.99,suspicious
TXN-001840,CUST-0238,384277.75,USD,WIRE,UAE,Nigeria,unknown,api,2025-02-21T11:14,4,63.29,1,1,R-002 high-risk jurisdiction|R-003 customer behavior deviation|R-005 opaque merchant category,0.99,suspicious
TXN-001841,CUST-0049,630.69,USD,WIRE,Canada,India,real_estate,web,2025-07-03T00:12,2,0.08,0,0,,0.268,normal
TXN-001842,CUST-0010,62753.85,USD,INTERNATIONAL_REMITTANCE,South Africa,France,travel,branch,2025-12-29T11:18,1,0.52,0,0,,0.187,normal
TXN-001843,CUST-0358,265.48,USD,ACH,Turkey,Canada,cash_services,mobile,2025-08-16T21:42,1,0.04,1,0,,0.303,normal
TXN-001844,CUST-0180,352.59,USD,CASH_PAYMENT,Canada,Panama,travel,advisor,2026-01-31T03:38,4,0.35,1,1,R-002 high-risk jurisdiction,0.977,suspicious
TXN-001845,CUST-0469,25059.39,USD,ACH,Cyprus,Switzerland,import_export,api,2025-07-25T01:22,2,0.08,0,0,,0.246,normal
TXN-001846,CUST-0228,56.08,USD,CHECK,Turkey,Turkey,real_estate,api,2025-08-10T02:18,3,0.02,0,0,,0.41,normal
TXN-001847,CUST-0435,55738.49,USD,ACH,USA,Mexico,consulting,web,2025-11-02T06:10,3,0.29,0,0,,0.392,normal
TXN-001848,CUST-0378,42784.27,USD,WIRE,China,Singapore,import_export,api,2025-01-10T10:25,1,0.2,0,0,,0.294,normal
TXN-001849,CUST-0240,87.55,USD,INTERNATIONAL_REMITTANCE,France,Switzerland,cash_services,advisor,2026-02-13T03:43,2,0.02,0,0,,0.321,normal
TXN-001850,CUST-0338,94.53,USD,CARD,Hong Kong,Switzerland,investment,api,2026-04-14T17:32,2,0.1,0,0,,0.238,normal
TXN-001851,CUST-0235,25520.81,USD,INTERNATIONAL_REMITTANCE,China,Mexico,electronics,web,2026-01-15T03:59,3,0.25,0,0,,0.445,normal
TXN-001852,CUST-0375,535.1,USD,ACH,Germany,Germany,investment,api,2025-04-19T17:46,1,0.25,0,0,,0.252,normal
TXN-001853,CUST-0384,8401.34,USD,ACH,Hong Kong,Germany,import_export,advisor,2025-09-20T22:15,1,0.17,0,0,,0.262,normal
TXN-001854,CUST-0396,25071.86,USD,CARD,Singapore,Brazil,cash_services,mobile,2025-11-12T19:52,3,0.14,0,0,,0.486,review
TXN-001855,CUST-0436,7077.49,USD,CHECK,Mexico,China,consulting,web,2026-03-12T01:28,3,1.1,0,0,,0.36,normal
TXN-001856,CUST-0298,627.68,USD,WIRE,Germany,Germany,cash_services,web,2025-10-18T03:43,1,0.07,0,0,,0.341,normal
TXN-001857,CUST-0016,2150.75,USD,INTERNATIONAL_REMITTANCE,France,Singapore,investment,web,2026-02-20T20:41,1,0.26,0,1,,0.427,normal
TXN-001858,CUST-0294,8122.22,USD,INTERNATIONAL_REMITTANCE,Mexico,Canada,electronics,web,2026-02-13T18:50,1,0.04,0,1,,0.3,normal
TXN-001859,CUST-0245,867.86,USD,CARD,Hong Kong,USA,cash_services,branch,2026-05-06T13:14,1,0.12,0,0,,0.198,normal
TXN-001860,CUST-0472,2390.55,USD,ACH,India,India,electronics,mobile,2025-03-18T06:30,2,0.36,0,0,,0.27,normal
TXN-001861,CUST-0365,830.94,USD,WIRE,UAE,Switzerland,import_export,mobile,2025-12-16T01:28,2,0.11,0,0,,0.345,normal
TXN-001862,CUST-0115,527848.79,USD,INTERNATIONAL_REMITTANCE,India,British Virgin Islands,charity,api,2025-08-23T08:07,4,89.97,1,0,R-002 high-risk jurisdiction|R-003 customer behavior deviation|R-005 opaque merchant category,0.92,suspicious
TXN-001863,CUST-0344,741.32,USD,INTERNATIONAL_REMITTANCE,India,UAE,luxury_goods,mobile,2025-05-06T09:08,2,0.31,0,0,,0.35,normal
TXN-001864,CUST-0039,1054.07,USD,WIRE,Germany,Hong Kong,travel,web,2025-01-22T05:04,2,0.31,0,0,,0.265,normal
TXN-001865,CUST-0211,5760129.54,USD,INTERNATIONAL_REMITTANCE,India,Cyprus,consulting,api,2025-10-16T09:21,3,26.38,1,0,R-003 customer behavior deviation|R-005 opaque merchant category,0.99,suspicious
TXN-001866,CUST-0410,1125.0,USD,CASH_PAYMENT,USA,China,investment,api,2025-06-16T01:00,3,0.26,0,1,,0.704,suspicious
TXN-001867,CUST-0208,205284.2,USD,CRYPTO_TRANSFER,Hong Kong,British Virgin Islands,consulting,branch,2025-06-01T09:40,4,18.07,1,1,R-002 high-risk jurisdiction|R-003 customer behavior deviation|R-005 opaque merchant category,0.99,suspicious
TXN-001868,CUST-0356,841.34,USD,WIRE,Switzerland,Iran,charity,api,2025-06-20T14:37,5,0.13,1,0,R-002 high-risk jurisdiction,0.592,review
TXN-001869,CUST-0256,1419.65,USD,CARD,USA,USA,electronics,api,2025-10-23T20:30,1,0.22,0,0,,0.285,normal
TXN-001870,CUST-0348,17824.43,USD,CARD,UAE,UAE,electronics,mobile,2025-04-05T23:24,2,0.04,0,0,,0.309,normal
TXN-001871,CUST-0032,104.86,USD,WIRE,India,South Africa,electronics,branch,2025-01-13T02:17,3,0.13,0,0,,0.425,normal
TXN-001872,CUST-0348,3630892.76,USD,CRYPTO_TRANSFER,UAE,Cyprus,consulting,api,2025-08-23T14:53,3,8.29,1,1,R-004 large crypto transfer|R-005 opaque merchant category,0.903,suspicious
TXN-001873,CUST-0458,80.76,USD,WIRE,South Africa,South Africa,real_estate,advisor,2025-10-23T12:53,3,0.08,0,0,,0.407,normal
TXN-001874,CUST-0313,34082.0,USD,CRYPTO_TRANSFER,Cyprus,Turkey,cash_services,branch,2025-03-23T05:54,3,5.21,1,1,,0.927,suspicious
TXN-001875,CUST-0022,3214.68,USD,WIRE,Cyprus,Cyprus,consulting,web,2025-09-09T18:28,3,0.08,0,0,,0.497,review
TXN-001876,CUST-0228,107.01,USD,INTERNATIONAL_REMITTANCE,Turkey,Turkey,electronics,mobile,2025-10-11T01:48,3,0.04,0,0,,0.422,normal
TXN-001877,CUST-0133,8463.37,USD,CHECK,UK,UK,investment,api,2025-08-02T23:38,1,0.13,0,0,,0.314,normal
TXN-001878,CUST-0332,11384.87,USD,CARD,Brazil,Singapore,travel,mobile,2025-04-22T15:27,1,0.32,0,1,,0.349,normal
TXN-001879,CUST-0356,1025.3,USD,INTERNATIONAL_REMITTANCE,UK,UK,travel,api,2025-08-28T15:38,1,0.15,0,0,,0.245,normal
TXN-001880,CUST-0028,6128.8,USD,INTERNATIONAL_REMITTANCE,Cyprus,India,import_export,api,2026-02-12T20:26,2,0.18,1,0,,0.382,normal
TXN-001881,CUST-0408,716.52,USD,CARD,Brazil,Brazil,import_export,branch,2025-01-18T11:25,3,0.14,0,0,,0.351,normal
TXN-001882,CUST-0368,347.62,USD,ACH,Singapore,USA,travel,advisor,2025-03-15T15:54,1,0.19,0,0,,0.249,normal
TXN-001883,CUST-0098,28699.42,USD,INTERNATIONAL_REMITTANCE,South Africa,China,real_estate,branch,2026-05-16T21:03,3,0.24,0,0,,0.369,normal
TXN-001884,CUST-0134,378.04,USD,INTERNATIONAL_REMITTANCE,Mexico,Brazil,cash_services,api,2025-07-07T05:49,3,0.17,0,0,,0.284,normal
TXN-001885,CUST-0240,854.1,USD,WIRE,South Africa,France,import_export,api,2025-07-10T15:06,1,0.24,0,0,,0.211,normal
TXN-001886,CUST-0232,1778.95,USD,CHECK,Switzerland,Switzerland,investment,branch,2025-01-27T23:05,2,0.23,0,0,,0.272,normal
TXN-001887,CUST-0418,456314.6,USD,CASH_PAYMENT,India,Turkey,luxury_goods,web,2025-01-25T05:04,3,52.2,1,1,R-003 customer behavior deviation,0.99,suspicious
TXN-001888,CUST-0148,20841.63,USD,CARD,Germany,Cyprus,cash_services,advisor,2026-04-09T21:18,3,0.31,0,0,,0.431,normal
TXN-001889,CUST-0243,1065.0,USD,CHECK,Turkey,Turkey,travel,api,2026-01-19T10:33,3,0.14,0,0,,0.372,normal
TXN-001890,CUST-0390,212.19,USD,CHECK,Germany,South Africa,consulting,branch,2025-07-27T09:42,3,0.04,0,0,,0.379,normal
TXN-001891,CUST-0399,302.19,USD,CHECK,China,Cyprus,charity,mobile,2026-04-25T20:54,3,0.15,0,0,,0.426,normal
TXN-001892,CUST-0445,338.9,USD,INTERNATIONAL_REMITTANCE,Germany,Cyprus,investment,api,2025-06-25T16:56,3,0.11,0,0,,0.512,review
TXN-001893,CUST-0414,640.38,USD,CARD,Germany,Switzerland,import_export,advisor,2025-05-21T09:18,2,0.07,0,0,,0.28,normal
TXN-001894,CUST-0018,679.34,USD,ACH,Turkey,Mexico,consulting,web,2025-01-14T19:16,3,0.11,0,0,,0.397,normal
TXN-001895,CUST-0286,37652.31,USD,WIRE,Brazil,Brazil,real_estate,branch,2025-12-21T01:56,3,0.08,0,1,,0.531,review
TXN-001896,CUST-0266,397.85,USD,WIRE,France,China,import_export,advisor,2025-11-02T07:35,3,0.23,0,0,,0.421,normal
TXN-001897,CUST-0040,2894.48,USD,WIRE,South Africa,UAE,charity,api,2025-05-21T23:39,2,0.37,0,0,,0.318,normal
TXN-001898,CUST-0273,3955184.88,USD,CRYPTO_TRANSFER,Canada,British Virgin Islands,consulting,advisor,2025-06-27T21:01,4,69.55,1,1,R-002 high-risk jurisdiction|R-003 customer behavior deviation|R-004 large crypto transfer|R-005 opaque merchant category,0.99,suspicious
TXN-001899,CUST-0254,7372.91,USD,CHECK,Turkey,Turkey,import_export,api,2026-01-03T20:48,3,0.07,0,0,,0.366,normal
TXN-001900,CUST-0033,3023.87,USD,CARD,Switzerland,Cyprus,consulting,api,2025-01-03T10:03,3,0.39,0,0,,0.454,review
TXN-001901,CUST-0127,68018.36,USD,CARD,Germany,Germany,consulting,branch,2025-02-10T15:38,1,0.61,0,0,,0.218,normal
TXN-001902,CUST-0173,2927.93,USD,CHECK,France,USA,import_export,advisor,2025-10-29T18:29,1,0.33,0,0,,0.218,normal
TXN-001903,CUST-0482,607.29,USD,WIRE,Canada,UK,consulting,mobile,2025-03-01T20:50,1,0.11,0,0,,0.251,normal
TXN-001904,CUST-0070,85154.47,USD,CARD,UAE,South Africa,cash_services,mobile,2025-12-06T02:11,3,0.24,0,0,,0.46,review
TXN-001905,CUST-0298,1141.84,USD,CARD,Germany,Singapore,consulting,advisor,2025-09-03T20:37,1,0.13,0,0,,0.288,normal
TXN-001906,CUST-0369,696.91,USD,ACH,UAE,Cyprus,luxury_goods,mobile,2026-04-17T08:11,3,0.13,0,0,,0.383,normal
TXN-001907,CUST-0032,101.78,USD,CASH_PAYMENT,South Africa,India,investment,api,2025-12-28T04:27,2,0.12,0,1,,0.464,review
TXN-001908,CUST-0473,190.26,USD,ACH,UAE,Singapore,import_export,branch,2025-11-22T22:08,1,0.1,0,0,,0.169,normal
TXN-001909,CUST-0153,1110.77,USD,ACH,Hong Kong,Mexico,import_export,mobile,2025-01-08T16:46,3,0.43,0,0,,0.354,normal
TXN-001910,CUST-0096,504.98,USD,WIRE,Turkey,Turkey,travel,web,2025-09-20T13:41,3,0.16,0,0,,0.334,normal
TXN-001911,CUST-0182,2265.11,USD,CHECK,Hong Kong,Hong Kong,luxury_goods,web,2026-04-26T05:50,2,0.26,0,0,,0.37,normal
TXN-001912,CUST-0268,907.61,USD,WIRE,USA,Switzerland,electronics,web,2026-04-18T20:40,2,0.11,1,0,,0.416,normal
TXN-001913,CUST-0159,549.38,USD,CARD,Mexico,Hong Kong,luxury_goods,web,2025-05-05T02:42,2,0.17,0,0,,0.322,normal
TXN-001914,CUST-0430,1048.02,USD,ACH,India,Brazil,charity,mobile,2026-04-15T00:34,3,0.45,0,0,,0.364,normal
TXN-001915,CUST-0222,27534.56,USD,CRYPTO_TRANSFER,Germany,France,electronics,advisor,2025-08-07T18:29,1,0.9,0,1,,0.457,review
TXN-001916,CUST-0399,302.38,USD,CHECK,China,Switzerland,import_export,branch,2025-08-18T19:09,2,0.15,0,0,,0.281,normal
TXN-001917,CUST-0138,25525.22,USD,CHECK,Cyprus,Cyprus,cash_services,web,2025-06-25T14:30,3,0.11,0,0,,0.377,normal
TXN-001918,CUST-0489,637.08,USD,ACH,Cyprus,Switzerland,import_export,web,2025-12-28T19:56,2,0.14,0,0,,0.296,normal
TXN-001919,CUST-0032,231.59,USD,INTERNATIONAL_REMITTANCE,India,South Africa,investment,api,2025-12-30T05:34,3,0.28,0,0,,0.408,normal
TXN-001920,CUST-0022,17616.41,USD,WIRE,Canada,Canada,cash_services,advisor,2025-11-29T01:19,1,0.47,0,0,,0.315,normal
TXN-001921,CUST-0054,3391.98,USD,CHECK,Germany,Nigeria,electronics,web,2025-04-30T18:00,4,0.74,1,0,R-002 high-risk jurisdiction,0.567,review
TXN-001922,CUST-0403,360.09,USD,CARD,Germany,France,cash_services,api,2025-04-17T06:23,1,0.09,0,0,,0.257,normal
TXN-001923,CUST-0320,604.61,USD,WIRE,South Africa,Canada,luxury_goods,api,2025-12-13T20:59,1,0.18,0,0,,0.215,normal
TXN-001924,CUST-0161,60790.33,USD,CARD,Cyprus,Mexico,investment,api,2025-04-16T02:01,3,0.39,1,0,,0.504,review
TXN-001925,CUST-0484,43322.95,USD,CASH_PAYMENT,Hong Kong,South Africa,electronics,branch,2025-10-06T07:38,3,0.19,0,1,,0.631,review
TXN-001926,CUST-0218,1467.01,USD,WIRE,India,India,electronics,web,2025-01-11T04:24,2,0.47,0,0,,0.312,normal
TXN-001927,CUST-0231,873.32,USD,INTERNATIONAL_REMITTANCE,South Africa,Nigeria,travel,advisor,2025-12-23T19:50,4,0.17,1,0,R-002 high-risk jurisdiction,0.66,review
TXN-001928,CUST-0152,281.71,USD,CASH_PAYMENT,UK,UAE,travel,web,2025-05-03T23:29,2,0.16,0,1,,0.516,review
TXN-001929,CUST-0069,1832.37,USD,INTERNATIONAL_REMITTANCE,France,Switzerland,import_export,branch,2025-11-16T11:46,2,0.24,0,0,,0.335,normal
TXN-001930,CUST-0354,1804.14,USD,INTERNATIONAL_REMITTANCE,Hong Kong,Hong Kong,import_export,advisor,2026-02-01T02:32,2,0.47,0,1,,0.37,normal
TXN-001931,CUST-0161,1658711.44,USD,CRYPTO_TRANSFER,Cyprus,Russia,consulting,branch,2025-09-09T10:04,5,10.7,1,1,R-002 high-risk jurisdiction|R-003 customer behavior deviation|R-004 large crypto transfer|R-005 opaque merchant category,0.99,suspicious
TXN-001932,CUST-0164,577443.79,USD,CRYPTO_TRANSFER,Germany,Panama,real_estate,advisor,2026-01-27T21:15,4,73.33,1,1,R-002 high-risk jurisdiction|R-003 customer behavior deviation|R-004 large crypto transfer,0.99,suspicious
TXN-001933,CUST-0238,1099.95,USD,INTERNATIONAL_REMITTANCE,UAE,UAE,luxury_goods,mobile,2026-02-07T05:45,2,0.18,0,0,,0.337,normal
TXN-001934,CUST-0146,2115.21,USD,CRYPTO_TRANSFER,UK,Singapore,consulting,mobile,2025-10-22T08:33,1,0.05,0,1,,0.586,review
TXN-001935,CUST-0409,370.31,USD,CARD,Turkey,Turkey,consulting,branch,2025-11-08T08:37,3,0.05,0,0,,0.33,normal
TXN-001936,CUST-0410,462.68,USD,WIRE,India,China,charity,branch,2026-01-15T07:57,3,0.11,0,0,,0.5,review
TXN-001937,CUST-0258,1087.81,USD,WIRE,UAE,UAE,import_export,api,2025-02-14T06:20,2,0.16,0,0,,0.298,normal
TXN-001938,CUST-0149,201.14,USD,CHECK,India,India,investment,advisor,2025-11-13T17:56,2,0.1,0,0,,0.459,review
TXN-001939,CUST-0026,63472.29,USD,ACH,USA,Cyprus,charity,mobile,2026-02-27T19:32,3,0.35,0,0,,0.454,review
TXN-001940,CUST-0295,1754.64,USD,WIRE,Germany,India,electronics,mobile,2025-09-08T01:50,2,0.23,0,0,,0.382,normal
TXN-001941,CUST-0499,80042.85,USD,INTERNATIONAL_REMITTANCE,Cyprus,Canada,cash_services,advisor,2025-01-19T10:57,1,0.32,0,0,,0.34,normal
TXN-001942,CUST-0016,544096.45,USD,CASH_PAYMENT,France,British Virgin Islands,consulting,web,2025-10-31T12:33,4,66.39,1,1,R-002 high-risk jurisdiction|R-003 customer behavior deviation|R-005 opaque merchant category,0.99,suspicious
TXN-001943,CUST-0491,550.19,USD,ACH,France,Singapore,travel,api,2025-07-03T22:17,1,0.08,0,0,,0.23,normal
TXN-001944,CUST-0116,221681.35,USD,CRYPTO_TRANSFER,Mexico,Iran,cash_services,branch,2026-03-04T06:41,5,37.07,1,1,R-002 high-risk jurisdiction|R-003 customer behavior deviation,0.99,suspicious
TXN-001945,CUST-0492,10333.53,USD,CARD,South Africa,Canada,investment,api,2026-01-24T19:34,1,0.24,1,0,,0.425,normal
TXN-001946,CUST-0441,1282.91,USD,WIRE,China,France,electronics,api,2025-12-18T20:38,1,0.06,0,0,,0.174,normal
TXN-001947,CUST-0367,161079.97,USD,INTERNATIONAL_REMITTANCE,Switzerland,Cyprus,luxury_goods,branch,2025-02-25T23:15,3,70.1,1,1,R-003 customer behavior deviation,0.875,suspicious
TXN-001948,CUST-0420,21775.88,USD,CASH_PAYMENT,India,Brazil,real_estate,api,2025-10-14T14:21,3,7.25,1,1,,0.873,suspicious
TXN-001949,CUST-0094,20814.9,USD,INTERNATIONAL_REMITTANCE,Switzerland,Mexico,luxury_goods,advisor,2025-08-28T11:26,3,0.29,0,0,,0.467,review
TXN-001950,CUST-0003,15390.93,USD,CASH_PAYMENT,France,France,import_export,web,2026-01-16T09:21,1,0.16,0,1,,0.382,normal
TXN-001951,CUST-0446,269219.34,USD,INTERNATIONAL_REMITTANCE,Switzerland,Cayman Islands,charity,branch,2025-09-23T05:38,4,57.72,1,0,R-002 high-risk jurisdiction|R-003 customer behavior deviation|R-005 opaque merchant category,0.972,suspicious
TXN-001952,CUST-0121,670.35,USD,WIRE,UK,Germany,charity,mobile,2025-01-09T01:06,1,0.33,0,0,,0.166,normal
TXN-001953,CUST-0121,281.51,USD,CARD,Germany,Germany,real_estate,web,2025-04-29T16:45,1,0.14,0,0,,0.223,normal
TXN-001954,CUST-0067,101713.87,USD,WIRE,Germany,Brazil,charity,api,2025-08-15T16:24,3,24.38,1,0,R-003 customer behavior deviation|R-005 opaque merchant category,0.815,suspicious
TXN-001955,CUST-0063,935.24,USD,ACH,Hong Kong,Turkey,cash_services,web,2025-10-06T03:50,3,0.17,0,0,,0.393,normal
TXN-001956,CUST-0365,1041.88,USD,WIRE,India,UAE,investment,api,2026-03-26T12:48,2,0.14,0,0,,0.267,normal
TXN-001957,CUST-0265,697.46,USD,WIRE,Switzerland,Switzerland,electronics,web,2026-04-11T08:48,2,0.09,0,0,,0.245,normal
TXN-001958,CUST-0204,27033.17,USD,CHECK,Cyprus,Cyprus,investment,web,2025-05-29T23:05,3,0.08,0,0,,0.557,review
TXN-001959,CUST-0352,10784.9,USD,WIRE,Brazil,Mexico,real_estate,branch,2026-05-05T14:07,3,0.12,0,0,,0.374,normal
TXN-001960,CUST-0071,493542.45,USD,INTERNATIONAL_REMITTANCE,South Africa,Cyprus,consulting,advisor,2025-12-20T03:22,3,70.91,1,0,R-003 customer behavior deviation|R-005 opaque merchant category,0.836,suspicious
TXN-001961,CUST-0373,670.27,USD,INTERNATIONAL_REMITTANCE,India,Cyprus,travel,advisor,2025-01-11T19:59,3,0.09,0,0,,0.445,normal
TXN-001962,CUST-0016,1613.71,USD,CHECK,France,France,charity,branch,2026-02-16T23:39,1,0.2,0,0,,0.356,normal
TXN-001963,CUST-0439,695.41,USD,INTERNATIONAL_REMITTANCE,Brazil,India,investment,api,2025-12-20T14:20,2,0.08,0,0,,0.222,normal
TXN-001964,CUST-0250,334.04,USD,WIRE,Singapore,South Africa,travel,advisor,2025-05-26T20:55,3,0.08,0,0,,0.403,normal
TXN-001965,CUST-0220,141.06,USD,CHECK,Switzerland,Brazil,luxury_goods,api,2025-06-25T05:45,3,0.03,1,0,,0.525,review
TXN-001966,CUST-0496,5416227.21,USD,CASH_PAYMENT,China,Iran,charity,advisor,2025-06-06T15:44,5,40.27,1,1,R-001 high-value cash payment|R-002 high-risk jurisdiction|R-003 customer behavior deviation|R-005 opaque merchant category,0.99,suspicious
TXN-001967,CUST-0401,1199.64,USD,ACH,France,Mexico,import_export,mobile,2026-02-26T05:32,3,0.4,0,0,,0.351,normal
TXN-001968,CUST-0466,1840.87,USD,INTERNATIONAL_REMITTANCE,India,India,cash_services,branch,2025-03-06T23:18,2,0.29,0,0,,0.328,normal
TXN-001969,CUST-0146,4658.8,USD,INTERNATIONAL_REMITTANCE,South Africa,Singapore,consulting,advisor,2025-02-16T23:51,1,0.11,0,0,,0.507,review
TXN-001970,CUST-0148,25541.43,USD,WIRE,Cyprus,Cyprus,import_export,mobile,2025-11-24T07:16,3,0.38,0,0,,0.395,normal
TXN-001971,CUST-0346,1298.84,USD,CHECK,Switzerland,UAE,investment,mobile,2025-08-01T11:07,2,0.16,0,0,,0.259,normal
TXN-001972,CUST-0327,1822.46,USD,WIRE,China,China,cash_services,advisor,2025-12-12T17:48,3,0.23,0,0,,0.406,normal
TXN-001973,CUST-0143,417642.07,USD,INTERNATIONAL_REMITTANCE,China,Panama,luxury_goods,branch,2025-03-03T02:35,4,66.33,1,0,R-002 high-risk jurisdiction|R-003 customer behavior deviation,0.922,suspicious
TXN-001974,CUST-0206,17084.06,USD,CARD,Canada,Iran,cash_services,branch,2026-02-14T10:21,5,0.1,1,0,R-002 high-risk jurisdiction,0.671,review
TXN-001975,CUST-0393,1595.54,USD,CASH_PAYMENT,China,China,cash_services,mobile,2026-05-12T09:58,3,0.36,0,1,,0.579,review
TXN-001976,CUST-0430,383.9,USD,INTERNATIONAL_REMITTANCE,Singapore,Cyprus,luxury_goods,mobile,2026-04-22T03:14,3,0.17,0,0,,0.352,normal
TXN-001977,CUST-0385,203.02,USD,INTERNATIONAL_REMITTANCE,South Africa,South Africa,electronics,advisor,2025-07-30T00:39,3,0.18,0,0,,0.316,normal
TXN-001978,CUST-0221,541.72,USD,WIRE,Turkey,Iran,real_estate,api,2025-06-07T13:44,5,0.25,1,0,R-002 high-risk jurisdiction,0.693,suspicious
TXN-001979,CUST-0343,28376.74,USD,CARD,Canada,Switzerland,investment,api,2025-09-07T17:45,2,0.47,0,0,,0.325,normal
TXN-001980,CUST-0271,22524.56,USD,WIRE,China,Cyprus,luxury_goods,mobile,2025-09-13T01:11,3,0.31,0,0,,0.435,normal
TXN-001981,CUST-0456,519.7,USD,ACH,Singapore,Singapore,cash_services,advisor,2026-04-24T23:21,1,0.08,0,0,,0.18,normal
TXN-001982,CUST-0210,1351.88,USD,CHECK,USA,USA,electronics,api,2025-12-13T09:25,1,0.24,0,0,,0.162,normal
TXN-001983,CUST-0307,51339.81,USD,INTERNATIONAL_REMITTANCE,France,India,investment,branch,2025-06-07T11:23,2,0.17,0,0,,0.639,review
TXN-001984,CUST-0387,186189.56,USD,INTERNATIONAL_REMITTANCE,Switzerland,British Virgin Islands,luxury_goods,web,2025-03-06T13:16,4,20.8,1,0,R-002 high-risk jurisdiction|R-003 customer behavior deviation,0.953,suspicious
TXN-001985,CUST-0463,30138.07,USD,CHECK,Singapore,South Africa,investment,web,2025-04-27T11:26,3,0.39,0,1,,0.46,review
TXN-001986,CUST-0264,6693.98,USD,WIRE,Mexico,Canada,import_export,web,2025-09-04T21:36,1,0.22,0,0,,0.206,normal
TXN-001987,CUST-0013,185647.71,USD,INTERNATIONAL_REMITTANCE,UK,Cyprus,unknown,advisor,2025-04-10T04:38,3,72.88,1,0,R-003 customer behavior deviation|R-005 opaque merchant category,0.844,suspicious
TXN-001988,CUST-0119,576.93,USD,CARD,France,Turkey,luxury_goods,api,2025-09-12T23:00,3,0.11,1,0,,0.445,normal
TXN-001989,CUST-0173,7297.21,USD,INTERNATIONAL_REMITTANCE,USA,USA,consulting,advisor,2025-12-02T07:05,1,0.83,0,0,,0.195,normal
TXN-001990,CUST-0459,5900820.8,USD,WIRE,Switzerland,Panama,charity,web,2026-03-31T06:42,4,68.16,1,1,R-002 high-risk jurisdiction|R-003 customer behavior deviation|R-005 opaque merchant category,0.99,suspicious
TXN-001991,CUST-0324,322.78,USD,INTERNATIONAL_REMITTANCE,India,Brazil,travel,mobile,2026-04-02T18:41,3,0.53,0,0,,0.423,normal
TXN-001992,CUST-0007,295.32,USD,ACH,Mexico,India,electronics,api,2025-10-04T00:33,2,0.11,0,0,,0.371,normal
TXN-001993,CUST-0335,4769.88,USD,INTERNATIONAL_REMITTANCE,Cyprus,South Africa,travel,branch,2025-12-07T23:46,3,0.02,0,0,,0.384,normal
TXN-001994,CUST-0114,516.72,USD,ACH,Hong Kong,South Africa,electronics,mobile,2025-09-29T12:22,3,0.26,0,0,,0.41,normal
TXN-001995,CUST-0135,305.47,USD,ACH,Germany,India,import_export,api,2025-12-13T07:12,2,0.02,0,0,,0.461,review
TXN-001996,CUST-0191,157486.32,USD,WIRE,Singapore,China,consulting,advisor,2026-02-04T02:45,3,19.02,1,1,R-003 customer behavior deviation|R-005 opaque merchant category,0.99,suspicious
TXN-001997,CUST-0373,250035.3,USD,INTERNATIONAL_REMITTANCE,India,Mexico,real_estate,advisor,2025-11-23T22:54,3,33.19,1,0,R-003 customer behavior deviation,0.982,suspicious
TXN-001998,CUST-0207,116.51,USD,CARD,South Africa,Brazil,import_export,advisor,2025-05-07T04:51,3,0.09,0,0,,0.374,normal
TXN-001999,CUST-0184,396.95,USD,CHECK,Turkey,Turkey,travel,branch,2025-10-17T13:40,3,0.09,0,0,,0.354,normal
TXN-002000,CUST-0347,216.48,USD,CHECK,USA,USA,charity,branch,2025-06-14T09:45,1,0.04,0,0,,0.221,normal
TXN-002001,CUST-0223,761.03,USD,INTERNATIONAL_REMITTANCE,India,Turkey,real_estate,mobile,2025-12-06T04:59,3,0.22,0,0,,0.429,normal
TXN-002002,CUST-0484,10390.85,USD,CASH_PAYMENT,Hong Kong,South Africa,cash_services,api,2026-01-04T06:20,3,0.04,0,1,,0.619,review
TXN-002003,CUST-0374,3566.54,USD,WIRE,Germany,Germany,real_estate,branch,2025-01-18T20:35,1,0.51,0,0,,0.23,normal
TXN-002004,CUST-0281,1347.42,USD,INTERNATIONAL_REMITTANCE,Canada,India,import_export,api,2025-12-07T16:00,2,0.05,1,0,,0.5,review
TXN-002005,CUST-0315,2441.34,USD,CHECK,France,UAE,travel,web,2025-01-08T09:44,2,0.5,0,0,,0.291,normal
TXN-002006,CUST-0252,508.39,USD,CHECK,Germany,British Virgin Islands,charity,mobile,2026-01-29T18:44,4,0.29,1,0,R-002 high-risk jurisdiction,0.654,review
TXN-002007,CUST-0382,147.57,USD,CHECK,Germany,Turkey,consulting,advisor,2025-08-15T03:05,3,0.06,0,0,,0.358,normal
TXN-002008,CUST-0473,353.82,USD,ACH,Singapore,Mexico,travel,advisor,2025-09-15T01:23,3,0.19,0,0,,0.358,normal
TXN-002009,CUST-0383,2891.58,USD,INTERNATIONAL_REMITTANCE,South Africa,South Africa,charity,web,2026-02-01T07:55,3,0.73,0,0,,0.425,normal
TXN-002010,CUST-0271,7213.75,USD,WIRE,China,China,real_estate,api,2025-09-24T18:38,3,0.1,0,0,,0.368,normal
TXN-002011,CUST-0170,16364.61,USD,INTERNATIONAL_REMITTANCE,France,France,cash_services,mobile,2025-05-13T15:03,1,0.14,0,0,,0.518,review
TXN-002012,CUST-0221,516.11,USD,CARD,USA,Turkey,travel,branch,2026-01-22T08:06,3,0.24,0,0,,0.409,normal
TXN-002013,CUST-0418,1653.32,USD,ACH,Canada,Canada,consulting,branch,2025-06-10T17:47,1,0.19,0,0,,0.246,normal
TXN-002014,CUST-0111,6096.92,USD,CARD,UK,UK,travel,advisor,2026-01-19T00:00,1,0.05,0,0,,0.231,normal
TXN-002015,CUST-0014,91.06,USD,ACH,South Africa,Cyprus,luxury_goods,branch,2026-02-20T12:04,3,0.03,0,0,,0.521,review
TXN-002016,CUST-0049,489.62,USD,WIRE,Germany,Canada,electronics,mobile,2025-01-19T12:09,1,0.06,0,0,,0.189,normal
TXN-002017,CUST-0295,573263.19,USD,CRYPTO_TRANSFER,Germany,China,unknown,advisor,2025-02-11T17:07,3,74.1,1,1,R-003 customer behavior deviation|R-004 large crypto transfer|R-005 opaque merchant category,0.99,suspicious
TXN-002018,CUST-0339,5098.65,USD,CHECK,Turkey,Singapore,import_export,mobile,2025-01-09T16:44,1,0.16,0,0,,0.33,normal
TXN-002019,CUST-0360,273459.76,USD,CRYPTO_TRANSFER,USA,British Virgin Islands,charity,web,2026-01-26T06:38,4,40.92,1,1,R-002 high-risk jurisdiction|R-003 customer behavior deviation|R-004 large crypto transfer|R-005 opaque merchant category,0.99,suspicious
TXN-002020,CUST-0181,389.31,USD,ACH,South Africa,Cayman Islands,cash_services,mobile,2025-02-07T16:04,4,0.05,1,0,R-002 high-risk jurisdiction,0.601,review
TXN-002021,CUST-0268,763.41,USD,INTERNATIONAL_REMITTANCE,UK,Cyprus,luxury_goods,branch,2026-02-08T04:28,3,0.09,0,0,,0.399,normal
TXN-002022,CUST-0333,243.72,USD,CRYPTO_TRANSFER,India,Nigeria,cash_services,web,2025-03-28T03:45,4,0.06,1,1,R-002 high-risk jurisdiction,0.792,suspicious
TXN-002023,CUST-0221,129925.18,USD,CASH_PAYMENT,Germany,South Africa,real_estate,branch,2025-03-09T22:48,3,59.67,1,1,R-003 customer behavior deviation,0.99,suspicious
TXN-002024,CUST-0400,1541.49,USD,INTERNATIONAL_REMITTANCE,Switzerland,UAE,import_export,web,2025-10-25T04:37,2,0.89,1,0,,0.35,normal
TXN-002025,CUST-0404,1842840.84,USD,WIRE,India,Nigeria,unknown,advisor,2026-03-10T00:41,4,14.78,1,1,R-002 high-risk jurisdiction|R-003 customer behavior deviation|R-005 opaque merchant category,0.99,suspicious
TXN-002026,CUST-0361,2784.71,USD,INTERNATIONAL_REMITTANCE,Turkey,Turkey,cash_services,advisor,2025-05-12T01:18,3,0.04,0,0,,0.468,review
TXN-002027,CUST-0283,234.48,USD,CARD,China,Canada,travel,branch,2025-07-31T04:29,1,0.08,0,0,,0.247,normal
TXN-002028,CUST-0234,11937.55,USD,INTERNATIONAL_REMITTANCE,Brazil,Canada,investment,advisor,2025-05-13T04:50,1,0.12,0,0,,0.223,normal
TXN-002029,CUST-0141,49233.62,USD,CASH_PAYMENT,Singapore,China,unknown,api,2025-08-21T22:12,3,17.16,1,1,R-003 customer behavior deviation,0.99,suspicious
TXN-002030,CUST-0221,1724.77,USD,WIRE,Germany,Turkey,real_estate,advisor,2026-02-17T11:47,3,0.79,0,0,,0.356,normal
TXN-002031,CUST-0050,619.72,USD,WIRE,China,Singapore,import_export,api,2025-10-26T00:29,1,0.35,0,0,,0.145,normal
TXN-002032,CUST-0401,326.09,USD,CHECK,China,China,luxury_goods,api,2025-08-11T00:16,3,0.11,0,0,,0.387,normal
TXN-002033,CUST-0158,582.6,USD,CARD,UK,Turkey,electronics,branch,2025-07-13T05:22,3,0.12,1,0,,0.533,review
TXN-002034,CUST-0382,544.85,USD,CHECK,Turkey,Germany,charity,mobile,2026-01-03T05:02,1,0.22,0,0,,0.168,normal
TXN-002035,CUST-0141,287.07,USD,CHECK,Singapore,Singapore,travel,advisor,2025-11-04T13:19,1,0.1,0,0,,0.292,normal
TXN-002036,CUST-0232,344.82,USD,WIRE,Brazil,Brazil,travel,mobile,2026-01-28T02:59,3,0.04,0,0,,0.315,normal
TXN-002037,CUST-0061,543.56,USD,WIRE,Canada,Canada,luxury_goods,mobile,2026-01-07T04:13,1,0.12,0,0,,0.149,normal
TXN-002038,CUST-0044,2403.28,USD,ACH,France,Cayman Islands,consulting,branch,2026-02-18T18:22,4,0.72,1,0,R-002 high-risk jurisdiction,0.665,review
TXN-002039,CUST-0249,510.74,USD,CARD,Cyprus,UK,investment,web,2025-02-19T03:55,1,0.86,0,0,,0.298,normal
TXN-002040,CUST-0272,8623.09,USD,CASH_PAYMENT,UAE,Brazil,real_estate,branch,2026-05-07T01:27,3,12.88,1,1,R-003 customer behavior deviation,0.962,suspicious
TXN-002041,CUST-0291,1775.46,USD,CARD,UK,UK,travel,mobile,2025-09-16T16:09,1,0.31,0,0,,0.176,normal
TXN-002042,CUST-0145,443.25,USD,INTERNATIONAL_REMITTANCE,Canada,UK,travel,mobile,2025-06-01T06:20,1,0.1,0,0,,0.204,normal
TXN-002043,CUST-0165,229947.07,USD,WIRE,India,India,import_export,mobile,2025-09-19T16:06,2,0.39,0,0,,0.302,normal
TXN-002044,CUST-0135,2385.64,USD,ACH,Mexico,Germany,cash_services,advisor,2025-06-14T23:46,1,0.16,0,0,,0.474,review
TXN-002045,CUST-0229,160240.33,USD,INTERNATIONAL_REMITTANCE,South Africa,Panama,charity,api,2025-12-17T07:20,4,61.54,1,0,R-002 high-risk jurisdiction|R-003 customer behavior deviation|R-005 opaque merchant category,0.974,suspicious
TXN-002046,CUST-0200,937.48,USD,ACH,South Africa,Cyprus,investment,branch,2026-03-07T10:05,3,0.2,0,0,,0.394,normal
TXN-002047,CUST-0482,412344.52,USD,CRYPTO_TRANSFER,Canada,Nigeria,real_estate,branch,2025-01-08T13:13,4,72.18,1,1,R-002 high-risk jurisdiction|R-003 customer behavior deviation|R-004 large crypto transfer,0.99,suspicious
TXN-002048,CUST-0473,2409.15,USD,CARD,UAE,UAE,real_estate,mobile,2025-02-19T04:10,2,1.32,0,0,,0.335,normal
TXN-002049,CUST-0186,282.85,USD,CHECK,Switzerland,India,consulting,mobile,2025-05-31T10:17,2,0.07,0,0,,0.287,normal
TXN-002050,CUST-0255,4094.95,USD,CHECK,UK,UK,import_export,api,2025-01-28T04:27,1,0.47,0,0,,0.21,normal
TXN-002051,CUST-0294,31898.42,USD,CARD,Canada,Canada,investment,web,2025-04-20T04:00,1,0.17,0,0,,0.233,normal
TXN-002052,CUST-0096,663.51,USD,WIRE,Turkey,Turkey,real_estate,mobile,2026-01-10T17:55,3,0.2,0,0,,0.316,normal
TXN-002053,CUST-0203,877.43,USD,WIRE,UAE,Canada,electronics,mobile,2025-07-30T12:03,1,0.1,0,0,,0.217,normal
TXN-002054,CUST-0002,55.11,USD,CHECK,UAE,UAE,luxury_goods,advisor,2025-10-25T07:15,2,0.02,0,0,,0.334,normal
TXN-002055,CUST-0258,1275.48,USD,INTERNATIONAL_REMITTANCE,Switzerland,UAE,charity,advisor,2026-03-12T00:22,2,0.19,0,0,,0.348,normal
TXN-002056,CUST-0370,665.66,USD,ACH,Hong Kong,Hong Kong,consulting,branch,2025-04-29T03:13,2,0.15,0,0,,0.254,normal
TXN-002057,CUST-0130,1080.57,USD,CHECK,USA,Cyprus,travel,api,2025-03-20T08:55,3,0.19,0,0,,0.303,normal
TXN-002058,CUST-0015,860.37,USD,WIRE,Singapore,Hong Kong,import_export,web,2026-02-09T12:50,2,0.33,0,0,,0.234,normal
TXN-002059,CUST-0487,262.48,USD,CRYPTO_TRANSFER,Singapore,Cyprus,consulting,web,2025-02-07T21:15,3,0.06,0,1,,0.528,review
TXN-002060,CUST-0294,69453.53,USD,INTERNATIONAL_REMITTANCE,Canada,Canada,cash_services,web,2025-09-08T13:38,1,0.36,0,1,,0.353,normal
TXN-002061,CUST-0267,351.51,USD,CARD,Mexico,Cyprus,cash_services,branch,2025-11-01T02:29,3,0.16,0,0,,0.412,normal
TXN-002062,CUST-0113,9404.09,USD,ACH,France,UK,charity,mobile,2025-12-14T16:43,1,0.19,0,0,,0.325,normal
TXN-002063,CUST-0059,8351.39,USD,CARD,Turkey,UAE,electronics,mobile,2025-09-13T21:06,2,0.03,0,0,,0.302,normal
TXN-002064,CUST-0039,632.88,USD,WIRE,Hong Kong,Germany,cash_services,web,2025-06-09T21:27,1,0.19,0,0,,0.295,normal
TXN-002065,CUST-0338,449.37,USD,ACH,Switzerland,Singapore,cash_services,api,2025-08-25T22:44,1,0.46,1,0,,0.289,normal
TXN-002066,CUST-0232,2649.42,USD,CHECK,Mexico,Brazil,import_export,web,2025-10-18T19:18,3,0.34,0,0,,0.351,normal
TXN-002067,CUST-0082,2382.12,USD,ACH,South Africa,India,charity,advisor,2026-01-29T16:41,2,0.81,0,0,,0.386,normal
TXN-002068,CUST-0061,150543.72,USD,CASH_PAYMENT,France,Russia,real_estate,advisor,2025-04-16T21:20,5,33.53,1,1,R-002 high-risk jurisdiction|R-003 customer behavior deviation,0.99,suspicious
TXN-002069,CUST-0374,589.06,USD,INTERNATIONAL_REMITTANCE,France,UK,import_export,advisor,2026-01-22T02:08,1,0.08,0,0,,0.225,normal
TXN-002070,CUST-0388,1049.45,USD,INTERNATIONAL_REMITTANCE,UK,South Africa,consulting,advisor,2026-05-01T23:47,3,0.27,1,0,,0.564,review
TXN-002071,CUST-0438,11460.66,USD,CARD,Cyprus,UAE,electronics,api,2025-11-01T13:26,2,0.09,0,0,,0.326,normal
TXN-002072,CUST-0409,788.52,USD,WIRE,Switzerland,Turkey,real_estate,api,2025-07-01T21:26,3,0.11,0,0,,0.418,normal
TXN-002073,CUST-0123,30894.73,USD,CHECK,UAE,Canada,investment,web,2025-05-04T15:06,1,0.15,0,0,,0.206,normal
TXN-002074,CUST-0308,186.37,USD,CHECK,Hong Kong,Hong Kong,consulting,advisor,2026-03-26T00:55,2,0.19,0,0,,0.259,normal
TXN-002075,CUST-0413,30.47,USD,CHECK,Mexico,Brazil,import_export,mobile,2025-04-12T18:12,3,0.01,0,0,,0.545,review
TXN-002076,CUST-0207,64.66,USD,CARD,USA,South Africa,investment,advisor,2026-02-20T00:59,3,0.05,0,0,,0.363,normal
TXN-002077,CUST-0235,34196.26,USD,INTERNATIONAL_REMITTANCE,Mexico,India,investment,branch,2025-07-28T12:19,2,0.34,0,0,,0.339,normal
TXN-002078,CUST-0446,1089.9,USD,CHECK,Switzerland,Switzerland,electronics,web,2025-12-21T13:27,2,0.23,0,1,,0.437,normal
TXN-002079,CUST-0382,58186.44,USD,INTERNATIONAL_REMITTANCE,Germany,British Virgin Islands,unknown,web,2025-05-16T03:48,4,23.56,1,0,R-002 high-risk jurisdiction|R-003 customer behavior deviation,0.876,suspicious
TXN-002080,CUST-0076,4841.86,USD,INTERNATIONAL_REMITTANCE,UK,France,luxury_goods,branch,2025-08-12T01:31,1,0.59,0,0,,0.211,normal
TXN-002081,CUST-0274,678924.2,USD,CASH_PAYMENT,Turkey,Turkey,consulting,advisor,2025-05-15T20:12,3,79.28,0,1,R-003 customer behavior deviation|R-005 opaque merchant category,0.968,suspicious
TXN-002082,CUST-0244,899.74,USD,CHECK,South Africa,USA,charity,web,2025-08-17T22:22,1,0.15,1,0,,0.285,normal
TXN-002083,CUST-0362,679.83,USD,INTERNATIONAL_REMITTANCE,Brazil,Mexico,investment,api,2026-01-25T15:57,3,0.18,0,0,,0.317,normal
TXN-002084,CUST-0207,191.82,USD,CARD,Canada,South Africa,real_estate,advisor,2025-11-04T06:13,3,0.15,0,0,,0.337,normal
TXN-002085,CUST-0369,419.84,USD,CARD,Cyprus,India,import_export,web,2026-05-07T22:56,2,0.08,0,0,,0.211,normal
TXN-002086,CUST-0378,80148.29,USD,WIRE,Singapore,Turkey,real_estate,api,2025-11-18T13:48,3,0.37,0,0,,0.468,review
TXN-002087,CUST-0187,29962.35,USD,WIRE,China,Mexico,cash_services,branch,2026-05-10T15:31,3,7.55,1,1,,0.709,suspicious
TXN-002088,CUST-0390,1402.99,USD,CHECK,South Africa,Germany,import_export,web,2025-08-25T07:16,1,0.24,0,0,,0.261,normal
TXN-002089,CUST-0444,1088.13,USD,ACH,Turkey,Canada,import_export,mobile,2025-11-11T00:20,1,0.06,0,0,,0.396,normal
TXN-002090,CUST-0444,8586.28,USD,ACH,USA,USA,real_estate,mobile,2025-09-10T17:43,1,0.5,0,0,,0.421,normal
TXN-002091,CUST-0320,346.59,USD,WIRE,South Africa,Cyprus,travel,advisor,2025-01-13T06:49,3,0.11,0,0,,0.461,review
TXN-002092,CUST-0498,518.19,USD,CARD,China,Turkey,investment,advisor,2026-01-16T12:20,3,0.1,0,0,,0.321,normal
TXN-002093,CUST-0427,526.97,USD,CASH_PAYMENT,Switzerland,Hong Kong,travel,api,2026-05-12T00:06,2,0.14,0,1,,0.507,review
TXN-002094,CUST-0016,1729.08,USD,WIRE,Singapore,Singapore,luxury_goods,mobile,2025-03-02T04:58,1,0.21,0,0,,0.365,normal
TXN-002095,CUST-0322,41940.39,USD,ACH,Mexico,USA,real_estate,mobile,2025-12-25T01:19,1,0.07,1,0,,0.348,normal
TXN-002096,CUST-0355,1035.03,USD,INTERNATIONAL_REMITTANCE,Mexico,Canada,consulting,web,2025-12-29T15:18,1,0.39,0,0,,0.155,normal
TXN-002097,CUST-0265,2580.2,USD,WIRE,Switzerland,Mexico,consulting,mobile,2025-11-23T23:12,3,0.34,0,0,,0.348,normal
TXN-002098,CUST-0270,1050.55,USD,INTERNATIONAL_REMITTANCE,UK,India,luxury_goods,advisor,2026-04-23T09:22,2,0.14,0,0,,0.357,normal
TXN-002099,CUST-0301,324203.74,USD,INTERNATIONAL_REMITTANCE,UK,Germany,import_export,api,2025-12-05T02:42,1,0.64,0,0,,0.264,normal
TXN-002100,CUST-0174,1775.91,USD,ACH,Canada,Switzerland,cash_services,advisor,2025-02-22T23:02,2,0.06,0,0,,0.376,normal
TXN-002101,CUST-0008,837.41,USD,ACH,Germany,Switzerland,import_export,branch,2025-12-02T08:42,2,0.37,0,0,,0.305,normal
TXN-002102,CUST-0365,709.13,USD,WIRE,Switzerland,UAE,travel,web,2025-12-24T07:10,2,0.09,0,0,,0.301,normal
TXN-002103,CUST-0171,1206.36,USD,ACH,Mexico,Mexico,cash_services,api,2026-04-24T16:49,3,0.26,0,0,,0.381,normal
TXN-002104,CUST-0295,267.6,USD,WIRE,Germany,India,charity,web,2025-11-02T16:02,2,0.03,0,0,,0.333,normal
TXN-002105,CUST-0009,5234.84,USD,INTERNATIONAL_REMITTANCE,UK,Germany,electronics,advisor,2026-04-04T09:03,1,1.92,0,0,,0.305,normal
TXN-002106,CUST-0433,583.81,USD,CARD,Turkey,India,real_estate,api,2025-06-18T12:25,2,0.15,0,0,,0.335,normal
TXN-002107,CUST-0176,47562.31,USD,INTERNATIONAL_REMITTANCE,Mexico,UAE,luxury_goods,mobile,2025-03-17T23:11,2,0.15,0,0,,0.336,normal
TXN-002108,CUST-0185,13671.93,USD,INTERNATIONAL_REMITTANCE,Brazil,Singapore,real_estate,web,2026-04-10T21:44,1,0.07,0,0,,0.48,review
TXN-002109,CUST-0029,50157.93,USD,INTERNATIONAL_REMITTANCE,France,UAE,electronics,web,2026-05-06T04:11,2,0.46,0,0,,0.499,review
TXN-002110,CUST-0286,106370.72,USD,ACH,Brazil,Switzerland,import_export,api,2025-10-14T20:54,2,0.22,0,0,,0.307,normal
TXN-002111,CUST-0004,1639.03,USD,CHECK,South Africa,Cyprus,charity,web,2025-08-31T03:01,3,0.48,0,0,,0.346,normal
TXN-002112,CUST-0169,4780.49,USD,WIRE,UAE,UAE,import_export,api,2026-03-31T01:34,2,0.24,0,0,,0.38,normal
TXN-002113,CUST-0316,244.81,USD,CARD,Turkey,UAE,import_export,advisor,2025-11-27T23:11,2,0.11,0,0,,0.297,normal
TXN-002114,CUST-0046,1568363.22,USD,CRYPTO_TRANSFER,Singapore,South Africa,luxury_goods,branch,2025-07-09T06:59,3,36.6,1,1,R-003 customer behavior deviation|R-004 large crypto transfer,0.99,suspicious
TXN-002115,CUST-0083,154.34,USD,CRYPTO_TRANSFER,Mexico,Mexico,cash_services,mobile,2025-04-05T00:04,3,0.04,0,1,,0.569,review
TXN-002116,CUST-0456,1331.77,USD,CARD,China,Canada,import_export,mobile,2025-05-26T15:21,1,0.2,0,0,,0.223,normal
TXN-002117,CUST-0386,65657.95,USD,CHECK,South Africa,China,import_export,branch,2025-06-03T17:29,3,0.34,0,0,,0.484,review
TXN-002118,CUST-0096,982.62,USD,WIRE,France,Turkey,consulting,web,2025-05-12T15:48,3,0.3,0,0,,0.369,normal
TXN-002119,CUST-0100,6623.2,USD,INTERNATIONAL_REMITTANCE,Brazil,India,travel,advisor,2025-12-16T23:39,2,0.84,0,0,,0.308,normal
TXN-002120,CUST-0228,221.31,USD,CHECK,Mexico,Mexico,consulting,branch,2025-07-16T20:48,3,0.08,0,0,,0.341,normal
TXN-002121,CUST-0407,1569.36,USD,ACH,Hong Kong,USA,luxury_goods,web,2025-11-11T09:31,1,0.25,0,0,,0.156,normal
TXN-002122,CUST-0079,55485.27,USD,CARD,Mexico,Switzerland,electronics,web,2025-08-03T22:47,2,0.46,0,1,,0.51,review
TXN-002123,CUST-0266,143321.12,USD,CRYPTO_TRANSFER,Switzerland,Russia,unknown,web,2025-05-05T22:41,5,81.28,1,1,R-002 high-risk jurisdiction|R-003 customer behavior deviation|R-005 opaque merchant category,0.99,suspicious
TXN-002124,CUST-0323,1697.88,USD,WIRE,China,China,cash_services,mobile,2025-04-28T16:35,3,0.22,0,0,,0.435,normal
TXN-002125,CUST-0397,350.98,USD,CHECK,India,USA,import_export,api,2025-01-27T09:03,1,0.05,0,0,,0.211,normal
TXN-002126,CUST-0168,337.51,USD,CARD,India,Switzerland,electronics,advisor,2025-01-28T12:02,2,0.05,0,0,,0.244,normal
TXN-002127,CUST-0436,5718.31,USD,CHECK,Singapore,Hong Kong,consulting,advisor,2026-05-11T14:08,2,0.89,0,0,,0.332,normal
TXN-002128,CUST-0085,775.7,USD,ACH,France,Nigeria,luxury_goods,web,2025-02-01T09:57,4,0.13,1,0,R-002 high-risk jurisdiction,0.544,review
TXN-002129,CUST-0351,722.02,USD,WIRE,UK,Turkey,real_estate,web,2025-10-20T18:00,3,0.14,0,0,,0.365,normal
TXN-002130,CUST-0484,81916.94,USD,WIRE,Hong Kong,Hong Kong,import_export,branch,2025-11-17T08:58,2,0.35,0,0,,0.463,review
TXN-002131,CUST-0468,133.12,USD,ACH,Brazil,Brazil,luxury_goods,mobile,2025-12-10T20:10,3,0.06,0,0,,0.361,normal
TXN-002132,CUST-0025,10505.12,USD,ACH,France,South Africa,investment,api,2025-07-06T05:09,3,0.08,0,0,,0.323,normal
TXN-002133,CUST-0042,432.27,USD,ACH,Mexico,Mexico,investment,web,2026-03-10T04:31,3,0.02,0,0,,0.37,normal
TXN-002134,CUST-0361,15565.23,USD,INTERNATIONAL_REMITTANCE,Turkey,British Virgin Islands,consulting,branch,2025-11-18T16:31,4,0.22,1,0,R-002 high-risk jurisdiction,0.633,review
TXN-002135,CUST-0460,780.28,USD,CHECK,Canada,Germany,real_estate,mobile,2025-10-09T20:03,1,0.13,0,0,,0.223,normal
TXN-002136,CUST-0174,2050.87,USD,CARD,USA,Canada,consulting,branch,2025-02-12T20:48,1,0.07,0,0,,0.215,normal
TXN-002137,CUST-0145,266.86,USD,CHECK,Canada,Canada,charity,mobile,2025-02-14T14:07,1,0.06,0,0,,0.304,normal
TXN-002138,CUST-0174,3998.93,USD,ACH,Singapore,Switzerland,luxury_goods,api,2025-12-12T08:15,2,0.15,0,0,,0.33,normal
TXN-002139,CUST-0457,7680.23,USD,INTERNATIONAL_REMITTANCE,Singapore,Canada,import_export,api,2025-01-22T14:32,1,0.05,0,0,,0.254,normal
TXN-002140,CUST-0164,277.28,USD,CARD,Singapore,Germany,charity,mobile,2026-02-14T06:24,1,0.04,0,0,,0.393,normal
TXN-002141,CUST-0118,1712.77,USD,INTERNATIONAL_REMITTANCE,UAE,South Africa,travel,api,2026-02-23T01:54,3,0.35,0,0,,0.399,normal
TXN-002142,CUST-0298,1512.82,USD,INTERNATIONAL_REMITTANCE,Germany,France,travel,advisor,2026-01-14T03:46,1,0.17,0,0,,0.329,normal
TXN-002143,CUST-0074,193.95,USD,CHECK,Hong Kong,Hong Kong,import_export,advisor,2026-02-03T10:47,2,0.02,0,0,,0.243,normal
TXN-002144,CUST-0311,309.86,USD,CASH_PAYMENT,Turkey,South Africa,investment,mobile,2025-09-04T12:34,3,0.04,0,1,,0.8,suspicious
TXN-002145,CUST-0100,698.9,USD,INTERNATIONAL_REMITTANCE,India,Brazil,consulting,branch,2025-02-01T03:47,3,0.09,0,0,,0.405,normal
TXN-002146,CUST-0175,28080.95,USD,CHECK,India,Hong Kong,cash_services,branch,2025-07-14T18:03,2,0.32,0,0,,0.272,normal
TXN-002147,CUST-0194,5922.24,USD,ACH,China,UK,real_estate,branch,2025-12-18T11:50,1,0.13,0,0,,0.393,normal
TXN-002148,CUST-0457,9450.59,USD,ACH,Germany,Germany,cash_services,branch,2026-04-01T12:49,1,0.06,0,0,,0.219,normal
TXN-002149,CUST-0256,359260.54,USD,WIRE,Mexico,Nigeria,cash_services,branch,2025-12-27T21:29,4,56.18,1,0,R-002 high-risk jurisdiction|R-003 customer behavior deviation,0.99,suspicious
TXN-002150,CUST-0446,108.68,USD,WIRE,Switzerland,Switzerland,electronics,api,2025-01-04T19:40,2,0.02,0,0,,0.28,normal
TXN-002151,CUST-0093,11480.53,USD,CARD,USA,USA,cash_services,mobile,2025-10-25T22:35,1,0.11,0,0,,0.248,normal
TXN-002152,CUST-0211,3480468.7,USD,INTERNATIONAL_REMITTANCE,India,Russia,luxury_goods,branch,2025-09-20T00:40,5,15.94,1,0,R-002 high-risk jurisdiction|R-003 customer behavior deviation,0.99,suspicious
TXN-002153,CUST-0014,417.82,USD,ACH,Cyprus,Cyprus,real_estate,advisor,2025-08-28T01:40,3,0.15,0,0,,0.427,normal
TXN-002154,CUST-0101,443.98,USD,WIRE,Brazil,China,cash_services,api,2026-02-06T01:41,3,0.17,0,0,,0.357,normal
TXN-002155,CUST-0344,165.72,USD,WIRE,UAE,India,electronics,api,2025-08-11T00:57,2,0.07,0,0,,0.403,normal
TXN-002156,CUST-0231,439.79,USD,CASH_PAYMENT,China,Hong Kong,investment,mobile,2026-03-20T04:06,2,0.09,0,1,,0.595,review
TXN-002157,CUST-0189,7533.37,USD,CHECK,Switzerland,Hong Kong,luxury_goods,advisor,2025-01-23T01:39,2,1.13,0,0,,0.289,normal
TXN-002158,CUST-0055,1795.11,USD,CARD,Singapore,UK,cash_services,branch,2025-09-12T08:56,1,0.29,0,0,,0.205,normal
TXN-002159,CUST-0484,38529.8,USD,CRYPTO_TRANSFER,Switzerland,South Africa,import_export,web,2025-04-21T18:19,3,0.17,0,1,,0.629,review
TXN-002160,CUST-0198,1408.8,USD,CHECK,Mexico,Mexico,charity,advisor,2025-12-23T12:58,3,0.28,0,0,,0.446,normal
TXN-002161,CUST-0219,60.3,USD,ACH,Switzerland,Switzerland,travel,mobile,2025-12-14T01:16,2,0.07,0,0,,0.273,normal
TXN-002162,CUST-0040,1543.03,USD,CHECK,Turkey,South Africa,cash_services,advisor,2025-04-29T08:02,3,0.2,0,0,,0.322,normal
TXN-002163,CUST-0170,25850.97,USD,CARD,USA,France,cash_services,web,2025-02-28T06:21,1,0.22,0,0,,0.553,review
TXN-002164,CUST-0207,279.04,USD,CARD,Canada,Brazil,luxury_goods,mobile,2025-10-24T07:32,3,0.22,0,0,,0.319,normal
TXN-002165,CUST-0331,2836.53,USD,CHECK,Germany,Germany,travel,api,2025-06-11T11:06,1,0.06,0,0,,0.311,normal
TXN-002166,CUST-0355,1971.14,USD,INTERNATIONAL_REMITTANCE,Brazil,Cyprus,consulting,mobile,2025-06-04T21:52,3,0.74,0,0,,0.334,normal
TXN-002167,CUST-0180,291.92,USD,CHECK,UAE,UAE,investment,mobile,2025-05-20T17:35,2,0.29,0,0,,0.509,review
TXN-002168,CUST-0404,52060.01,USD,CASH_PAYMENT,USA,South Africa,consulting,advisor,2025-04-13T19:40,3,0.42,0,1,,0.58,review
TXN-002169,CUST-0275,638.05,USD,CARD,Brazil,China,consulting,advisor,2026-02-01T19:46,3,0.4,0,0,,0.572,review
TXN-002170,CUST-0140,122.15,USD,ACH,Singapore,Mexico,charity,advisor,2025-05-23T19:57,3,0.07,0,0,,0.326,normal
TXN-002171,CUST-0472,332.2,USD,ACH,India,Germany,charity,branch,2026-01-26T21:25,1,0.05,0,0,,0.23,normal
TXN-002172,CUST-0190,4098.46,USD,ACH,Turkey,UAE,charity,branch,2025-08-23T12:36,2,0.09,0,0,,0.369,normal
TXN-002173,CUST-0330,15000000,USD,WIRE,China,Mexico,cash_services,web,2025-06-04T11:24,3,61.98,1,1,R-003 customer behavior deviation,0.977,suspicious
TXN-002174,CUST-0146,5094.25,USD,ACH,UK,Singapore,consulting,advisor,2025-09-08T02:50,1,0.12,0,0,,0.487,review
TXN-002175,CUST-0127,9851.05,USD,ACH,UAE,Hong Kong,investment,api,2025-12-05T01:43,2,0.09,1,0,,0.436,normal
TXN-002176,CUST-0408,3252.51,USD,CARD,Mexico,Canada,electronics,branch,2025-06-22T04:33,1,0.62,1,0,,0.283,normal
TXN-002177,CUST-0324,48.36,USD,INTERNATIONAL_REMITTANCE,India,UAE,travel,api,2025-02-04T13:04,2,0.08,1,0,,0.441,normal
TXN-002178,CUST-0464,573.7,USD,ACH,Germany,Germany,charity,mobile,2025-07-20T12:16,1,0.13,0,0,,0.233,normal
TXN-002179,CUST-0007,94864.83,USD,CASH_PAYMENT,India,China,cash_services,api,2025-10-10T03:58,3,33.95,1,1,R-003 customer behavior deviation,0.99,suspicious
TXN-002180,CUST-0314,54504.46,USD,CRYPTO_TRANSFER,Singapore,Brazil,real_estate,branch,2025-04-01T10:22,3,36.72,1,1,R-003 customer behavior deviation,0.99,suspicious
TXN-002181,CUST-0088,395094.65,USD,CASH_PAYMENT,India,Cayman Islands,charity,api,2025-09-15T03:51,4,54.72,1,1,R-002 high-risk jurisdiction|R-003 customer behavior deviation|R-005 opaque merchant category,0.99,suspicious
TXN-002182,CUST-0146,505270.93,USD,WIRE,Singapore,South Africa,unknown,advisor,2025-10-25T04:07,3,12.15,0,0,R-003 customer behavior deviation|R-005 opaque merchant category,0.832,suspicious
TXN-002183,CUST-0087,13157.2,USD,CHECK,Canada,South Africa,electronics,web,2025-07-26T12:25,3,0.05,0,0,,0.448,normal
TXN-002184,CUST-0279,4170860.24,USD,CRYPTO_TRANSFER,Canada,Brazil,charity,branch,2025-08-23T22:48,3,51.11,1,1,R-003 customer behavior deviation|R-004 large crypto transfer|R-005 opaque merchant category,0.99,suspicious
TXN-002185,CUST-0311,3002.24,USD,ACH,Cyprus,Cyprus,luxury_goods,mobile,2025-02-28T19:06,3,0.4,0,0,,0.621,review
TXN-002186,CUST-0457,3191510.78,USD,WIRE,Canada,South Africa,charity,web,2025-07-03T13:44,3,21.21,1,1,R-003 customer behavior deviation|R-005 opaque merchant category,0.99,suspicious
TXN-002187,CUST-0274,2988.2,USD,ACH,Turkey,UK,luxury_goods,mobile,2026-03-25T08:35,1,0.35,0,1,,0.306,normal
TXN-002188,CUST-0483,4024.41,USD,ACH,India,Singapore,charity,web,2025-03-23T08:15,1,0.62,1,0,,0.376,normal
TXN-002189,CUST-0226,231.17,USD,ACH,UAE,China,import_export,mobile,2025-11-24T14:33,3,0.4,0,0,,0.376,normal
TXN-002190,CUST-0466,257.47,USD,WIRE,Hong Kong,Hong Kong,investment,branch,2025-11-29T11:32,2,0.04,0,0,,0.259,normal
TXN-002191,CUST-0150,603.13,USD,WIRE,Hong Kong,UAE,investment,branch,2025-12-11T20:25,2,0.07,0,0,,0.337,normal
TXN-002192,CUST-0253,1022.94,USD,WIRE,India,Germany,import_export,api,2025-10-31T06:04,1,0.28,0,0,,0.214,normal
TXN-002193,CUST-0433,2442.61,USD,ACH,Turkey,India,real_estate,advisor,2026-02-12T17:27,2,0.63,0,0,,0.343,normal
TXN-002194,CUST-0465,73.89,USD,ACH,USA,USA,investment,advisor,2026-03-29T01:21,1,0.04,0,0,,0.149,normal
TXN-002195,CUST-0334,77.1,USD,WIRE,Cyprus,Cyprus,travel,advisor,2025-02-06T02:45,3,0.01,0,0,,0.412,normal
TXN-002196,CUST-0350,13772.25,USD,INTERNATIONAL_REMITTANCE,UAE,Cyprus,cash_services,branch,2025-07-11T00:12,3,0.09,0,0,,0.438,normal
TXN-002197,CUST-0283,1936.97,USD,CARD,USA,USA,electronics,api,2025-12-27T14:09,1,0.64,0,0,,0.19,normal
TXN-002198,CUST-0037,1731.67,USD,ACH,Hong Kong,South Africa,consulting,web,2025-03-25T12:39,3,0.43,0,0,,0.421,normal
TXN-002199,CUST-0173,658514.41,USD,CASH_PAYMENT,USA,Cyprus,unknown,api,2025-06-29T10:02,3,74.46,1,1,R-003 customer behavior deviation|R-005 opaque merchant category,0.97,suspicious
TXN-002200,CUST-0212,1454.76,USD,WIRE,UAE,Singapore,consulting,api,2025-02-24T22:57,1,0.23,0,0,,0.181,normal
TXN-002201,CUST-0441,3133.59,USD,CRYPTO_TRANSFER,France,France,consulting,branch,2025-09-09T08:06,1,0.14,0,1,,0.386,normal
TXN-002202,CUST-0472,546.13,USD,CHECK,India,Germany,charity,branch,2025-04-21T21:37,1,0.08,0,0,,0.259,normal
TXN-002203,CUST-0058,105998.14,USD,CRYPTO_TRANSFER,China,Cayman Islands,consulting,api,2025-08-15T23:16,4,11.82,1,1,R-002 high-risk jurisdiction|R-003 customer behavior deviation|R-005 opaque merchant category,0.99,suspicious
TXN-002204,CUST-0164,3758.64,USD,INTERNATIONAL_REMITTANCE,Cyprus,Germany,real_estate,mobile,2025-06-06T20:41,1,0.48,0,0,,0.434,normal
TXN-002205,CUST-0106,379.31,USD,CHECK,Switzerland,Hong Kong,investment,branch,2026-02-21T18:10,2,0.09,0,0,,0.217,normal
TXN-002206,CUST-0411,101464.64,USD,WIRE,Singapore,Nigeria,real_estate,branch,2026-04-15T01:31,4,64.92,1,0,R-002 high-risk jurisdiction|R-003 customer behavior deviation,0.871,suspicious
TXN-002207,CUST-0257,99213.63,USD,CASH_PAYMENT,Cyprus,Nigeria,cash_services,branch,2025-03-10T17:40,4,11.44,1,1,R-002 high-risk jurisdiction|R-003 customer behavior deviation,0.99,suspicious
TXN-002208,CUST-0217,9276665.17,USD,INTERNATIONAL_REMITTANCE,USA,Brazil,charity,web,2025-05-25T19:23,3,58.92,1,0,R-003 customer behavior deviation|R-005 opaque merchant category,0.99,suspicious
TXN-002209,CUST-0245,2236.52,USD,CARD,USA,USA,consulting,api,2026-01-06T06:59,1,0.32,0,0,,0.227,normal
TXN-002210,CUST-0067,166745.53,USD,CASH_PAYMENT,Canada,Cayman Islands,consulting,branch,2025-01-01T02:14,4,39.97,1,1,R-002 high-risk jurisdiction|R-003 customer behavior deviation|R-005 opaque merchant category,0.99,suspicious
TXN-002211,CUST-0150,131577.88,USD,WIRE,Mexico,Turkey,real_estate,api,2025-10-20T10:21,3,15.37,1,0,R-003 customer behavior deviation,0.774,suspicious
TXN-002212,CUST-0370,1709.08,USD,ACH,Hong Kong,Hong Kong,real_estate,mobile,2025-07-13T02:37,2,0.38,0,0,,0.322,normal
TXN-002213,CUST-0410,2658.05,USD,INTERNATIONAL_REMITTANCE,USA,USA,electronics,api,2026-01-12T14:56,1,0.61,0,0,,0.429,normal
TXN-002214,CUST-0443,389634.1,USD,CASH_PAYMENT,France,Brazil,charity,web,2025-10-02T02:52,3,47.51,1,1,R-003 customer behavior deviation|R-005 opaque merchant category,0.99,suspicious
TXN-002215,CUST-0294,26840.92,USD,WIRE,Cyprus,Cyprus,consulting,branch,2025-03-01T20:02,3,0.14,0,0,,0.404,normal
TXN-002216,CUST-0175,11140.42,USD,INTERNATIONAL_REMITTANCE,Hong Kong,India,real_estate,web,2025-09-13T19:45,2,0.13,0,0,,0.334,normal
TXN-002217,CUST-0399,466.27,USD,WIRE,China,Switzerland,import_export,web,2025-11-14T06:34,2,0.24,0,0,,0.365,normal
TXN-002218,CUST-0055,1121.31,USD,INTERNATIONAL_REMITTANCE,Singapore,Singapore,consulting,web,2025-04-08T08:02,1,0.18,0,0,,0.211,normal
TXN-002219,CUST-0230,358124.22,USD,CASH_PAYMENT,Hong Kong,Nigeria,charity,advisor,2026-03-10T14:21,4,52.9,1,1,R-002 high-risk jurisdiction|R-003 customer behavior deviation|R-005 opaque merchant category,0.99,suspicious
TXN-002220,CUST-0005,77342.86,USD,CASH_PAYMENT,USA,Brazil,charity,api,2025-10-14T22:24,3,9.64,1,1,,0.826,suspicious
TXN-002221,CUST-0029,9007.6,USD,INTERNATIONAL_REMITTANCE,France,UAE,consulting,web,2025-08-19T17:37,2,0.08,0,0,,0.526,review
TXN-002222,CUST-0347,192.31,USD,CARD,South Africa,Singapore,investment,branch,2025-08-22T04:46,1,0.04,0,0,,0.253,normal
TXN-002223,CUST-0005,423.0,USD,WIRE,USA,UK,real_estate,api,2025-07-07T22:49,1,0.05,0,0,,0.2,normal
TXN-002224,CUST-0355,225648.68,USD,CASH_PAYMENT,Cyprus,Cayman Islands,unknown,api,2025-07-29T16:30,4,85.2,1,1,R-002 high-risk jurisdiction|R-003 customer behavior deviation|R-005 opaque merchant category,0.99,suspicious
TXN-002225,CUST-0215,42314.1,USD,INTERNATIONAL_REMITTANCE,Germany,Germany,import_export,advisor,2025-08-29T02:48,1,0.08,0,0,,0.382,normal
TXN-002226,CUST-0009,458.15,USD,CARD,Germany,India,consulting,branch,2025-04-25T00:59,2,0.17,0,0,,0.295,normal
TXN-002227,CUST-0069,949.56,USD,INTERNATIONAL_REMITTANCE,France,UAE,investment,advisor,2025-11-24T01:56,2,0.12,0,0,,0.251,normal
TXN-002228,CUST-0492,5819.15,USD,CARD,Turkey,South Africa,consulting,mobile,2025-01-12T09:38,3,0.14,0,0,,0.492,review
TXN-002229,CUST-0063,464771.32,USD,CASH_PAYMENT,China,Cyprus,unknown,branch,2026-01-29T09:50,3,84.47,1,1,R-003 customer behavior deviation|R-005 opaque merchant category,0.984,suspicious
TXN-002230,CUST-0127,3085685.93,USD,INTERNATIONAL_REMITTANCE,UAE,Turkey,luxury_goods,api,2026-02-08T04:15,3,27.46,0,1,R-003 customer behavior deviation,0.794,suspicious
TXN-002231,CUST-0189,3345.42,USD,CARD,Hong Kong,Switzerland,charity,web,2026-03-08T05:16,2,0.5,0,0,,0.259,normal
TXN-002232,CUST-0196,283.78,USD,ACH,Turkey,Hong Kong,travel,mobile,2026-03-25T22:09,2,0.16,0,0,,0.293,normal
TXN-002233,CUST-0106,325991.91,USD,CASH_PAYMENT,Hong Kong,Nigeria,luxury_goods,branch,2026-03-05T00:55,4,74.84,1,1,R-002 high-risk jurisdiction|R-003 customer behavior deviation,0.99,suspicious
TXN-002234,CUST-0015,425.2,USD,WIRE,Singapore,Singapore,luxury_goods,web,2025-02-08T23:02,1,0.16,0,0,,0.158,normal
TXN-002235,CUST-0084,4111.98,USD,ACH,Hong Kong,South Africa,import_export,mobile,2025-12-09T04:38,3,0.04,0,0,,0.325,normal
TXN-002236,CUST-0218,238738.11,USD,WIRE,China,Cayman Islands,consulting,api,2025-07-31T23:57,4,75.76,1,0,R-002 high-risk jurisdiction|R-003 customer behavior deviation|R-005 opaque merchant category,0.867,suspicious
TXN-002237,CUST-0141,349.06,USD,WIRE,India,Singapore,import_export,api,2026-01-04T21:53,1,0.12,0,0,,0.262,normal
TXN-002238,CUST-0031,4547.34,USD,CRYPTO_TRANSFER,Switzerland,Mexico,luxury_goods,mobile,2025-06-27T18:56,3,0.07,0,1,,0.557,review
TXN-002239,CUST-0118,868.91,USD,INTERNATIONAL_REMITTANCE,Hong Kong,Cyprus,import_export,advisor,2025-06-22T00:57,3,0.18,1,0,,0.519,review
TXN-002240,CUST-0254,16938.81,USD,CARD,Turkey,Germany,consulting,web,2025-07-03T06:10,1,0.17,0,0,,0.224,normal
TXN-002241,CUST-0360,1089.46,USD,ACH,USA,Hong Kong,charity,advisor,2025-06-06T14:34,2,0.16,0,0,,0.297,normal
TXN-002242,CUST-0028,200447.63,USD,CRYPTO_TRANSFER,UK,China,consulting,advisor,2025-03-06T22:55,3,5.74,1,1,R-005 opaque merchant category,0.792,suspicious
TXN-002243,CUST-0413,154.17,USD,CHECK,USA,USA,investment,api,2025-02-21T04:46,1,0.08,0,0,,0.356,normal
TXN-002244,CUST-0454,40001.04,USD,WIRE,UAE,UAE,electronics,branch,2025-10-21T20:58,2,0.06,0,0,,0.484,review
TXN-002245,CUST-0417,544113.73,USD,CHECK,France,Canada,travel,mobile,2025-12-28T16:16,1,1.16,0,0,,0.253,normal
TXN-002246,CUST-0064,1441.58,USD,CHECK,South Africa,Hong Kong,consulting,advisor,2025-12-12T21:39,2,0.28,0,0,,0.282,normal
TXN-002247,CUST-0479,456.86,USD,CARD,USA,India,consulting,advisor,2026-01-07T08:57,2,0.15,0,0,,0.239,normal
TXN-002248,CUST-0409,1960.02,USD,CHECK,Switzerland,Cyprus,cash_services,branch,2025-12-15T22:29,3,0.27,0,0,,0.42,normal
TXN-002249,CUST-0225,1047.44,USD,ACH,UK,France,charity,mobile,2026-03-18T22:43,1,0.18,0,1,,0.381,normal
TXN-002250,CUST-0244,498.86,USD,CHECK,South Africa,Turkey,consulting,branch,2025-06-22T22:39,3,0.08,0,0,,0.323,normal
TXN-002251,CUST-0042,2715.6,USD,CHECK,Singapore,USA,import_export,mobile,2025-11-05T05:31,1,0.12,1,0,,0.279,normal
TXN-002252,CUST-0397,1928.96,USD,CHECK,USA,India,cash_services,api,2025-04-04T07:02,2,0.25,0,0,,0.276,normal
TXN-002253,CUST-0163,52.83,USD,ACH,China,Cyprus,import_export,api,2025-11-08T14:16,3,0.03,0,0,,0.381,normal
TXN-002254,CUST-0297,135765.0,USD,ACH,India,India,luxury_goods,api,2025-05-12T06:36,2,0.34,0,0,,0.374,normal
TXN-002255,CUST-0321,5941.31,USD,ACH,Switzerland,Switzerland,travel,branch,2025-09-01T08:29,2,0.78,0,0,,0.273,normal
TXN-002256,CUST-0014,168.21,USD,INTERNATIONAL_REMITTANCE,Cyprus,Cyprus,cash_services,branch,2025-04-18T07:57,3,0.06,0,0,,0.475,review
TXN-002257,CUST-0436,2344.62,USD,INTERNATIONAL_REMITTANCE,China,China,cash_services,mobile,2025-11-07T21:48,3,0.36,0,0,,0.391,normal
TXN-002258,CUST-0357,101562.05,USD,CASH_PAYMENT,France,South Africa,unknown,branch,2025-08-30T05:08,3,17.7,0,1,R-003 customer behavior deviation|R-005 opaque merchant category,0.846,suspicious
TXN-002259,CUST-0288,150.74,USD,CHECK,France,Germany,luxury_goods,web,2025-11-02T21:57,1,0.13,1,0,,0.37,normal
TXN-002260,CUST-0292,15403.64,USD,WIRE,Brazil,Brazil,travel,api,2026-02-09T21:11,3,0.07,0,1,,0.471,review
TXN-002261,CUST-0086,3864.97,USD,WIRE,Germany,Germany,cash_services,branch,2025-01-07T05:46,1,0.47,0,0,,0.421,normal
TXN-002262,CUST-0376,60.33,USD,CHECK,Brazil,China,travel,api,2025-12-16T18:28,3,0.04,0,0,,0.586,review
TXN-002263,CUST-0003,17584.92,USD,WIRE,France,France,charity,mobile,2025-07-31T21:13,1,0.19,0,0,,0.194,normal
TXN-002264,CUST-0202,3731004.88,USD,WIRE,Hong Kong,Mexico,unknown,branch,2025-05-28T23:32,3,20.13,1,1,R-003 customer behavior deviation|R-005 opaque merchant category,0.896,suspicious
TXN-002265,CUST-0158,298.68,USD,WIRE,UK,British Virgin Islands,cash_services,branch,2025-05-14T22:36,4,0.06,1,1,R-002 high-risk jurisdiction,0.614,review
TXN-002266,CUST-0152,103.15,USD,ACH,UAE,UAE,cash_services,api,2026-05-11T01:08,2,0.06,0,0,,0.311,normal
TXN-002267,CUST-0458,365.51,USD,INTERNATIONAL_REMITTANCE,South Africa,Brazil,real_estate,web,2025-01-28T13:29,3,0.38,0,0,,0.396,normal
TXN-002268,CUST-0480,961.19,USD,WIRE,Hong Kong,Hong Kong,travel,advisor,2025-08-21T16:08,2,0.12,0,0,,0.225,normal
TXN-002269,CUST-0496,55269.08,USD,INTERNATIONAL_REMITTANCE,China,China,charity,web,2025-10-07T00:29,3,0.41,0,0,,0.375,normal
TXN-002270,CUST-0002,369.36,USD,ACH,UAE,UAE,electronics,web,2025-08-10T23:47,2,0.16,0,0,,0.342,normal
TXN-002271,CUST-0072,1973.56,USD,CHECK,South Africa,UAE,cash_services,web,2025-03-14T12:25,2,0.38,1,0,,0.374,normal
TXN-002272,CUST-0248,913.49,USD,WIRE,South Africa,Hong Kong,charity,web,2025-12-28T10:24,2,0.35,0,0,,0.291,normal
TXN-002273,CUST-0398,1267.71,USD,CARD,India,India,investment,mobile,2026-04-07T09:10,2,0.38,0,0,,0.236,normal
TXN-002274,CUST-0467,394.67,USD,INTERNATIONAL_REMITTANCE,Singapore,France,import_export,api,2025-11-12T23:11,1,0.37,0,0,,0.224,normal
TXN-002275,CUST-0440,18673.39,USD,CARD,Singapore,South Africa,investment,branch,2025-05-20T12:52,3,0.3,1,0,,0.462,review
TXN-002276,CUST-0143,540.47,USD,INTERNATIONAL_REMITTANCE,China,Cayman Islands,consulting,api,2025-04-11T13:13,4,0.09,1,0,R-002 high-risk jurisdiction,0.605,review
TXN-002277,CUST-0043,1670.0,USD,ACH,China,China,cash_services,web,2026-02-14T10:16,3,0.62,0,0,,0.403,normal
TXN-002278,CUST-0379,777.72,USD,ACH,UAE,Switzerland,cash_services,mobile,2026-03-28T07:58,2,0.15,0,0,,0.403,normal
TXN-002279,CUST-0129,79078.09,USD,INTERNATIONAL_REMITTANCE,Brazil,South Africa,cash_services,web,2025-12-29T08:48,3,67.39,1,1,R-003 customer behavior deviation,0.924,suspicious
TXN-002280,CUST-0089,107756.8,USD,CRYPTO_TRANSFER,Switzerland,Cyprus,luxury_goods,web,2025-10-16T00:48,3,18.69,1,1,R-003 customer behavior deviation,0.99,suspicious
TXN-002281,CUST-0358,227.43,USD,ACH,Turkey,Switzerland,real_estate,web,2026-05-02T15:51,2,0.03,0,0,,0.304,normal
TXN-002282,CUST-0195,596.57,USD,WIRE,Brazil,UK,consulting,api,2025-08-14T22:17,1,0.1,0,0,,0.167,normal
TXN-002283,CUST-0472,1729.42,USD,ACH,Germany,Germany,electronics,api,2026-03-17T08:35,1,0.26,0,0,,0.222,normal
TXN-002284,CUST-0202,6485198.26,USD,WIRE,UK,Panama,unknown,web,2025-06-09T11:14,4,34.99,1,1,R-002 high-risk jurisdiction|R-003 customer behavior deviation|R-005 opaque merchant category,0.99,suspicious
TXN-002285,CUST-0475,928.33,USD,ACH,Turkey,Turkey,import_export,advisor,2025-03-15T15:58,3,0.16,0,0,,0.333,normal
TXN-002286,CUST-0380,74.08,USD,CARD,Turkey,Turkey,luxury_goods,advisor,2026-02-06T23:11,3,0.07,0,0,,0.319,normal
TXN-002287,CUST-0270,1697.53,USD,WIRE,Germany,UK,charity,api,2025-01-20T08:23,1,0.22,0,0,,0.196,normal
TXN-002288,CUST-0444,450636.0,USD,CASH_PAYMENT,Brazil,Cyprus,unknown,web,2025-05-04T00:40,3,26.01,1,1,R-003 customer behavior deviation|R-005 opaque merchant category,0.99,suspicious
TXN-002289,CUST-0056,3247.48,USD,CARD,Germany,Turkey,travel,advisor,2025-09-25T17:00,3,0.41,0,0,,0.361,normal
TXN-002290,CUST-0069,795.83,USD,ACH,Switzerland,China,cash_services,advisor,2025-06-27T15:31,3,0.1,0,0,,0.384,normal
TXN-002291,CUST-0268,440.68,USD,WIRE,USA,USA,real_estate,api,2025-05-04T11:12,1,0.05,0,0,,0.193,normal
TXN-002292,CUST-0204,165316.85,USD,INTERNATIONAL_REMITTANCE,Mexico,Cyprus,travel,advisor,2025-12-07T08:32,3,0.48,0,0,,0.54,review
TXN-002293,CUST-0335,27123.19,USD,CHECK,Cyprus,Switzerland,consulting,mobile,2026-04-24T20:34,2,0.14,0,0,,0.278,normal
TXN-002294,CUST-0241,5505.56,USD,WIRE,Hong Kong,Hong Kong,cash_services,branch,2025-04-08T14:49,2,0.83,0,0,,0.314,normal
TXN-002295,CUST-0373,1481.24,USD,INTERNATIONAL_REMITTANCE,India,UAE,charity,branch,2025-03-23T03:26,2,0.2,0,0,,0.453,review
TXN-002296,CUST-0064,2906.38,USD,WIRE,Turkey,Hong Kong,luxury_goods,api,2026-02-22T09:14,2,0.56,0,0,,0.265,normal
TXN-002297,CUST-0094,929309.12,USD,INTERNATIONAL_REMITTANCE,Switzerland,Turkey,charity,advisor,2025-11-05T07:14,3,12.98,1,0,R-003 customer behavior deviation|R-005 opaque merchant category,0.887,suspicious
TXN-002298,CUST-0181,143874.89,USD,CRYPTO_TRANSFER,Switzerland,Cyprus,charity,advisor,2025-05-04T22:59,3,18.23,1,1,R-003 customer behavior deviation|R-005 opaque merchant category,0.99,suspicious
TXN-002299,CUST-0489,261.64,USD,CARD,Switzerland,Canada,consulting,branch,2025-02-01T04:49,1,0.06,0,0,,0.264,normal
TXN-002300,CUST-0271,21104.18,USD,WIRE,China,Cyprus,charity,advisor,2026-04-28T06:17,3,0.29,0,0,,0.428,normal
TXN-002301,CUST-0438,97125.06,USD,WIRE,UAE,UAE,consulting,branch,2025-02-14T00:49,2,0.73,0,0,,0.351,normal
TXN-002302,CUST-0007,123.19,USD,ACH,Mexico,India,cash_services,mobile,2025-11-19T21:57,2,0.04,0,0,,0.289,normal
TXN-002303,CUST-0224,138.33,USD,CHECK,UAE,UAE,travel,web,2025-10-13T03:38,2,0.09,0,0,,0.257,normal
TXN-002304,CUST-0481,51807.98,USD,INTERNATIONAL_REMITTANCE,China,Mexico,consulting,branch,2025-10-25T07:24,3,82.28,1,0,R-003 customer behavior deviation,0.885,suspicious
TXN-002305,CUST-0296,6957.22,USD,WIRE,Canada,Mexico,investment,web,2025-02-20T07:05,3,0.08,0,0,,0.436,normal
TXN-002306,CUST-0426,55668.14,USD,CARD,UK,Brazil,travel,advisor,2026-04-02T09:49,3,0.26,0,0,,0.418,normal
TXN-002307,CUST-0243,7614.45,USD,CHECK,Turkey,UAE,charity,branch,2026-04-16T03:49,2,0.99,0,0,,0.361,normal
TXN-002308,CUST-0057,307960.35,USD,CRYPTO_TRANSFER,Turkey,China,consulting,api,2025-12-08T02:59,3,42.54,1,1,R-003 customer behavior deviation|R-004 large crypto transfer|R-005 opaque merchant category,0.99,suspicious
TXN-002309,CUST-0411,414.31,USD,ACH,Singapore,UAE,travel,api,2025-01-24T00:07,2,0.27,1,1,,0.517,review
TXN-002310,CUST-0428,209.31,USD,INTERNATIONAL_REMITTANCE,India,Mexico,electronics,advisor,2025-05-10T05:01,3,0.05,0,0,,0.342,normal
TXN-002311,CUST-0390,2181.93,USD,WIRE,Germany,Germany,import_export,api,2025-06-13T05:21,1,0.38,0,0,,0.267,normal
TXN-002312,CUST-0025,22700.51,USD,CARD,India,India,investment,branch,2026-04-14T07:27,2,0.18,0,0,,0.253,normal
TXN-002313,CUST-0385,136.75,USD,ACH,South Africa,South Africa,travel,api,2025-07-26T12:37,3,0.12,0,0,,0.363,normal
TXN-002314,CUST-0062,178.03,USD,CARD,Canada,Hong Kong,charity,api,2025-04-05T09:47,2,0.19,0,0,,0.386,normal
TXN-002315,CUST-0182,4414.17,USD,ACH,Hong Kong,UK,travel,mobile,2025-08-27T10:40,1,0.5,1,0,,0.364,normal
TXN-002316,CUST-0161,200481.15,USD,CARD,Cyprus,China,electronics,api,2025-12-27T19:19,3,1.29,0,0,,0.435,normal
TXN-002317,CUST-0297,209939.42,USD,ACH,India,India,luxury_goods,web,2025-10-19T13:29,2,0.53,0,0,,0.359,normal
TXN-002318,CUST-0265,735.34,USD,ACH,Mexico,Cyprus,luxury_goods,api,2025-09-06T13:32,3,0.1,1,0,,0.474,review
TXN-002319,CUST-0140,31092.76,USD,WIRE,Turkey,Mexico,luxury_goods,web,2025-11-13T16:06,3,17.23,0,1,R-003 customer behavior deviation,0.736,suspicious
TXN-002320,CUST-0040,1257.06,USD,CHECK,Turkey,UAE,luxury_goods,web,2026-04-02T22:54,2,0.16,0,0,,0.224,normal
TXN-002321,CUST-0079,24566.82,USD,INTERNATIONAL_REMITTANCE,Germany,Switzerland,electronics,advisor,2025-10-13T08:53,2,0.21,0,0,,0.309,normal
TXN-002322,CUST-0413,574.53,USD,CHECK,USA,USA,charity,advisor,2025-12-03T10:02,1,0.28,0,0,,0.436,normal
TXN-002323,CUST-0207,250.3,USD,WIRE,South Africa,Russia,electronics,api,2025-07-13T20:44,5,0.2,1,0,R-002 high-risk jurisdiction,0.626,review
TXN-002324,CUST-0288,355.38,USD,CHECK,Brazil,Brazil,import_export,branch,2025-06-21T19:46,3,0.3,0,0,,0.352,normal
TXN-002325,CUST-0404,8175.74,USD,CARD,South Africa,Switzerland,luxury_goods,mobile,2025-08-18T05:25,2,0.07,0,0,,0.359,normal
TXN-002326,CUST-0324,121.31,USD,WIRE,Brazil,British Virgin Islands,consulting,mobile,2026-03-25T14:41,4,0.2,1,0,R-002 high-risk jurisdiction,0.591,review
TXN-002327,CUST-0054,62282.33,USD,INTERNATIONAL_REMITTANCE,Cyprus,Nigeria,unknown,branch,2025-07-13T17:31,4,13.51,1,1,R-002 high-risk jurisdiction|R-003 customer behavior deviation,0.903,suspicious
TXN-002328,CUST-0258,605.13,USD,CHECK,Brazil,UAE,consulting,mobile,2025-11-06T08:41,2,0.09,0,1,,0.425,normal
TXN-002329,CUST-0387,2943.35,USD,WIRE,Switzerland,UAE,real_estate,api,2025-12-08T10:13,2,0.33,0,0,,0.283,normal
TXN-002330,CUST-0436,1299.5,USD,INTERNATIONAL_REMITTANCE,Singapore,Mexico,electronics,branch,2025-05-18T16:00,3,0.2,0,0,,0.339,normal
TXN-002331,CUST-0035,3725.91,USD,ACH,Brazil,USA,import_export,advisor,2025-02-16T22:59,1,0.46,0,0,,0.401,normal
TXN-002332,CUST-0082,160.04,USD,CARD,South Africa,India,charity,mobile,2025-07-06T05:11,2,0.05,0,0,,0.341,normal
TXN-002333,CUST-0476,1541.0,USD,WIRE,Hong Kong,Hong Kong,import_export,branch,2025-02-10T05:43,2,0.35,0,0,,0.329,normal
TXN-002334,CUST-0094,27827.03,USD,INTERNATIONAL_REMITTANCE,Switzerland,Switzerland,travel,advisor,2026-04-05T08:21,2,0.39,0,0,,0.329,normal
TXN-002335,CUST-0396,40745.49,USD,INTERNATIONAL_REMITTANCE,Singapore,Brazil,real_estate,branch,2025-07-12T11:41,3,0.23,0,0,,0.471,review
TXN-002336,CUST-0453,3231.04,USD,INTERNATIONAL_REMITTANCE,China,China,travel,branch,2025-06-10T09:43,3,0.49,0,0,,0.397,normal
TXN-002337,CUST-0156,160.43,USD,ACH,USA,UAE,luxury_goods,branch,2025-03-14T18:11,2,0.06,0,0,,0.337,normal
TXN-002338,CUST-0464,121012.11,USD,CRYPTO_TRANSFER,USA,Panama,unknown,branch,2025-05-25T21:24,4,26.63,1,1,R-002 high-risk jurisdiction|R-003 customer behavior deviation|R-005 opaque merchant category,0.99,suspicious
TXN-002339,CUST-0329,15000000,USD,CASH_PAYMENT,China,British Virgin Islands,real_estate,advisor,2025-01-13T12:47,4,69.78,1,1,R-001 high-value cash payment|R-002 high-risk jurisdiction|R-003 customer behavior deviation,0.99,suspicious
TXN-002340,CUST-0446,164.27,USD,INTERNATIONAL_REMITTANCE,Switzerland,Turkey,cash_services,mobile,2025-03-24T12:19,3,0.04,0,0,,0.347,normal
TXN-002341,CUST-0445,60262.31,USD,CASH_PAYMENT,Cyprus,Cyprus,cash_services,branch,2025-10-16T11:49,3,18.94,0,1,R-003 customer behavior deviation,0.99,suspicious
TXN-002342,CUST-0085,2044.81,USD,WIRE,South Africa,South Africa,electronics,branch,2025-09-16T03:46,3,0.35,0,0,,0.344,normal
TXN-002343,CUST-0222,3884.91,USD,CHECK,France,Switzerland,luxury_goods,branch,2025-02-19T11:22,2,0.13,0,0,,0.279,normal
TXN-002344,CUST-0204,109703.74,USD,CHECK,Cyprus,Cyprus,consulting,advisor,2025-09-05T23:24,3,0.32,0,0,R-005 opaque merchant category,0.625,review
TXN-002345,CUST-0483,1334.45,USD,ACH,India,USA,import_export,branch,2026-02-04T02:32,1,0.21,1,0,,0.311,normal
TXN-002346,CUST-0176,10601147.05,USD,CASH_PAYMENT,Mexico,Turkey,unknown,api,2025-03-25T18:41,3,32.4,1,1,R-001 high-value cash payment|R-003 customer behavior deviation|R-005 opaque merchant category,0.99,suspicious
TXN-002347,CUST-0476,731.45,USD,CARD,UK,Hong Kong,cash_services,branch,2025-05-20T22:31,2,0.17,0,0,,0.302,normal
TXN-002348,CUST-0021,1219.89,USD,ACH,UK,China,luxury_goods,api,2025-11-25T20:18,3,0.17,0,0,,0.428,normal
TXN-002349,CUST-0125,54478.94,USD,INTERNATIONAL_REMITTANCE,Cyprus,Cyprus,real_estate,branch,2025-02-02T06:35,3,0.09,0,0,,0.478,review
TXN-002350,CUST-0219,438.35,USD,ACH,China,Switzerland,investment,web,2025-06-11T02:11,2,0.5,0,0,,0.264,normal
TXN-002351,CUST-0241,1063.25,USD,WIRE,Hong Kong,Brazil,travel,advisor,2025-10-18T14:52,3,0.16,0,0,,0.432,normal
TXN-002352,CUST-0285,193.07,USD,ACH,UK,UK,investment,advisor,2025-11-21T10:09,1,0.05,0,0,,0.198,normal
TXN-002353,CUST-0042,4662.01,USD,WIRE,Singapore,Switzerland,travel,web,2025-07-28T17:03,2,0.2,0,1,,0.412,normal
TXN-002354,CUST-0206,24489.63,USD,CHECK,Canada,Turkey,real_estate,branch,2025-01-20T19:23,3,0.15,0,0,,0.39,normal
TXN-002355,CUST-0049,933.11,USD,WIRE,India,Switzerland,luxury_goods,mobile,2025-10-12T00:08,2,0.12,0,0,,0.26,normal
TXN-002356,CUST-0180,95.09,USD,CHECK,Canada,France,luxury_goods,mobile,2025-11-13T12:03,1,0.09,0,0,,0.498,review
TXN-002357,CUST-0330,44504.02,USD,ACH,China,China,cash_services,mobile,2025-11-14T20:44,3,0.18,0,0,,0.427,normal
TXN-002358,CUST-0098,60213.29,USD,CHECK,India,South Africa,charity,branch,2025-12-07T14:27,3,0.5,0,0,,0.331,normal
TXN-002359,CUST-0311,794.29,USD,WIRE,South Africa,Turkey,import_export,mobile,2025-06-13T13:24,3,0.11,0,0,,0.632,review
TXN-002360,CUST-0178,3425739.74,USD,INTERNATIONAL_REMITTANCE,Canada,Cayman Islands,cash_services,advisor,2026-02-08T05:18,4,25.38,1,0,R-002 high-risk jurisdiction|R-003 customer behavior deviation,0.99,suspicious
TXN-002361,CUST-0171,676.2,USD,CARD,Mexico,South Africa,travel,branch,2025-12-20T06:41,3,0.14,0,0,,0.377,normal
TXN-002362,CUST-0353,21692.08,USD,WIRE,Mexico,Mexico,travel,mobile,2025-01-17T09:40,3,0.1,0,0,,0.353,normal
TXN-002363,CUST-0187,2231.73,USD,ACH,China,Germany,real_estate,mobile,2025-02-23T15:56,1,0.56,0,0,,0.187,normal
TXN-002364,CUST-0456,564.82,USD,WIRE,China,China,import_export,advisor,2025-04-02T21:20,3,0.08,0,0,,0.411,normal
TXN-002365,CUST-0194,3195.91,USD,CHECK,UK,China,cash_services,web,2025-11-09T05:55,3,0.07,0,0,,0.573,review
TXN-002366,CUST-0339,1681.31,USD,ACH,Singapore,Turkey,travel,mobile,2025-11-30T21:13,3,0.05,0,0,,0.452,review
TXN-002367,CUST-0452,1131.87,USD,WIRE,Singapore,Singapore,travel,api,2025-05-14T12:34,1,0.41,0,0,,0.281,normal
TXN-002368,CUST-0334,283639.38,USD,INTERNATIONAL_REMITTANCE,Cyprus,Nigeria,real_estate,web,2025-01-25T11:35,4,49.97,1,1,R-002 high-risk jurisdiction|R-003 customer behavior deviation,0.99,suspicious
TXN-002369,CUST-0417,38328.3,USD,ACH,Canada,France,consulting,mobile,2025-06-03T08:08,1,0.08,0,0,,0.285,normal
TXN-002370,CUST-0274,3086.88,USD,INTERNATIONAL_REMITTANCE,Switzerland,Switzerland,electronics,web,2025-08-06T14:21,2,0.36,0,0,,0.348,normal
TXN-002371,CUST-0303,28886.64,USD,WIRE,South Africa,India,real_estate,web,2026-02-14T02:10,2,0.28,0,0,,0.353,normal
TXN-002372,CUST-0252,400.66,USD,CHECK,Germany,Germany,real_estate,api,2025-10-25T00:18,1,0.23,0,0,,0.199,normal
TXN-002373,CUST-0462,2146.57,USD,CARD,Brazil,France,luxury_goods,api,2026-02-09T17:27,1,0.08,0,0,,0.351,normal
TXN-002374,CUST-0328,106476.45,USD,INTERNATIONAL_REMITTANCE,Cyprus,Panama,consulting,branch,2025-03-14T12:41,4,83.67,1,1,R-002 high-risk jurisdiction|R-003 customer behavior deviation|R-005 opaque merchant category,0.99,suspicious
TXN-002375,CUST-0237,9210.69,USD,INTERNATIONAL_REMITTANCE,Turkey,Switzerland,investment,mobile,2025-11-28T02:18,2,0.45,0,0,,0.301,normal
TXN-002376,CUST-0143,438.61,USD,CARD,China,Turkey,import_export,mobile,2025-02-04T12:04,3,0.07,0,0,,0.407,normal
TXN-002377,CUST-0087,114407.81,USD,CHECK,South Africa,Canada,electronics,api,2026-04-04T16:43,1,0.42,0,0,,0.305,normal
TXN-002378,CUST-0312,1317.78,USD,INTERNATIONAL_REMITTANCE,Germany,Germany,cash_services,api,2025-01-09T16:00,1,0.19,0,0,,0.166,normal
TXN-002379,CUST-0321,276483.79,USD,WIRE,Brazil,Cyprus,consulting,branch,2026-01-31T09:34,3,36.36,1,0,R-003 customer behavior deviation|R-005 opaque merchant category,0.892,suspicious
TXN-002380,CUST-0118,2358.14,USD,INTERNATIONAL_REMITTANCE,South Africa,South Africa,travel,advisor,2025-11-20T13:59,3,0.48,0,0,,0.368,normal
TXN-002381,CUST-0494,8513.17,USD,CHECK,UAE,UAE,investment,api,2025-06-17T02:47,2,1.46,0,0,,0.371,normal
TXN-002382,CUST-0045,157458.35,USD,INTERNATIONAL_REMITTANCE,UAE,British Virgin Islands,real_estate,web,2025-07-14T10:36,4,47.53,1,1,R-002 high-risk jurisdiction|R-003 customer behavior deviation,0.99,suspicious
TXN-002383,CUST-0147,1875.58,USD,CARD,China,China,import_export,branch,2026-02-07T20:42,3,0.23,0,0,,0.357,normal
TXN-002384,CUST-0165,63333.51,USD,ACH,China,India,travel,advisor,2026-02-26T15:15,2,0.11,0,0,,0.364,normal
TXN-002385,CUST-0214,36.71,USD,CARD,Mexico,Canada,travel,mobile,2025-03-29T05:49,1,0.01,0,0,,0.237,normal
TXN-002386,CUST-0481,116.5,USD,ACH,China,Germany,luxury_goods,web,2026-03-13T16:23,1,0.19,0,0,,0.234,normal
TXN-002387,CUST-0325,941.43,USD,INTERNATIONAL_REMITTANCE,UK,UK,electronics,mobile,2025-05-11T23:09,1,0.25,0,0,,0.285,normal
TXN-002388,CUST-0487,897.75,USD,INTERNATIONAL_REMITTANCE,Cyprus,Cyprus,investment,branch,2026-01-24T03:03,3,0.2,0,0,,0.362,normal
TXN-002389,CUST-0366,1065924.6,USD,INTERNATIONAL_REMITTANCE,Mexico,British Virgin Islands,cash_services,api,2025-04-24T23:42,4,15.96,1,0,R-002 high-risk jurisdiction|R-003 customer behavior deviation,0.922,suspicious
TXN-002390,CUST-0036,31096.52,USD,CARD,Hong Kong,Hong Kong,consulting,branch,2026-01-06T14:49,2,0.4,0,0,,0.39,normal
TXN-002391,CUST-0012,1461.45,USD,CARD,Singapore,Switzerland,real_estate,branch,2025-09-27T16:55,2,0.17,0,0,,0.288,normal
TXN-002392,CUST-0074,13227.57,USD,WIRE,Turkey,UAE,investment,advisor,2025-02-22T20:55,2,1.57,1,0,,0.39,normal
TXN-002393,CUST-0044,1639.26,USD,CHECK,France,UK,consulting,advisor,2025-08-03T22:16,1,0.49,0,0,,0.286,normal
TXN-002394,CUST-0221,44334.28,USD,CRYPTO_TRANSFER,Turkey,Panama,charity,branch,2026-04-12T18:53,4,20.36,1,1,R-002 high-risk jurisdiction|R-003 customer behavior deviation,0.99,suspicious
TXN-002395,CUST-0375,173217.37,USD,CRYPTO_TRANSFER,Cyprus,Panama,cash_services,advisor,2025-09-13T15:37,4,82.22,1,1,R-002 high-risk jurisdiction|R-003 customer behavior deviation,0.99,suspicious
TXN-002396,CUST-0233,582.31,USD,ACH,Mexico,Cyprus,investment,web,2025-05-09T17:12,3,0.1,0,0,,0.354,normal
TXN-002397,CUST-0170,27611.38,USD,INTERNATIONAL_REMITTANCE,USA,USA,electronics,mobile,2025-10-21T10:45,1,0.24,0,0,,0.531,review
TXN-002398,CUST-0121,414.91,USD,WIRE,UK,UK,travel,mobile,2026-01-17T02:23,1,0.2,0,0,,0.17,normal
TXN-002399,CUST-0336,484.53,USD,CARD,Turkey,Switzerland,luxury_goods,api,2025-01-08T13:09,2,0.05,0,0,,0.295,normal
TXN-002400,CUST-0368,109879.53,USD,WIRE,USA,Cayman Islands,unknown,api,2025-08-12T05:21,4,58.74,1,1,R-002 high-risk jurisdiction|R-003 customer behavior deviation|R-005 opaque merchant category,0.978,suspicious
TXN-002401,CUST-0480,1144.37,USD,WIRE,Hong Kong,Cayman Islands,cash_services,advisor,2025-01-28T05:56,4,0.14,1,0,R-002 high-risk jurisdiction,0.569,review
TXN-002402,CUST-0028,3591.47,USD,INTERNATIONAL_REMITTANCE,Cyprus,Cyprus,travel,mobile,2025-08-21T15:46,3,0.1,0,0,,0.417,normal
TXN-002403,CUST-0083,333.65,USD,INTERNATIONAL_REMITTANCE,Hong Kong,China,consulting,advisor,2026-05-03T02:49,3,0.09,1,0,,0.477,review
TXN-002404,CUST-0372,22943.37,USD,ACH,Hong Kong,Singapore,consulting,web,2025-05-09T10:58,1,0.27,0,0,,0.253,normal
TXN-002405,CUST-0423,7583.95,USD,CARD,Canada,South Africa,travel,advisor,2025-05-11T16:51,3,0.13,0,0,,0.426,normal
TXN-002406,CUST-0404,6855794.21,USD,WIRE,South Africa,Brazil,luxury_goods,branch,2025-07-12T15:24,3,54.97,1,1,R-003 customer behavior deviation,0.99,suspicious
TXN-002407,CUST-0384,11290.22,USD,CASH_PAYMENT,Germany,Germany,import_export,mobile,2025-01-15T01:57,1,0.23,0,1,,0.526,review
TXN-002408,CUST-0159,311.68,USD,ACH,Mexico,Hong Kong,charity,branch,2025-07-31T03:20,2,0.09,0,0,,0.267,normal
TXN-002409,CUST-0153,121038.68,USD,CRYPTO_TRANSFER,Brazil,China,cash_services,branch,2025-06-29T16:25,3,46.42,1,1,R-003 customer behavior deviation,0.969,suspicious
TXN-002410,CUST-0091,582.89,USD,INTERNATIONAL_REMITTANCE,UAE,South Africa,import_export,api,2026-04-17T03:04,3,0.11,0,0,,0.434,normal
TXN-002411,CUST-0349,7517998.29,USD,CASH_PAYMENT,USA,Mexico,consulting,api,2025-02-26T23:38,3,82.12,1,1,R-001 high-value cash payment|R-003 customer behavior deviation|R-005 opaque merchant category,0.99,suspicious
TXN-002412,CUST-0428,307.69,USD,CRYPTO_TRANSFER,India,Mexico,electronics,mobile,2025-07-18T08:33,3,0.07,0,1,,0.553,review
TXN-002413,CUST-0008,861.62,USD,CHECK,China,Switzerland,charity,mobile,2025-08-01T06:24,2,0.38,0,0,,0.293,normal
TXN-002414,CUST-0134,1322.57,USD,INTERNATIONAL_REMITTANCE,Mexico,Cyprus,real_estate,mobile,2025-11-25T14:39,3,0.6,0,0,,0.396,normal
TXN-002415,CUST-0231,3085.67,USD,CHECK,South Africa,South Africa,cash_services,advisor,2026-01-14T06:45,3,0.61,0,0,,0.399,normal
TXN-002416,CUST-0218,674.45,USD,CHECK,India,China,real_estate,advisor,2025-05-09T04:32,3,0.21,0,0,,0.339,normal
TXN-002417,CUST-0482,262942.86,USD,CASH_PAYMENT,UK,Mexico,cash_services,branch,2025-04-15T03:41,3,46.03,1,1,R-003 customer behavior deviation,0.99,suspicious
TXN-002418,CUST-0047,660.14,USD,WIRE,Hong Kong,Cyprus,charity,web,2025-01-03T14:20,3,0.17,0,0,,0.383,normal
TXN-002419,CUST-0089,791.43,USD,ACH,Switzerland,Canada,travel,api,2025-11-14T09:52,1,0.14,0,0,,0.206,normal
TXN-002420,CUST-0312,2121.9,USD,CARD,South Africa,USA,luxury_goods,advisor,2025-08-16T10:23,1,0.31,0,0,,0.235,normal
TXN-002421,CUST-0196,485.73,USD,INTERNATIONAL_REMITTANCE,Hong Kong,USA,import_export,branch,2025-12-20T05:09,1,0.27,0,0,,0.136,normal
TXN-002422,CUST-0125,125791.2,USD,WIRE,USA,USA,real_estate,mobile,2025-04-13T22:10,1,0.2,0,0,,0.405,normal
TXN-002423,CUST-0448,1955126.2,USD,CRYPTO_TRANSFER,Hong Kong,Russia,cash_services,branch,2026-02-12T20:34,5,13.75,1,1,R-002 high-risk jurisdiction|R-003 customer behavior deviation|R-004 large crypto transfer,0.99,suspicious
TXN-002424,CUST-0481,81.11,USD,CARD,India,Cyprus,luxury_goods,mobile,2026-05-03T11:08,3,0.13,0,0,,0.392,normal
TXN-002425,CUST-0144,10553.89,USD,WIRE,China,China,cash_services,mobile,2025-04-22T11:46,3,0.16,0,1,,0.485,review
TXN-002426,CUST-0102,12233.47,USD,ACH,UAE,Canada,travel,api,2025-08-20T03:20,1,0.08,0,0,,0.262,normal
TXN-002427,CUST-0176,15000000,USD,CRYPTO_TRANSFER,Mexico,Iran,consulting,branch,2025-09-14T15:31,5,45.84,1,1,R-002 high-risk jurisdiction|R-003 customer behavior deviation|R-004 large crypto transfer|R-005 opaque merchant category,0.99,suspicious
TXN-002428,CUST-0234,14432.45,USD,CHECK,Turkey,Canada,travel,advisor,2026-02-14T20:27,1,0.14,0,0,,0.266,normal
TXN-002429,CUST-0122,222.23,USD,ACH,Canada,Mexico,electronics,mobile,2025-07-29T12:00,3,0.04,0,0,,0.462,review
TXN-002430,CUST-0430,4403.53,USD,ACH,Cyprus,Turkey,consulting,web,2026-04-01T04:28,3,1.9,1,0,,0.556,review
TXN-002431,CUST-0288,229.6,USD,CHECK,Brazil,Brazil,cash_services,api,2026-03-19T13:29,3,0.2,0,0,,0.337,normal
TXN-002432,CUST-0452,685.77,USD,WIRE,Germany,Germany,real_estate,advisor,2025-11-01T11:49,1,0.25,0,0,,0.246,normal
TXN-002433,CUST-0382,538.49,USD,CRYPTO_TRANSFER,Turkey,Germany,electronics,mobile,2026-04-18T03:59,1,0.22,0,1,,0.379,normal
TXN-002434,CUST-0146,2460488.05,USD,INTERNATIONAL_REMITTANCE,South Africa,Panama,luxury_goods,advisor,2025-12-10T07:50,4,59.16,1,0,R-002 high-risk jurisdiction|R-003 customer behavior deviation,0.99,suspicious
TXN-002435,CUST-0362,1283.9,USD,WIRE,Hong Kong,Singapore,cash_services,api,2026-05-16T07:30,1,0.33,0,0,,0.21,normal
TXN-002436,CUST-0484,13912041.09,USD,WIRE,Hong Kong,Cyprus,unknown,api,2026-04-04T12:48,3,59.98,1,0,R-003 customer behavior deviation|R-005 opaque merchant category,0.931,suspicious
TXN-002437,CUST-0248,153269.23,USD,CASH_PAYMENT,Hong Kong,China,cash_services,api,2025-09-09T09:47,3,59.45,1,1,R-003 customer behavior deviation,0.99,suspicious
TXN-002438,CUST-0434,9727.91,USD,CARD,Mexico,USA,charity,advisor,2025-07-20T08:34,1,0.13,0,0,,0.261,normal
TXN-002439,CUST-0003,26668.36,USD,WIRE,France,Russia,investment,mobile,2025-09-22T17:09,5,0.29,1,0,R-002 high-risk jurisdiction,0.653,review
TXN-002440,CUST-0064,96935.3,USD,CASH_PAYMENT,South Africa,Cyprus,unknown,web,2025-08-05T14:19,3,18.67,1,1,R-003 customer behavior deviation,0.95,suspicious
TXN-002441,CUST-0140,560.58,USD,INTERNATIONAL_REMITTANCE,Turkey,Singapore,electronics,web,2026-03-02T10:46,1,0.31,0,0,,0.225,normal
TXN-002442,CUST-0240,520.25,USD,WIRE,Switzerland,Cayman Islands,cash_services,web,2025-05-05T13:43,4,0.14,1,0,R-002 high-risk jurisdiction,0.588,review
TXN-002443,CUST-0119,1072.92,USD,INTERNATIONAL_REMITTANCE,India,France,electronics,advisor,2025-02-04T17:52,1,0.2,0,0,,0.172,normal
TXN-002444,CUST-0056,5264.79,USD,CHECK,UAE,Canada,real_estate,branch,2025-04-11T12:03,1,0.66,0,0,,0.24,normal
TXN-002445,CUST-0441,4270.08,USD,WIRE,France,France,cash_services,advisor,2026-01-09T23:19,1,0.19,0,0,,0.175,normal
TXN-002446,CUST-0396,9222132.28,USD,INTERNATIONAL_REMITTANCE,Singapore,Iran,cash_services,advisor,2026-03-13T14:41,5,52.41,1,0,R-002 high-risk jurisdiction|R-003 customer behavior deviation,0.99,suspicious
TXN-002447,CUST-0324,16.78,USD,INTERNATIONAL_REMITTANCE,Singapore,Brazil,consulting,mobile,2025-11-28T07:15,3,0.03,0,0,,0.406,normal
TXN-002448,CUST-0419,1165.68,USD,CARD,UAE,Turkey,import_export,branch,2025-09-19T06:42,3,0.19,0,0,,0.351,normal
TXN-002449,CUST-0083,712.35,USD,INTERNATIONAL_REMITTANCE,Mexico,Hong Kong,electronics,api,2025-09-19T05:41,2,0.19,0,0,,0.338,normal
TXN-002450,CUST-0242,317476.31,USD,CASH_PAYMENT,France,South Africa,luxury_goods,api,2025-04-25T03:35,3,84.34,1,1,R-003 customer behavior deviation,0.99,suspicious
TXN-002451,CUST-0241,350.38,USD,ACH,Brazil,Hong Kong,import_export,advisor,2026-01-26T01:08,2,0.05,0,0,,0.346,normal
TXN-002452,CUST-0031,140477.35,USD,CARD,Switzerland,Mexico,luxury_goods,advisor,2025-12-14T00:26,3,2.17,0,0,,0.4,normal
TXN-002453,CUST-0007,451.3,USD,WIRE,India,Switzerland,electronics,mobile,2025-06-24T15:53,2,0.16,0,0,,0.273,normal
TXN-002454,CUST-0473,366.84,USD,CHECK,UAE,Nigeria,charity,web,2025-07-02T06:03,4,0.2,1,0,R-002 high-risk jurisdiction,0.554,review
TXN-002455,CUST-0369,3585.38,USD,CARD,UAE,China,electronics,mobile,2026-03-08T20:36,3,0.67,1,0,,0.479,review
TXN-002456,CUST-0025,42905.72,USD,CARD,France,France,cash_services,api,2026-02-08T07:55,1,0.34,0,0,,0.218,normal
TXN-002457,CUST-0177,233504.62,USD,INTERNATIONAL_REMITTANCE,Cyprus,Nigeria,luxury_goods,advisor,2025-01-31T22:33,4,44.1,1,1,R-002 high-risk jurisdiction|R-003 customer behavior deviation,0.957,suspicious
TXN-002458,CUST-0444,14126.07,USD,CASH_PAYMENT,Canada,Brazil,electronics,web,2025-12-26T02:03,3,0.82,0,1,,0.749,suspicious
TXN-002459,CUST-0249,239.09,USD,CARD,India,UK,import_export,mobile,2025-03-19T08:20,1,0.4,0,0,,0.274,normal
TXN-002460,CUST-0498,771.07,USD,CARD,China,Turkey,electronics,mobile,2025-10-02T18:33,3,0.15,0,0,,0.304,normal
TXN-002461,CUST-0328,108.95,USD,CARD,Brazil,South Africa,import_export,branch,2026-01-31T05:29,3,0.09,0,0,,0.485,review
TXN-002462,CUST-0353,56951.53,USD,WIRE,France,Switzerland,cash_services,mobile,2025-04-18T23:21,2,0.26,0,0,,0.31,normal
TXN-002463,CUST-0334,787.99,USD,CARD,Cyprus,Cyprus,charity,advisor,2026-02-12T20:50,3,0.14,0,0,,0.346,normal
TXN-002464,CUST-0371,272.7,USD,CARD,UAE,UK,import_export,mobile,2025-01-01T13:22,1,0.04,0,1,,0.241,normal
TXN-002465,CUST-0124,215.95,USD,ACH,Switzerland,Nigeria,real_estate,web,2025-11-10T05:36,4,0.04,1,0,R-002 high-risk jurisdiction,0.535,review
TXN-002466,CUST-0460,2251.69,USD,CHECK,Germany,Germany,electronics,web,2025-01-15T06:55,1,0.37,0,0,,0.282,normal
TXN-002467,CUST-0082,433.5,USD,ACH,India,South Africa,import_export,advisor,2025-07-04T15:07,3,0.15,0,0,,0.408,normal
TXN-002468,CUST-0425,1742.42,USD,CHECK,Singapore,UK,import_export,branch,2025-03-30T18:25,1,0.21,0,0,,0.181,normal
TXN-002469,CUST-0275,117.52,USD,ACH,Brazil,Hong Kong,investment,mobile,2026-03-12T12:20,2,0.07,0,0,,0.474,review
TXN-002470,CUST-0091,2761.7,USD,CHECK,South Africa,South Africa,charity,api,2025-01-09T18:54,3,0.54,0,0,,0.363,normal
TXN-002471,CUST-0022,696826.26,USD,CRYPTO_TRANSFER,USA,Mexico,charity,branch,2025-12-25T13:49,3,18.4,1,1,R-003 customer behavior deviation|R-004 large crypto transfer|R-005 opaque merchant category,0.99,suspicious
TXN-002472,CUST-0026,244944.44,USD,CHECK,Switzerland,Brazil,electronics,branch,2025-05-11T22:15,3,1.34,0,0,,0.545,review
TXN-002473,CUST-0440,3878.6,USD,ACH,Singapore,Singapore,consulting,advisor,2026-03-05T10:51,1,0.06,0,0,,0.202,normal
TXN-002474,CUST-0149,346.6,USD,CHECK,India,Switzerland,real_estate,branch,2025-09-19T10:39,2,0.18,0,0,,0.41,normal
TXN-002475,CUST-0041,462170.53,USD,CASH_PAYMENT,Germany,Mexico,charity,branch,2026-04-02T00:12,3,67.14,1,1,R-003 customer behavior deviation|R-005 opaque merchant category,0.99,suspicious
TXN-002476,CUST-0303,1413787.07,USD,WIRE,China,Nigeria,unknown,web,2026-04-11T12:57,4,13.83,1,0,R-002 high-risk jurisdiction|R-003 customer behavior deviation|R-005 opaque merchant category,0.949,suspicious
TXN-002477,CUST-0069,936.93,USD,ACH,China,Switzerland,luxury_goods,mobile,2025-08-09T11:55,2,0.12,0,0,,0.226,normal
TXN-002478,CUST-0091,2160.87,USD,CHECK,France,UAE,real_estate,api,2025-11-25T00:31,2,0.42,0,0,,0.327,normal
TXN-002479,CUST-0388,663.98,USD,INTERNATIONAL_REMITTANCE,Cyprus,China,electronics,branch,2025-08-16T03:13,3,0.17,0,0,,0.362,normal
TXN-002480,CUST-0174,2771.93,USD,CHECK,Switzerland,Singapore,travel,web,2026-01-12T02:15,1,0.1,0,0,,0.221,normal
TXN-002481,CUST-0471,108.87,USD,CARD,Canada,Canada,import_export,mobile,2026-04-07T18:44,1,0.18,0,0,,0.14,normal
TXN-002482,CUST-0403,130.96,USD,INTERNATIONAL_REMITTANCE,Germany,Switzerland,import_export,api,2025-03-03T05:23,2,0.03,1,0,,0.42,normal
TXN-002483,CUST-0221,747.84,USD,CARD,USA,Germany,consulting,mobile,2025-01-28T08:25,1,0.34,0,0,,0.262,normal
TXN-002484,CUST-0353,16837.6,USD,WIRE,China,Switzerland,import_export,mobile,2025-09-16T09:36,2,0.08,0,0,,0.275,normal
TXN-002485,CUST-0389,36920.52,USD,ACH,Germany,Germany,import_export,mobile,2026-01-13T17:54,1,0.43,0,0,,0.251,normal
TXN-002486,CUST-0116,1092.91,USD,WIRE,Singapore,Singapore,investment,mobile,2026-02-20T00:41,1,0.18,0,0,,0.229,normal
TXN-002487,CUST-0030,215.17,USD,INTERNATIONAL_REMITTANCE,India,Germany,real_estate,web,2026-04-12T07:12,1,0.06,0,0,,0.221,normal
TXN-002488,CUST-0088,413134.93,USD,WIRE,Switzerland,Brazil,consulting,api,2025-10-21T23:34,3,57.21,1,1,R-003 customer behavior deviation|R-005 opaque merchant category,0.851,suspicious
TXN-002489,CUST-0055,950.62,USD,CARD,UK,Singapore,travel,web,2025-09-28T23:11,1,0.15,0,0,,0.248,normal
TXN-002490,CUST-0353,106282.8,USD,CHECK,Mexico,Mexico,consulting,web,2025-07-27T12:52,3,0.49,0,0,R-005 opaque merchant category,0.442,normal
TXN-002491,CUST-0227,268092.72,USD,CASH_PAYMENT,Cyprus,Iran,cash_services,api,2025-02-23T05:03,5,38.47,1,1,R-002 high-risk jurisdiction|R-003 customer behavior deviation,0.99,suspicious
TXN-002492,CUST-0055,407.79,USD,CARD,Switzerland,Singapore,consulting,advisor,2025-06-06T07:22,1,0.07,0,0,,0.209,normal
TXN-002493,CUST-0397,1101.57,USD,CHECK,USA,USA,luxury_goods,web,2025-08-03T19:08,1,0.14,0,0,,0.154,normal
TXN-002494,CUST-0287,3008.93,USD,ACH,Canada,Singapore,travel,api,2025-05-14T22:06,1,0.03,0,0,,0.261,normal
TXN-002495,CUST-0128,933.19,USD,CHECK,USA,France,charity,branch,2025-05-04T20:27,1,0.14,0,0,,0.185,normal
TXN-002496,CUST-0380,55.86,USD,CARD,Canada,Turkey,real_estate,branch,2025-05-11T21:08,3,0.05,0,0,,0.387,normal
TXN-002497,CUST-0251,19677.4,USD,WIRE,Turkey,Turkey,investment,web,2025-08-23T18:13,3,0.09,0,0,,0.371,normal
TXN-002498,CUST-0159,346.55,USD,CARD,Mexico,Hong Kong,consulting,mobile,2025-06-25T16:02,2,0.11,0,0,,0.265,normal
TXN-002499,CUST-0460,4665.68,USD,CARD,Canada,Canada,investment,mobile,2026-03-15T05:30,1,0.78,0,0,,0.278,normal
TXN-002500,CUST-0460,1608.62,USD,CARD,Canada,Germany,real_estate,advisor,2025-06-13T17:16,1,0.27,0,0,,0.227,normal
TXN-002501,CUST-0119,646.81,USD,CHECK,India,Canada,electronics,advisor,2026-04-23T03:46,1,0.12,0,0,,0.257,normal
TXN-002502,CUST-0198,796.79,USD,WIRE,India,India,cash_services,mobile,2025-11-16T21:53,2,0.16,0,1,,0.439,normal
TXN-002503,CUST-0261,410.59,USD,ACH,Brazil,France,import_export,branch,2025-02-21T23:44,1,0.22,1,0,,0.33,normal
TXN-002504,CUST-0287,29111.59,USD,INTERNATIONAL_REMITTANCE,Singapore,France,cash_services,mobile,2025-04-15T04:13,1,0.33,0,0,,0.264,normal
TXN-002505,CUST-0189,2545.87,USD,WIRE,Mexico,Switzerland,consulting,web,2025-01-03T02:01,2,0.38,0,0,,0.304,normal
TXN-002506,CUST-0140,77198.66,USD,CASH_PAYMENT,Turkey,Mexico,charity,web,2025-01-27T14:25,3,42.79,0,1,R-003 customer behavior deviation,0.874,suspicious
TXN-002507,CUST-0398,235264.91,USD,INTERNATIONAL_REMITTANCE,UAE,China,unknown,web,2025-09-26T05:30,3,70.34,1,1,R-003 customer behavior deviation|R-005 opaque merchant category,0.871,suspicious
TXN-002508,CUST-0288,115.67,USD,WIRE,Brazil,Brazil,luxury_goods,advisor,2025-02-28T21:54,3,0.1,0,0,,0.436,normal
TXN-002509,CUST-0246,2593.49,USD,CRYPTO_TRANSFER,South Africa,Turkey,import_export,web,2026-03-05T19:07,3,0.36,0,1,,0.582,review
TXN-002510,CUST-0482,929.07,USD,ACH,USA,USA,travel,mobile,2026-01-01T20:08,1,0.16,0,0,,0.148,normal
TXN-002511,CUST-0221,360.22,USD,CARD,USA,Germany,consulting,api,2025-12-25T00:41,1,0.17,0,0,,0.191,normal
TXN-002512,CUST-0494,389.87,USD,CHECK,UAE,Mexico,cash_services,api,2025-03-17T16:23,3,0.07,0,0,,0.421,normal
TXN-002513,CUST-0001,172.98,USD,INTERNATIONAL_REMITTANCE,Turkey,France,investment,web,2026-03-24T10:05,1,0.24,0,0,,0.16,normal
TXN-002514,CUST-0357,1238.12,USD,WIRE,India,South Africa,cash_services,branch,2025-08-25T13:34,3,0.22,0,0,,0.316,normal
TXN-002515,CUST-0443,2264.82,USD,INTERNATIONAL_REMITTANCE,USA,Turkey,real_estate,advisor,2025-09-19T10:32,3,0.28,1,0,,0.557,review
TXN-002516,CUST-0140,117.74,USD,INTERNATIONAL_REMITTANCE,Singapore,Singapore,charity,branch,2025-11-14T00:43,1,0.07,0,0,,0.194,normal
TXN-002517,CUST-0465,113430.99,USD,WIRE,India,Iran,real_estate,branch,2025-07-21T02:12,5,65.35,1,1,R-002 high-risk jurisdiction|R-003 customer behavior deviation,0.99,suspicious
TXN-002518,CUST-0016,3798.69,USD,CHECK,France,Singapore,electronics,api,2025-08-11T13:51,1,0.46,0,0,,0.383,normal
TXN-002519,CUST-0147,520.71,USD,ACH,France,France,consulting,api,2025-06-21T07:38,1,0.06,0,0,,0.202,normal
TXN-002520,CUST-0484,33382.21,USD,CHECK,Hong Kong,Hong Kong,cash_services,web,2025-04-06T03:57,2,0.14,0,0,,0.367,normal
TXN-002521,CUST-0398,2188.72,USD,CARD,USA,USA,real_estate,api,2025-03-03T01:01,1,0.65,0,0,,0.205,normal
TXN-002522,CUST-0377,251.6,USD,ACH,Cyprus,UK,import_export,branch,2025-09-30T16:49,1,0.11,0,0,,0.263,normal
TXN-002523,CUST-0137,116.69,USD,INTERNATIONAL_REMITTANCE,China,Iran,travel,mobile,2025-07-23T20:22,5,0.09,1,0,R-002 high-risk jurisdiction,0.597,review
TXN-002524,CUST-0205,942.48,USD,WIRE,Mexico,Mexico,real_estate,web,2026-02-14T20:02,3,0.15,0,0,,0.43,normal
TXN-002525,CUST-0229,97.98,USD,WIRE,France,France,luxury_goods,branch,2026-02-15T06:45,1,0.04,0,0,,0.211,normal
TXN-002526,CUST-0445,1661.25,USD,WIRE,UK,UK,luxury_goods,api,2025-04-12T09:10,1,0.52,0,0,,0.318,normal
TXN-002527,CUST-0046,9538.77,USD,INTERNATIONAL_REMITTANCE,Singapore,Germany,charity,web,2026-02-20T04:49,1,0.22,0,0,,0.201,normal
TXN-002528,CUST-0346,411.45,USD,CARD,UAE,UAE,import_export,branch,2025-05-07T15:16,2,0.05,0,0,,0.304,normal
TXN-002529,CUST-0486,4211.05,USD,CHECK,Canada,France,cash_services,branch,2025-05-08T00:16,1,0.55,0,0,,0.232,normal
TXN-002530,CUST-0267,208.73,USD,CHECK,Mexico,Singapore,real_estate,advisor,2025-01-09T06:34,1,0.1,0,0,,0.207,normal
TXN-002531,CUST-0365,988.64,USD,CARD,Switzerland,India,electronics,web,2025-04-24T11:38,2,0.13,0,0,,0.372,normal
TXN-002532,CUST-0266,985.03,USD,INTERNATIONAL_REMITTANCE,Singapore,Singapore,real_estate,mobile,2025-07-30T23:56,1,0.56,0,0,,0.219,normal
TXN-002533,CUST-0156,732.73,USD,ACH,Turkey,UAE,import_export,advisor,2025-07-23T05:25,2,0.27,0,0,,0.232,normal
TXN-002534,CUST-0419,2729.49,USD,CHECK,UAE,USA,real_estate,web,2025-07-19T00:09,1,0.46,0,0,,0.251,normal
TXN-002535,CUST-0077,159696.0,USD,WIRE,Mexico,Iran,consulting,advisor,2026-05-11T23:26,5,24.05,1,1,R-002 high-risk jurisdiction|R-003 customer behavior deviation|R-005 opaque merchant category,0.99,suspicious
TXN-002536,CUST-0367,147.42,USD,CARD,China,China,consulting,branch,2025-11-16T11:47,3,0.06,0,0,,0.39,normal
TXN-002537,CUST-0156,460.71,USD,ACH,UAE,UAE,investment,web,2025-07-17T04:55,2,0.17,0,0,,0.328,normal
TXN-002538,CUST-0362,1273.56,USD,ACH,Mexico,Brazil,luxury_goods,api,2026-04-03T18:51,3,0.33,0,0,,0.427,normal
TXN-002539,CUST-0198,2336.28,USD,ACH,Canada,India,cash_services,web,2025-06-14T18:34,2,0.47,0,0,,0.311,normal
TXN-002540,CUST-0259,3293.54,USD,ACH,India,Switzerland,charity,advisor,2025-05-19T21:37,2,1.11,0,0,,0.376,normal
TXN-002541,CUST-0143,1705.93,USD,INTERNATIONAL_REMITTANCE,Turkey,Canada,luxury_goods,advisor,2025-08-10T20:53,1,0.27,0,0,,0.227,normal
TXN-002542,CUST-0196,73.34,USD,CASH_PAYMENT,Turkey,Turkey,luxury_goods,mobile,2025-08-01T18:23,3,0.04,0,1,,0.498,review
TXN-002543,CUST-0413,28.84,USD,CHECK,USA,Mexico,cash_services,web,2026-02-25T01:07,3,0.01,0,0,,0.519,review
TXN-002544,CUST-0493,1424.12,USD,INTERNATIONAL_REMITTANCE,Canada,Canada,travel,web,2025-03-10T13:11,1,0.47,0,0,,0.229,normal
TXN-002545,CUST-0293,978.24,USD,INTERNATIONAL_REMITTANCE,South Africa,Brazil,charity,web,2025-01-16T07:24,3,0.12,0,0,,0.307,normal
TXN-002546,CUST-0123,10773.86,USD,INTERNATIONAL_REMITTANCE,UAE,India,investment,advisor,2025-08-05T21:50,2,0.05,0,0,,0.283,normal
TXN-002547,CUST-0382,383.1,USD,WIRE,Turkey,Turkey,investment,web,2025-09-18T08:32,3,0.16,0,0,,0.318,normal
TXN-002548,CUST-0240,159.13,USD,INTERNATIONAL_REMITTANCE,South Africa,Switzerland,charity,mobile,2026-04-23T09:38,2,0.04,0,0,,0.233,normal
TXN-002549,CUST-0167,5097.84,USD,CARD,Germany,Germany,cash_services,api,2025-08-22T15:34,1,0.06,0,0,,0.184,normal
TXN-002550,CUST-0229,702.99,USD,CHECK,France,South Africa,consulting,advisor,2025-01-18T07:45,3,0.27,0,0,,0.429,normal
TXN-002551,CUST-0098,24591.41,USD,CHECK,China,India,investment,mobile,2025-08-25T11:18,2,0.2,0,0,,0.329,normal
TXN-002552,CUST-0321,1696.01,USD,ACH,Brazil,Mexico,cash_services,api,2026-03-27T13:05,3,0.22,0,0,,0.398,normal
TXN-002553,CUST-0488,10615.22,USD,ACH,Cyprus,Switzerland,travel,mobile,2025-07-28T02:46,2,0.07,0,0,,0.477,review
TXN-002554,CUST-0365,2116.59,USD,CHECK,Switzerland,Switzerland,real_estate,advisor,2026-01-25T19:26,2,0.28,0,1,,0.403,normal
TXN-002555,CUST-0223,121.91,USD,WIRE,India,Switzerland,luxury_goods,web,2025-02-28T19:07,2,0.04,0,0,,0.297,normal
TXN-002556,CUST-0225,2681.23,USD,CHECK,UK,India,cash_services,mobile,2025-10-20T14:25,2,0.45,0,0,,0.293,normal
TXN-002557,CUST-0346,5924.37,USD,CARD,UAE,UAE,real_estate,api,2025-10-11T21:24,2,0.71,0,0,,0.301,normal
TXN-002558,CUST-0415,2028.54,USD,CARD,France,China,electronics,advisor,2025-08-02T20:20,3,0.24,0,0,,0.323,normal
TXN-002559,CUST-0094,8129.28,USD,INTERNATIONAL_REMITTANCE,Mexico,Mexico,electronics,advisor,2025-02-20T21:35,3,0.11,0,0,,0.475,review
TXN-002560,CUST-0344,1482.44,USD,CHECK,UAE,India,consulting,api,2025-08-05T11:55,2,0.63,0,0,,0.383,normal
TXN-002561,CUST-0066,47061.05,USD,CARD,South Africa,Canada,cash_services,advisor,2026-01-16T11:19,1,0.3,0,0,,0.231,normal
TXN-002562,CUST-0335,68429.28,USD,CHECK,Cyprus,British Virgin Islands,travel,api,2025-12-15T16:31,4,0.35,1,0,R-002 high-risk jurisdiction,0.586,review
TXN-002563,CUST-0109,91581.3,USD,ACH,Brazil,UK,investment,web,2025-12-07T02:22,1,1.02,0,0,,0.24,normal
TXN-002564,CUST-0363,1193.16,USD,INTERNATIONAL_REMITTANCE,China,Germany,import_export,mobile,2026-05-05T14:05,1,0.15,0,0,,0.137,normal
TXN-002565,CUST-0339,7051.14,USD,ACH,Turkey,Turkey,cash_services,advisor,2025-08-31T05:10,3,0.22,0,0,,0.476,review
TXN-002566,CUST-0460,2451.85,USD,CHECK,Germany,Canada,charity,branch,2025-06-28T06:43,1,0.41,0,0,,0.22,normal
TXN-002567,CUST-0434,10108.83,USD,CHECK,China,USA,charity,api,2026-01-09T00:21,1,0.13,0,0,,0.231,normal
TXN-002568,CUST-0287,42577.46,USD,INTERNATIONAL_REMITTANCE,Mexico,Canada,electronics,api,2026-05-01T14:10,1,0.48,0,0,,0.294,normal
TXN-002569,CUST-0495,662.48,USD,INTERNATIONAL_REMITTANCE,Hong Kong,Hong Kong,electronics,branch,2026-03-17T15:03,2,0.08,0,0,,0.297,normal
TXN-002570,CUST-0358,421.33,USD,INTERNATIONAL_REMITTANCE,France,Switzerland,investment,mobile,2025-11-30T13:26,2,0.06,0,0,,0.251,normal
TXN-002571,CUST-0075,692.08,USD,ACH,Switzerland,Brazil,import_export,web,2025-02-16T06:58,3,0.13,0,0,,0.405,normal
TXN-002572,CUST-0187,1346.48,USD,CARD,Germany,Mexico,electronics,advisor,2026-04-22T05:27,3,0.34,1,0,,0.48,review
TXN-002573,CUST-0322,279971.43,USD,CHECK,Hong Kong,Switzerland,travel,branch,2025-06-02T17:38,2,0.43,0,0,,0.295,normal
TXN-002574,CUST-0366,803.33,USD,WIRE,Singapore,Singapore,consulting,web,2025-10-09T06:14,1,0.01,0,0,,0.294,normal
TXN-002575,CUST-0482,183.84,USD,CHECK,UK,Canada,charity,advisor,2026-02-22T08:56,1,0.03,0,1,,0.269,normal
TXN-002576,CUST-0081,3278176.46,USD,WIRE,Switzerland,South Africa,consulting,branch,2025-09-04T02:51,3,41.94,1,1,R-003 customer behavior deviation|R-005 opaque merchant category,0.99,suspicious
TXN-002577,CUST-0380,73.73,USD,INTERNATIONAL_REMITTANCE,Canada,Turkey,electronics,web,2025-08-31T14:52,3,0.07,0,0,,0.371,normal
TXN-002578,CUST-0465,319.78,USD,CHECK,USA,Canada,travel,advisor,2025-12-09T00:52,1,0.18,0,0,,0.223,normal
TXN-002579,CUST-0460,2372.64,USD,CHECK,Germany,Germany,travel,mobile,2025-10-06T14:58,1,0.39,0,0,,0.237,normal
TXN-002580,CUST-0255,584580.99,USD,WIRE,UK,Cyprus,consulting,advisor,2026-04-28T05:20,3,66.73,1,0,R-003 customer behavior deviation|R-005 opaque merchant category,0.867,suspicious
TXN-002581,CUST-0341,1744.98,USD,ACH,Mexico,Turkey,import_export,mobile,2025-02-22T00:20,3,0.27,0,0,,0.416,normal
TXN-002582,CUST-0063,215.39,USD,CARD,Turkey,South Africa,investment,web,2025-10-05T03:47,3,0.04,1,0,,0.504,review
TXN-002583,CUST-0164,356.92,USD,INTERNATIONAL_REMITTANCE,Germany,Germany,consulting,web,2025-08-11T02:42,1,0.05,0,0,,0.395,normal
TXN-002584,CUST-0229,1043.66,USD,INTERNATIONAL_REMITTANCE,France,South Africa,electronics,web,2025-05-05T07:29,3,0.4,0,0,,0.374,normal
TXN-002585,CUST-0419,463.66,USD,CASH_PAYMENT,UAE,Panama,electronics,mobile,2025-09-15T03:54,4,0.08,1,1,R-002 high-risk jurisdiction,0.754,suspicious
TXN-002586,CUST-0039,226.44,USD,WIRE,Hong Kong,Germany,travel,branch,2025-03-01T20:29,1,0.07,0,0,,0.21,normal
TXN-002587,CUST-0164,925.04,USD,INTERNATIONAL_REMITTANCE,Germany,Hong Kong,cash_services,web,2025-05-01T13:59,2,0.12,0,0,,0.451,review
TXN-002588,CUST-0293,2201.0,USD,WIRE,India,South Africa,charity,api,2025-08-12T12:27,3,0.28,0,0,,0.313,normal
TXN-002589,CUST-0226,105.32,USD,ACH,UAE,Switzerland,travel,web,2025-03-01T08:21,2,0.18,0,0,,0.22,normal
TXN-002590,CUST-0324,61.9,USD,CHECK,Switzerland,Turkey,travel,mobile,2025-06-23T16:20,3,0.1,1,0,,0.49,review
TXN-002591,CUST-0245,400.85,USD,CARD,Hong Kong,USA,travel,api,2026-04-08T02:28,1,0.06,0,0,,0.279,normal
TXN-002592,CUST-0470,31606.67,USD,INTERNATIONAL_REMITTANCE,Germany,Turkey,investment,advisor,2026-04-16T02:02,3,0.42,0,0,,0.335,normal
TXN-002593,CUST-0007,364.35,USD,WIRE,Singapore,India,travel,branch,2025-10-20T07:38,2,0.13,0,0,,0.298,normal
TXN-002594,CUST-0474,408.37,USD,CARD,UK,China,charity,mobile,2026-04-26T01:53,3,0.06,0,0,,0.427,normal
TXN-002595,CUST-0391,58561.83,USD,ACH,China,Hong Kong,import_export,web,2025-10-20T13:30,2,0.09,0,0,,0.364,normal
TXN-002596,CUST-0081,19079.81,USD,INTERNATIONAL_REMITTANCE,Switzerland,France,travel,api,2025-09-16T22:14,1,0.24,0,0,,0.353,normal
TXN-002597,CUST-0075,373.07,USD,CARD,Germany,Germany,import_export,mobile,2025-05-07T14:55,1,0.07,0,1,,0.336,normal
TXN-002598,CUST-0211,10364556.84,USD,INTERNATIONAL_REMITTANCE,Hong Kong,China,consulting,api,2026-02-09T01:53,3,47.46,1,0,R-003 customer behavior deviation|R-005 opaque merchant category,0.99,suspicious
TXN-002599,CUST-0150,1158.8,USD,ACH,UAE,Hong Kong,real_estate,branch,2026-04-21T15:04,2,0.14,0,0,,0.326,normal
TXN-002600,CUST-0364,2457.73,USD,CARD,China,Singapore,charity,api,2025-06-20T21:12,1,0.5,0,0,,0.218,normal
TXN-002601,CUST-0041,1013.58,USD,CHECK,Germany,Germany,consulting,mobile,2025-10-11T03:05,1,0.15,0,0,,0.259,normal
TXN-002602,CUST-0303,43559.85,USD,INTERNATIONAL_REMITTANCE,China,Switzerland,charity,web,2025-07-06T06:40,2,0.43,0,0,,0.383,normal
TXN-002603,CUST-0174,4332.02,USD,ACH,Singapore,Switzerland,travel,branch,2026-02-13T06:28,2,0.16,0,0,,0.384,normal
TXN-002604,CUST-0210,883.02,USD,ACH,USA,Hong Kong,import_export,mobile,2026-02-05T00:57,2,0.15,0,0,,0.329,normal
TXN-002605,CUST-0094,4695.84,USD,INTERNATIONAL_REMITTANCE,Switzerland,Switzerland,real_estate,web,2025-08-31T03:31,2,0.07,0,0,,0.368,normal
TXN-002606,CUST-0002,343.98,USD,INTERNATIONAL_REMITTANCE,Turkey,Turkey,import_export,api,2025-12-16T17:07,3,0.15,0,0,,0.338,normal
TXN-002607,CUST-0441,13749.95,USD,WIRE,China,China,travel,api,2025-01-24T13:37,3,0.61,0,0,,0.373,normal
TXN-002608,CUST-0191,982.34,USD,CASH_PAYMENT,Mexico,Cyprus,real_estate,web,2025-06-13T21:48,3,0.12,0,1,,0.657,review
TXN-002609,CUST-0227,1662.57,USD,CHECK,Cyprus,Singapore,import_export,branch,2026-02-17T11:06,1,0.24,0,0,,0.203,normal
TXN-002610,CUST-0078,16871.53,USD,INTERNATIONAL_REMITTANCE,China,Brazil,investment,advisor,2025-05-28T03:53,3,0.16,0,0,,0.345,normal
TXN-002611,CUST-0147,82721.29,USD,WIRE,China,Brazil,luxury_goods,web,2025-07-14T00:28,3,10.04,1,1,R-003 customer behavior deviation,0.74,suspicious
TXN-002612,CUST-0061,1007.41,USD,INTERNATIONAL_REMITTANCE,France,France,charity,branch,2025-01-09T09:24,1,0.22,0,0,,0.203,normal
TXN-002613,CUST-0336,798.84,USD,CHECK,Switzerland,Switzerland,electronics,branch,2026-04-20T22:12,2,0.09,0,0,,0.289,normal
TXN-002614,CUST-0311,1638.52,USD,INTERNATIONAL_REMITTANCE,South Africa,Cyprus,electronics,mobile,2025-10-15T07:25,3,0.22,0,0,,0.588,review
TXN-002615,CUST-0250,78849.0,USD,WIRE,UK,Turkey,cash_services,branch,2025-09-26T07:32,3,19.0,1,0,R-003 customer behavior deviation,0.81,suspicious
TXN-002616,CUST-0034,1261.38,USD,CARD,Germany,Hong Kong,investment,advisor,2026-01-09T01:11,2,0.23,0,0,,0.462,review
TXN-002617,CUST-0109,63917.48,USD,CARD,South Africa,South Africa,cash_services,api,2025-03-26T10:47,3,0.71,0,0,,0.405,normal
TXN-002618,CUST-0006,493.78,USD,ACH,Germany,Switzerland,real_estate,mobile,2026-02-27T00:28,2,0.08,0,0,,0.336,normal
TXN-002619,CUST-0257,502.94,USD,ACH,Cyprus,Cyprus,investment,web,2025-07-15T08:36,3,0.06,0,0,,0.466,review
TXN-002620,CUST-0475,2961.02,USD,WIRE,Hong Kong,Hong Kong,real_estate,api,2025-08-14T13:44,2,0.52,0,0,,0.288,normal
TXN-002621,CUST-0232,2096.85,USD,CRYPTO_TRANSFER,Mexico,Germany,consulting,advisor,2025-05-24T12:25,1,0.27,0,1,,0.321,normal
TXN-002622,CUST-0031,18949.46,USD,CRYPTO_TRANSFER,Mexico,Mexico,travel,branch,2025-02-18T14:28,3,0.29,0,1,,0.522,review
TXN-002623,CUST-0143,706.55,USD,ACH,Turkey,Turkey,travel,branch,2025-08-09T08:55,3,0.11,0,0,,0.372,normal
TXN-002624,CUST-0177,883.36,USD,CHECK,UAE,UK,consulting,web,2025-12-04T22:58,1,0.17,0,0,,0.221,normal
TXN-002625,CUST-0409,3468.85,USD,CHECK,France,Turkey,charity,branch,2025-08-16T08:24,3,0.48,0,0,,0.399,normal
TXN-002626,CUST-0477,3245.31,USD,INTERNATIONAL_REMITTANCE,India,Singapore,electronics,web,2026-03-09T09:13,1,0.68,0,0,,0.266,normal
TXN-002627,CUST-0088,516.15,USD,ACH,Singapore,India,import_export,branch,2025-03-15T14:41,2,0.07,0,0,,0.281,normal
TXN-002628,CUST-0426,10586610.58,USD,WIRE,UK,Cayman Islands,luxury_goods,api,2025-10-22T22:46,4,50.34,1,0,R-002 high-risk jurisdiction|R-003 customer behavior deviation,0.907,suspicious
TXN-002629,CUST-0477,418921.64,USD,CRYPTO_TRANSFER,France,Turkey,consulting,advisor,2025-07-08T13:43,3,87.26,1,1,R-003 customer behavior deviation|R-004 large crypto transfer|R-005 opaque merchant category,0.99,suspicious
TXN-002630,CUST-0258,1167.34,USD,WIRE,France,Switzerland,cash_services,mobile,2025-03-19T13:21,2,0.17,0,0,,0.262,normal
TXN-002631,CUST-0158,296587.26,USD,CRYPTO_TRANSFER,Canada,Russia,unknown,advisor,2026-01-11T08:28,5,61.44,1,1,R-002 high-risk jurisdiction|R-003 customer behavior deviation|R-004 large crypto transfer|R-005 opaque merchant category,0.99,suspicious
TXN-002632,CUST-0241,172882.85,USD,INTERNATIONAL_REMITTANCE,Hong Kong,British Virgin Islands,cash_services,web,2026-04-14T14:39,4,26.03,1,1,R-002 high-risk jurisdiction|R-003 customer behavior deviation,0.99,suspicious
TXN-002633,CUST-0223,354.62,USD,WIRE,Turkey,India,import_export,api,2025-11-24T15:37,2,0.1,0,0,,0.348,normal
TXN-002634,CUST-0299,2481.7,USD,CHECK,Turkey,Hong Kong,cash_services,api,2025-11-23T16:53,2,0.44,0,0,,0.221,normal
TXN-002635,CUST-0444,5322.87,USD,CARD,USA,Turkey,electronics,mobile,2026-04-05T14:59,3,0.31,0,1,,0.695,suspicious
TXN-002636,CUST-0108,984.59,USD,INTERNATIONAL_REMITTANCE,USA,Germany,import_export,advisor,2025-04-07T06:48,1,0.16,0,0,,0.164,normal
TXN-002637,CUST-0164,11007.77,USD,INTERNATIONAL_REMITTANCE,Cyprus,Cyprus,import_export,web,2025-03-22T08:31,3,1.4,0,0,,0.562,review
TXN-002638,CUST-0276,80323.59,USD,CRYPTO_TRANSFER,Switzerland,China,charity,api,2025-02-26T12:04,3,15.13,1,1,R-003 customer behavior deviation,0.979,suspicious
TXN-002639,CUST-0454,56081.28,USD,ACH,UAE,Hong Kong,travel,branch,2025-01-12T22:59,2,0.08,1,0,,0.547,review
TXN-002640,CUST-0219,35826.14,USD,CRYPTO_TRANSFER,Switzerland,British Virgin Islands,consulting,advisor,2025-05-29T13:33,4,40.72,1,1,R-002 high-risk jurisdiction|R-003 customer behavior deviation,0.99,suspicious
TXN-002641,CUST-0073,749.89,USD,ACH,France,UAE,real_estate,api,2025-06-22T01:28,2,0.16,0,0,,0.346,normal
TXN-002642,CUST-0065,6357359.75,USD,CASH_PAYMENT,Canada,Panama,cash_services,api,2026-04-01T19:51,4,50.0,1,1,R-001 high-value cash payment|R-002 high-risk jurisdiction|R-003 customer behavior deviation,0.99,suspicious
TXN-002643,CUST-0334,93977.01,USD,CASH_PAYMENT,UAE,China,unknown,branch,2025-11-25T12:04,3,16.56,1,1,R-003 customer behavior deviation,0.978,suspicious
TXN-002644,CUST-0490,96.53,USD,WIRE,South Africa,South Africa,import_export,api,2026-04-23T05:35,3,0.02,0,0,,0.348,normal
TXN-002645,CUST-0022,2593.85,USD,WIRE,India,India,luxury_goods,advisor,2026-04-13T01:46,2,0.07,0,0,,0.393,normal
TXN-002646,CUST-0405,211.09,USD,CARD,South Africa,India,consulting,api,2026-04-03T22:17,2,0.13,0,0,,0.32,normal
TXN-002647,CUST-0268,5065.7,USD,WIRE,Cyprus,Cyprus,travel,branch,2025-03-20T20:20,3,0.61,0,0,,0.417,normal
TXN-002648,CUST-0107,653.13,USD,INTERNATIONAL_REMITTANCE,France,UAE,charity,web,2025-12-17T10:05,2,0.23,0,0,,0.306,normal
TXN-002649,CUST-0453,715.43,USD,INTERNATIONAL_REMITTANCE,China,Singapore,import_export,api,2025-01-30T16:13,1,0.11,0,0,,0.24,normal
TXN-002650,CUST-0426,56194.42,USD,ACH,UK,UK,travel,web,2025-05-24T11:28,1,0.27,0,0,,0.226,normal
TXN-002651,CUST-0277,3291.53,USD,ACH,Switzerland,Switzerland,luxury_goods,api,2025-11-19T02:39,2,0.17,0,0,,0.396,normal
TXN-002652,CUST-0393,949.12,USD,ACH,China,UAE,electronics,api,2025-01-10T03:56,2,0.22,0,0,,0.254,normal
TXN-002653,CUST-0160,22.4,USD,WIRE,Brazil,Brazil,luxury_goods,api,2026-02-19T13:04,3,0.03,0,0,,0.304,normal
TXN-002654,CUST-0291,393.14,USD,CARD,Mexico,Mexico,consulting,branch,2026-04-08T18:45,3,0.07,0,0,,0.391,normal
TXN-002655,CUST-0098,1260328.99,USD,INTERNATIONAL_REMITTANCE,China,Cayman Islands,unknown,branch,2025-06-12T15:52,4,10.42,1,0,R-002 high-risk jurisdiction|R-003 customer behavior deviation|R-005 opaque merchant category,0.816,suspicious
TXN-002656,CUST-0129,81910.38,USD,WIRE,Brazil,China,unknown,branch,2025-11-03T00:23,3,69.8,1,0,R-003 customer behavior deviation,0.762,suspicious
TXN-002657,CUST-0425,482.11,USD,CARD,Singapore,UK,charity,api,2025-11-03T12:35,1,0.06,0,0,,0.14,normal
TXN-002658,CUST-0410,553.67,USD,WIRE,USA,China,electronics,advisor,2025-02-20T01:51,3,0.13,0,0,,0.517,review
TXN-002659,CUST-0168,389.9,USD,CARD,Switzerland,UAE,cash_services,api,2025-02-11T22:40,2,0.06,0,0,,0.24,normal
TXN-002660,CUST-0023,569.38,USD,WIRE,UAE,UAE,luxury_goods,web,2025-03-04T10:46,2,0.07,0,0,,0.3,normal
TXN-002661,CUST-0484,291071.83,USD,INTERNATIONAL_REMITTANCE,Hong Kong,Germany,cash_services,branch,2025-06-12T03:52,1,1.25,1,0,,0.414,normal
TXN-002662,CUST-0133,7123.37,USD,CHECK,Switzerland,UK,electronics,web,2025-04-22T02:32,1,0.11,0,0,,0.325,normal
TXN-002663,CUST-0479,233.6,USD,CARD,UK,Brazil,travel,web,2025-10-05T12:00,3,0.07,1,0,,0.454,review
TXN-002664,CUST-0417,12430170.65,USD,CASH_PAYMENT,France,Cayman Islands,cash_services,advisor,2025-08-25T00:59,4,26.6,1,1,R-001 high-value cash payment|R-002 high-risk jurisdiction|R-003 customer behavior deviation,0.99,suspicious
TXN-002665,CUST-0106,362.81,USD,WIRE,Switzerland,Switzerland,luxury_goods,api,2026-04-26T08:20,2,0.08,0,0,,0.322,normal
TXN-002666,CUST-0241,305.92,USD,CHECK,Brazil,Brazil,consulting,web,2026-02-04T13:36,3,0.05,0,0,,0.407,normal
TXN-002667,CUST-0364,493.3,USD,CARD,South Africa,South Africa,charity,web,2026-01-26T23:30,3,0.1,0,0,,0.354,normal
TXN-002668,CUST-0492,5192.87,USD,CARD,South Africa,Turkey,luxury_goods,mobile,2026-05-03T02:07,3,0.12,0,0,,0.466,review
TXN-002669,CUST-0459,4493.07,USD,CARD,Switzerland,Singapore,investment,api,2025-09-23T20:23,1,0.05,0,1,,0.331,normal
TXN-002670,CUST-0051,18682.71,USD,ACH,UAE,Turkey,real_estate,mobile,2025-05-27T14:29,3,0.13,0,0,,0.321,normal
TXN-002671,CUST-0097,38746.15,USD,ACH,Singapore,Singapore,real_estate,web,2025-12-20T07:16,1,0.28,0,0,,0.44,normal
TXN-002672,CUST-0476,425.32,USD,CARD,Hong Kong,Hong Kong,import_export,api,2025-11-24T16:30,2,0.1,0,0,,0.33,normal
TXN-002673,CUST-0296,28352.38,USD,ACH,Mexico,Mexico,consulting,branch,2025-12-23T22:59,3,0.32,0,0,,0.373,normal
TXN-002674,CUST-0440,15613.41,USD,ACH,France,France,cash_services,web,2025-08-10T20:34,1,0.25,0,0,,0.227,normal
TXN-002675,CUST-0049,1271.8,USD,WIRE,Canada,Germany,travel,api,2025-05-11T00:08,1,0.17,0,0,,0.247,normal
TXN-002676,CUST-0110,7372.25,USD,WIRE,Brazil,USA,travel,advisor,2025-10-17T00:43,1,0.18,0,0,,0.265,normal
TXN-002677,CUST-0404,12237.39,USD,ACH,USA,USA,cash_services,web,2025-07-19T13:35,1,0.1,0,0,,0.282,normal
TXN-002678,CUST-0204,139501.35,USD,ACH,Mexico,Cyprus,real_estate,branch,2026-03-18T09:11,3,0.41,0,0,,0.535,review
TXN-002679,CUST-0354,3486.8,USD,WIRE,Hong Kong,Nigeria,investment,advisor,2025-07-21T17:08,4,0.91,1,0,R-002 high-risk jurisdiction,0.628,review
TXN-002680,CUST-0046,1537.61,USD,CHECK,Singapore,Germany,luxury_goods,advisor,2025-04-18T08:14,1,0.04,0,0,,0.297,normal
TXN-002681,CUST-0095,261.26,USD,WIRE,Switzerland,Germany,real_estate,api,2025-03-31T23:31,1,0.16,0,0,,0.19,normal
TXN-002682,CUST-0060,219.66,USD,CHECK,China,Brazil,luxury_goods,mobile,2025-06-11T22:12,3,0.11,0,0,,0.415,normal
TXN-002683,CUST-0359,890.64,USD,ACH,Cyprus,Brazil,consulting,branch,2025-06-25T01:43,3,0.62,0,0,,0.451,review
TXN-002684,CUST-0340,11701.21,USD,CARD,USA,USA,travel,advisor,2025-12-19T23:20,1,0.22,0,0,,0.315,normal
TXN-002685,CUST-0254,10334.41,USD,CARD,Turkey,Turkey,luxury_goods,api,2025-09-24T21:23,3,0.1,0,0,,0.361,normal
TXN-002686,CUST-0492,3651.32,USD,WIRE,Hong Kong,Hong Kong,real_estate,branch,2025-09-01T11:12,2,0.08,0,0,,0.331,normal
TXN-002687,CUST-0485,992.32,USD,CHECK,Mexico,British Virgin Islands,charity,mobile,2026-02-26T04:18,4,0.12,1,0,R-002 high-risk jurisdiction,0.526,review
TXN-002688,CUST-0439,372.4,USD,INTERNATIONAL_REMITTANCE,UAE,India,consulting,branch,2025-10-27T03:34,2,0.04,0,0,,0.23,normal
TXN-002689,CUST-0007,387.81,USD,ACH,Switzerland,Switzerland,import_export,api,2025-03-13T12:49,2,0.14,0,0,,0.343,normal
TXN-002690,CUST-0265,670735.68,USD,CRYPTO_TRANSFER,Switzerland,China,luxury_goods,advisor,2025-02-24T21:19,3,89.62,1,1,R-003 customer behavior deviation|R-004 large crypto transfer,0.98,suspicious
TXN-002691,CUST-0474,1150.06,USD,CARD,UK,France,investment,advisor,2025-08-16T21:46,1,0.18,0,0,,0.21,normal
TXN-002692,CUST-0333,1098.98,USD,CARD,Hong Kong,Turkey,consulting,branch,2025-07-22T05:46,3,0.26,0,0,,0.439,normal
TXN-002693,CUST-0188,475.25,USD,WIRE,France,UAE,real_estate,advisor,2026-02-03T17:26,2,0.12,0,0,,0.309,normal
TXN-002694,CUST-0285,1023.76,USD,INTERNATIONAL_REMITTANCE,UK,UK,consulting,advisor,2025-09-04T20:11,1,0.24,0,0,,0.254,normal
TXN-002695,CUST-0392,5709.17,USD,INTERNATIONAL_REMITTANCE,China,Cyprus,consulting,api,2025-06-14T08:00,3,0.11,0,0,,0.532,review
TXN-002696,CUST-0018,304.58,USD,INTERNATIONAL_REMITTANCE,Mexico,Turkey,charity,api,2025-02-16T03:24,3,0.05,0,0,,0.391,normal
TXN-002697,CUST-0036,9650.9,USD,CHECK,Hong Kong,Cyprus,consulting,mobile,2025-04-28T16:38,3,0.12,0,0,,0.434,normal
TXN-002698,CUST-0040,1216.14,USD,WIRE,UAE,Turkey,luxury_goods,advisor,2026-04-04T00:29,3,0.16,0,0,,0.316,normal
TXN-002699,CUST-0471,35.38,USD,INTERNATIONAL_REMITTANCE,Cyprus,Mexico,consulting,api,2025-06-02T14:43,3,0.06,0,0,,0.356,normal
TXN-002700,CUST-0478,33400.7,USD,CHECK,UAE,UAE,cash_services,api,2025-03-08T00:49,2,0.14,0,0,,0.462,review
TXN-002701,CUST-0082,298.0,USD,INTERNATIONAL_REMITTANCE,South Africa,South Africa,investment,web,2025-10-19T20:37,3,0.1,0,0,,0.486,review
TXN-002702,CUST-0405,112.88,USD,ACH,India,British Virgin Islands,cash_services,web,2026-02-27T15:15,4,0.07,1,0,R-002 high-risk jurisdiction,0.577,review
TXN-002703,CUST-0095,50941.3,USD,WIRE,Switzerland,Panama,consulting,branch,2025-08-03T16:31,4,31.74,1,0,R-002 high-risk jurisdiction|R-003 customer behavior deviation,0.937,suspicious
TXN-002704,CUST-0144,4613885.03,USD,CASH_PAYMENT,China,Panama,real_estate,advisor,2026-02-14T10:47,4,71.9,1,1,R-002 high-risk jurisdiction|R-003 customer behavior deviation,0.99,suspicious
TXN-002705,CUST-0306,2220.66,USD,WIRE,Brazil,Germany,real_estate,branch,2026-02-06T09:16,1,0.38,0,0,,0.27,normal
TXN-002706,CUST-0184,275.74,USD,INTERNATIONAL_REMITTANCE,Singapore,Turkey,import_export,api,2025-06-01T18:16,3,0.06,0,0,,0.421,normal
TXN-002707,CUST-0180,139.46,USD,CHECK,Canada,UAE,electronics,api,2025-06-11T15:08,2,0.14,0,0,,0.553,review
TXN-002708,CUST-0043,521.28,USD,INTERNATIONAL_REMITTANCE,Cyprus,Cyprus,luxury_goods,branch,2026-02-10T13:06,3,0.19,0,0,,0.337,normal
TXN-002709,CUST-0349,11452.29,USD,CARD,USA,France,real_estate,api,2025-05-12T02:25,1,0.13,0,0,,0.265,normal
TXN-002710,CUST-0351,2996.17,USD,WIRE,Mexico,Hong Kong,charity,branch,2025-12-25T08:26,2,0.59,0,0,,0.267,normal
TXN-002711,CUST-0235,6125.93,USD,INTERNATIONAL_REMITTANCE,Switzerland,Germany,consulting,web,2025-10-31T14:18,1,0.06,1,0,,0.345,normal
TXN-002712,CUST-0390,1035.43,USD,CHECK,Germany,South Africa,import_export,mobile,2026-03-20T03:00,3,0.18,0,0,,0.471,review
TXN-002713,CUST-0408,799.01,USD,WIRE,Brazil,Panama,luxury_goods,advisor,2026-01-19T11:04,4,0.15,1,0,R-002 high-risk jurisdiction,0.623,review
TXN-002714,CUST-0048,94.04,USD,WIRE,Germany,Iran,consulting,branch,2025-06-23T18:34,5,0.02,1,1,R-002 high-risk jurisdiction,0.827,suspicious
TXN-002715,CUST-0208,2545.35,USD,CARD,Hong Kong,Hong Kong,cash_services,mobile,2025-12-08T21:47,2,0.22,0,0,,0.349,normal
TXN-002716,CUST-0245,504.33,USD,CARD,USA,Mexico,consulting,mobile,2025-06-29T03:48,3,0.07,1,0,,0.533,review
TXN-002717,CUST-0438,24553.12,USD,CARD,Hong Kong,Cyprus,real_estate,branch,2025-03-03T20:31,3,0.18,0,0,,0.334,normal
TXN-002718,CUST-0187,1164.28,USD,ACH,China,China,cash_services,advisor,2025-09-29T12:07,3,0.29,0,0,,0.351,normal
TXN-002719,CUST-0439,1558.41,USD,CARD,China,China,electronics,advisor,2025-01-24T22:34,3,0.19,0,0,,0.319,normal
TXN-002720,CUST-0143,984.99,USD,ACH,Turkey,Turkey,cash_services,api,2025-03-11T12:27,3,0.16,0,0,,0.459,review
TXN-002721,CUST-0384,592616.09,USD,WIRE,Hong Kong,Turkey,unknown,api,2025-01-19T21:50,3,12.27,1,0,R-003 customer behavior deviation|R-005 opaque merchant category,0.871,suspicious
TXN-002722,CUST-0318,15717.05,USD,INTERNATIONAL_REMITTANCE,China,Singapore,cash_services,mobile,2026-05-02T09:07,1,0.38,0,0,,0.326,normal
TXN-002723,CUST-0282,8077.71,USD,WIRE,Singapore,Canada,charity,api,2026-02-28T11:32,1,0.12,0,0,,0.297,normal
TXN-002724,CUST-0498,638.24,USD,CARD,China,Turkey,luxury_goods,api,2025-09-01T13:16,3,0.12,0,0,,0.371,normal
TXN-002725,CUST-0345,602.77,USD,INTERNATIONAL_REMITTANCE,China,Brazil,electronics,api,2025-05-01T13:59,3,0.18,0,0,,0.409,normal
TXN-002726,CUST-0416,80007.19,USD,ACH,India,Mexico,consulting,advisor,2025-12-21T12:18,3,0.34,0,0,,0.341,normal
TXN-002727,CUST-0492,6306.97,USD,INTERNATIONAL_REMITTANCE,Turkey,Turkey,consulting,mobile,2025-02-24T14:20,3,0.15,0,0,,0.509,review
TXN-002728,CUST-0289,670.39,USD,INTERNATIONAL_REMITTANCE,Mexico,Nigeria,luxury_goods,api,2025-11-07T06:00,4,0.2,1,0,R-002 high-risk jurisdiction,0.539,review
TXN-002729,CUST-0051,8338.14,USD,WIRE,UAE,Mexico,investment,mobile,2025-12-09T01:34,3,0.06,0,0,,0.291,normal
TXN-002730,CUST-0033,5745.25,USD,INTERNATIONAL_REMITTANCE,Turkey,Cyprus,consulting,api,2025-04-02T14:45,3,0.73,0,0,,0.509,review
TXN-002731,CUST-0367,1133.02,USD,WIRE,China,Germany,travel,advisor,2025-11-10T04:01,1,0.49,0,0,,0.151,normal
TXN-002732,CUST-0356,2661.3,USD,ACH,Switzerland,Turkey,luxury_goods,advisor,2025-08-25T20:27,3,0.4,0,0,,0.426,normal
TXN-002733,CUST-0135,1847.13,USD,CHECK,Mexico,UAE,investment,mobile,2025-11-05T13:08,2,0.12,1,0,,0.692,suspicious
TXN-002734,CUST-0349,17504.92,USD,CHECK,USA,USA,cash_services,mobile,2026-03-27T23:04,1,0.19,0,0,,0.28,normal
TXN-002735,CUST-0147,1461.77,USD,CARD,France,China,charity,branch,2026-02-22T06:07,3,0.18,0,0,,0.385,normal
TXN-002736,CUST-0244,1320.86,USD,CHECK,Turkey,Turkey,travel,mobile,2026-05-01T11:15,3,0.22,0,0,,0.325,normal
TXN-002737,CUST-0081,15918.33,USD,INTERNATIONAL_REMITTANCE,Switzerland,Singapore,charity,advisor,2025-03-15T13:28,1,0.2,0,0,,0.363,normal
TXN-002738,CUST-0368,650.94,USD,INTERNATIONAL_REMITTANCE,USA,USA,import_export,mobile,2025-08-15T05:39,1,0.35,0,0,,0.243,normal
TXN-002739,CUST-0246,2377.13,USD,ACH,South Africa,Brazil,luxury_goods,api,2026-03-20T21:10,3,0.33,0,0,,0.432,normal
TXN-002740,CUST-0196,586.68,USD,INTERNATIONAL_REMITTANCE,USA,USA,investment,mobile,2025-01-11T09:00,1,0.33,0,0,,0.145,normal
TXN-002741,CUST-0459,6361545.87,USD,CASH_PAYMENT,Singapore,China,unknown,web,2025-05-08T23:29,3,73.48,1,1,R-001 high-value cash payment|R-003 customer behavior deviation|R-005 opaque merchant category,0.99,suspicious
TXN-002742,CUST-0029,8753.54,USD,INTERNATIONAL_REMITTANCE,UAE,France,travel,mobile,2025-01-16T02:41,1,0.08,0,0,,0.43,normal
TXN-002743,CUST-0190,7413.94,USD,WIRE,UAE,UAE,cash_services,mobile,2025-12-22T01:34,2,0.17,0,1,,0.49,review
TXN-002744,CUST-0367,141198.85,USD,WIRE,Switzerland,Brazil,luxury_goods,web,2025-07-04T14:09,3,61.45,1,0,R-003 customer behavior deviation,0.871,suspicious
TXN-002745,CUST-0411,161.62,USD,WIRE,Singapore,Canada,cash_services,mobile,2025-02-12T00:11,1,0.1,0,0,,0.159,normal
TXN-002746,CUST-0452,543.27,USD,CASH_PAYMENT,Singapore,Singapore,investment,web,2025-08-01T02:38,1,0.2,0,1,,0.364,normal
TXN-002747,CUST-0196,1030.48,USD,CARD,Turkey,UK,consulting,branch,2025-06-24T18:31,1,0.58,1,0,,0.347,normal
TXN-002748,CUST-0428,700.75,USD,WIRE,India,India,travel,web,2025-02-12T10:46,2,0.16,0,1,,0.415,normal
TXN-002749,CUST-0473,26515.97,USD,INTERNATIONAL_REMITTANCE,UAE,Turkey,charity,branch,2025-07-27T20:29,3,14.56,1,1,R-003 customer behavior deviation,0.892,suspicious
TXN-002750,CUST-0410,2917.77,USD,INTERNATIONAL_REMITTANCE,India,USA,import_export,web,2025-07-12T05:06,1,0.67,0,0,,0.358,normal
TXN-002751,CUST-0180,28579.64,USD,WIRE,Canada,British Virgin Islands,consulting,advisor,2025-07-18T20:09,4,28.24,1,1,R-002 high-risk jurisdiction|R-003 customer behavior deviation,0.99,suspicious
TXN-002752,CUST-0340,8784.07,USD,INTERNATIONAL_REMITTANCE,Cyprus,Brazil,import_export,branch,2025-09-13T17:01,3,0.17,0,0,,0.422,normal
TXN-002753,CUST-0060,503.98,USD,WIRE,USA,USA,cash_services,branch,2025-07-01T16:43,1,0.25,0,1,,0.284,normal
TXN-002754,CUST-0088,2109.16,USD,INTERNATIONAL_REMITTANCE,India,Canada,consulting,branch,2026-01-18T04:41,1,0.29,1,0,,0.314,normal
TXN-002755,CUST-0474,442.09,USD,CARD,UK,UK,investment,web,2025-06-18T04:13,1,0.07,0,0,,0.201,normal
TXN-002756,CUST-0343,5806.96,USD,ACH,Canada,Switzerland,consulting,branch,2025-05-11T02:08,2,0.1,0,0,,0.274,normal
TXN-002757,CUST-0289,282.43,USD,ACH,Mexico,Canada,real_estate,advisor,2025-12-01T00:21,1,0.09,1,0,,0.26,normal
TXN-002758,CUST-0274,235487.64,USD,WIRE,Turkey,Mexico,charity,advisor,2026-04-23T07:42,3,27.5,1,0,R-003 customer behavior deviation|R-005 opaque merchant category,0.874,suspicious
TXN-002759,CUST-0334,517.97,USD,CHECK,Cyprus,UAE,travel,branch,2025-01-15T16:52,2,0.09,0,0,,0.298,normal
TXN-002760,CUST-0042,8914.98,USD,INTERNATIONAL_REMITTANCE,Singapore,Russia,cash_services,api,2025-05-09T06:06,5,0.38,1,0,R-002 high-risk jurisdiction,0.661,review
TXN-002761,CUST-0499,38252.61,USD,INTERNATIONAL_REMITTANCE,Cyprus,Cyprus,electronics,api,2025-03-09T23:29,3,0.16,0,0,,0.41,normal
TXN-002762,CUST-0372,6425437.76,USD,CRYPTO_TRANSFER,Germany,South Africa,unknown,api,2025-05-13T07:00,3,75.34,1,1,R-003 customer behavior deviation|R-004 large crypto transfer|R-005 opaque merchant category,0.99,suspicious
TXN-002763,CUST-0326,656.27,USD,CHECK,Mexico,Mexico,charity,advisor,2025-08-05T15:49,3,0.08,0,0,,0.387,normal
TXN-002764,CUST-0144,2731.96,USD,ACH,China,Germany,consulting,web,2025-12-19T15:52,1,0.04,0,0,,0.242,normal
TXN-002765,CUST-0396,61026.81,USD,INTERNATIONAL_REMITTANCE,Brazil,Brazil,electronics,web,2025-02-01T18:09,3,0.35,0,0,,0.398,normal
TXN-002766,CUST-0050,935.12,USD,CARD,Hong Kong,Singapore,electronics,branch,2026-01-03T01:36,1,0.52,0,0,,0.221,normal
TXN-002767,CUST-0204,52748.31,USD,INTERNATIONAL_REMITTANCE,Cyprus,Mexico,travel,branch,2025-07-20T14:57,3,0.15,0,0,,0.633,review
TXN-002768,CUST-0386,12693073.58,USD,INTERNATIONAL_REMITTANCE,China,British Virgin Islands,unknown,api,2026-04-18T06:34,4,64.95,1,1,R-002 high-risk jurisdiction|R-003 customer behavior deviation|R-005 opaque merchant category,0.99,suspicious
TXN-002769,CUST-0028,1242378.42,USD,INTERNATIONAL_REMITTANCE,Cyprus,Mexico,charity,web,2025-11-13T05:03,3,35.58,1,0,R-003 customer behavior deviation|R-005 opaque merchant category,0.814,suspicious
TXN-002770,CUST-0448,5448.93,USD,CARD,Hong Kong,USA,cash_services,branch,2026-02-24T06:58,1,0.04,1,0,,0.421,normal
TXN-002771,CUST-0464,1993.8,USD,WIRE,USA,USA,investment,branch,2025-11-24T00:09,1,0.44,0,0,,0.204,normal
TXN-002772,CUST-0166,1859529.5,USD,CHECK,India,British Virgin Islands,investment,branch,2025-08-09T02:06,4,3.01,1,0,R-002 high-risk jurisdiction,0.601,review
TXN-002773,CUST-0416,56731.3,USD,WIRE,Mexico,Mexico,charity,web,2025-07-10T21:17,3,0.24,0,0,,0.429,normal
TXN-002774,CUST-0146,52350.38,USD,WIRE,Singapore,Switzerland,investment,advisor,2026-03-11T15:32,2,1.26,0,0,,0.551,review
TXN-002775,CUST-0189,139746.39,USD,CASH_PAYMENT,Mexico,Russia,real_estate,api,2026-04-05T04:02,5,20.99,1,1,R-002 high-risk jurisdiction|R-003 customer behavior deviation,0.99,suspicious
TXN-002776,CUST-0280,346.54,USD,INTERNATIONAL_REMITTANCE,Cyprus,UK,import_export,branch,2025-04-03T16:32,1,0.1,0,1,,0.298,normal
TXN-002777,CUST-0196,33876.71,USD,CASH_PAYMENT,USA,Turkey,charity,advisor,2025-06-11T07:38,3,18.99,0,1,R-003 customer behavior deviation,0.841,suspicious
TXN-002778,CUST-0190,20728.87,USD,CHECK,UAE,Turkey,travel,mobile,2025-05-10T15:58,3,0.48,0,0,,0.419,normal
TXN-002779,CUST-0411,272.51,USD,CHECK,Singapore,Switzerland,charity,branch,2026-03-26T18:06,2,0.17,1,0,,0.425,normal
TXN-002780,CUST-0045,440.05,USD,CARD,Brazil,UAE,cash_services,branch,2025-11-20T01:25,2,0.13,0,0,,0.347,normal
TXN-002781,CUST-0377,123.6,USD,CARD,UK,UK,electronics,api,2026-02-06T13:03,1,0.06,0,0,,0.223,normal
TXN-002782,CUST-0458,103.19,USD,WIRE,South Africa,South Africa,luxury_goods,web,2025-11-05T01:39,3,0.11,0,0,,0.358,normal
TXN-002783,CUST-0027,9003.26,USD,CHECK,Switzerland,Switzerland,consulting,advisor,2025-03-12T22:01,2,0.15,0,0,,0.277,normal
TXN-002784,CUST-0417,11145879.97,USD,INTERNATIONAL_REMITTANCE,Canada,Mexico,charity,api,2025-06-02T07:05,3,23.86,0,1,R-003 customer behavior deviation|R-005 opaque merchant category,0.9,suspicious
TXN-002785,CUST-0180,45.98,USD,CHECK,UAE,Switzerland,electronics,web,2026-01-25T04:00,2,0.05,1,0,,0.665,review
TXN-002786,CUST-0387,1110.49,USD,INTERNATIONAL_REMITTANCE,UAE,Switzerland,cash_services,advisor,2026-03-26T14:01,2,0.12,0,0,,0.339,normal
TXN-002787,CUST-0123,53287.24,USD,CHECK,India,Canada,charity,mobile,2025-09-23T17:55,1,0.26,0,0,,0.224,normal
TXN-002788,CUST-0123,11065965.31,USD,CRYPTO_TRANSFER,India,Panama,luxury_goods,api,2026-01-07T22:29,4,53.45,1,1,R-002 high-risk jurisdiction|R-003 customer behavior deviation|R-004 large crypto transfer,0.99,suspicious
TXN-002789,CUST-0009,166.6,USD,CASH_PAYMENT,UK,UK,consulting,advisor,2025-01-21T17:03,1,0.06,0,1,,0.416,normal
TXN-002790,CUST-0200,88405.28,USD,INTERNATIONAL_REMITTANCE,Germany,Turkey,cash_services,advisor,2025-07-31T17:11,3,18.62,1,0,R-003 customer behavior deviation,0.778,suspicious
TXN-002791,CUST-0106,694.13,USD,ACH,Switzerland,Hong Kong,charity,mobile,2025-10-16T15:42,2,0.16,0,1,,0.291,normal
TXN-002792,CUST-0312,1320.7,USD,WIRE,South Africa,USA,real_estate,web,2025-12-21T13:31,1,0.19,0,0,,0.145,normal
TXN-002793,CUST-0002,2597.29,USD,ACH,UAE,Turkey,import_export,api,2025-09-16T22:08,3,1.1,0,0,,0.411,normal
TXN-002794,CUST-0451,52371.29,USD,ACH,Germany,Mexico,cash_services,mobile,2025-01-25T10:38,3,0.48,0,0,,0.499,review
TXN-002795,CUST-0084,20758.77,USD,CARD,South Africa,Canada,luxury_goods,api,2025-11-20T09:44,1,0.18,0,0,,0.142,normal
TXN-002796,CUST-0313,928.56,USD,WIRE,Mexico,Cyprus,charity,advisor,2025-10-14T00:08,3,0.14,0,0,,0.489,review
TXN-002797,CUST-0469,111533.04,USD,CHECK,Cyprus,Brazil,import_export,web,2025-04-09T08:42,3,0.36,1,0,,0.475,review
TXN-002798,CUST-0408,490.43,USD,ACH,Mexico,France,charity,branch,2025-12-10T17:12,1,0.09,1,0,,0.346,normal
TXN-002799,CUST-0217,48651.21,USD,INTERNATIONAL_REMITTANCE,USA,Canada,consulting,api,2025-11-24T00:49,1,0.31,0,0,,0.411,normal
TXN-002800,CUST-0372,26749.73,USD,INTERNATIONAL_REMITTANCE,UK,Singapore,real_estate,api,2025-08-03T17:57,1,0.31,0,0,,0.3,normal
TXN-002801,CUST-0012,3406.41,USD,WIRE,Switzerland,Brazil,cash_services,mobile,2026-01-01T02:39,3,0.4,1,0,,0.504,review
TXN-002802,CUST-0086,473.85,USD,WIRE,India,India,charity,web,2026-03-04T03:47,2,0.06,0,0,,0.438,normal
TXN-002803,CUST-0279,1975917.48,USD,WIRE,Canada,Panama,cash_services,advisor,2025-03-11T01:05,4,24.21,1,0,R-002 high-risk jurisdiction|R-003 customer behavior deviation,0.988,suspicious
TXN-002804,CUST-0423,4916792.7,USD,WIRE,Switzerland,South Africa,consulting,advisor,2026-01-27T03:55,3,82.39,0,0,R-003 customer behavior deviation|R-005 opaque merchant category,0.707,suspicious
TXN-002805,CUST-0230,1827.61,USD,WIRE,Hong Kong,Hong Kong,travel,mobile,2025-12-06T10:15,2,0.27,0,0,,0.268,normal
TXN-002806,CUST-0172,281.73,USD,ACH,Hong Kong,Hong Kong,luxury_goods,mobile,2025-08-04T16:07,2,0.14,0,0,,0.324,normal
TXN-002807,CUST-0023,514.35,USD,CARD,UAE,Canada,charity,api,2025-12-10T18:20,1,0.06,0,0,,0.22,normal
TXN-002808,CUST-0122,1569.47,USD,WIRE,Mexico,Switzerland,import_export,api,2025-04-06T19:13,2,0.31,0,0,,0.384,normal
TXN-002809,CUST-0221,133.2,USD,CARD,USA,Turkey,consulting,advisor,2025-09-09T22:14,3,0.06,0,0,,0.429,normal
TXN-002810,CUST-0362,1035.55,USD,ACH,Singapore,Brazil,investment,api,2026-01-09T02:38,3,0.27,0,0,,0.333,normal
TXN-002811,CUST-0220,524.53,USD,ACH,Mexico,Switzerland,real_estate,advisor,2025-01-25T20:23,2,0.1,0,0,,0.279,normal
TXN-002812,CUST-0201,3144.19,USD,CASH_PAYMENT,Cyprus,China,investment,branch,2025-08-31T17:42,3,1.12,0,1,,0.648,review
TXN-002813,CUST-0438,124291.26,USD,INTERNATIONAL_REMITTANCE,Hong Kong,Hong Kong,luxury_goods,web,2025-03-08T11:36,2,0.93,0,0,,0.326,normal
TXN-002814,CUST-0282,37160.56,USD,INTERNATIONAL_REMITTANCE,Canada,Cayman Islands,real_estate,mobile,2025-07-23T12:44,4,0.54,1,0,R-002 high-risk jurisdiction,0.681,suspicious
TXN-002815,CUST-0462,3776.8,USD,CHECK,Canada,Brazil,cash_services,branch,2025-04-20T22:50,3,0.14,0,0,,0.506,review
TXN-002816,CUST-0001,100.77,USD,CARD,Turkey,Nigeria,consulting,mobile,2026-01-26T22:55,4,0.14,1,1,R-002 high-risk jurisdiction,0.626,review
TXN-002817,CUST-0072,337.65,USD,CARD,Canada,Canada,real_estate,branch,2025-01-08T05:21,1,0.07,0,0,,0.182,normal
TXN-002818,CUST-0359,110.98,USD,ACH,Brazil,China,travel,web,2026-04-18T10:48,3,0.08,1,0,,0.51,review
TXN-002819,CUST-0379,592.94,USD,WIRE,Canada,UAE,investment,mobile,2025-07-24T09:20,2,0.11,0,0,,0.414,normal
TXN-002820,CUST-0011,642.27,USD,CARD,Mexico,Mexico,consulting,advisor,2025-12-14T15:35,3,0.15,0,0,,0.373,normal
TXN-002821,CUST-0486,1275.68,USD,CARD,Cyprus,Canada,luxury_goods,api,2025-11-22T21:43,1,0.17,0,0,,0.229,normal
TXN-002822,CUST-0369,1099.18,USD,WIRE,UAE,UAE,real_estate,web,2026-02-12T00:20,2,0.2,0,0,,0.25,normal
TXN-002823,CUST-0322,138112.54,USD,CHECK,Mexico,Switzerland,import_export,mobile,2025-10-24T19:27,2,0.21,0,0,,0.249,normal
TXN-002824,CUST-0195,535.38,USD,CHECK,Brazil,Brazil,luxury_goods,branch,2025-09-22T20:12,3,0.09,0,0,,0.287,normal
TXN-002825,CUST-0176,49151.06,USD,WIRE,Mexico,Germany,travel,web,2025-06-29T03:59,1,0.15,0,0,,0.276,normal
TXN-002826,CUST-0395,188.16,USD,INTERNATIONAL_REMITTANCE,Brazil,Turkey,electronics,branch,2025-02-06T08:10,3,0.09,0,0,,0.355,normal
TXN-002827,CUST-0313,1426.66,USD,CHECK,Cyprus,British Virgin Islands,real_estate,mobile,2025-09-25T05:34,4,0.22,1,0,R-002 high-risk jurisdiction,0.625,review
TXN-002828,CUST-0052,538.88,USD,INTERNATIONAL_REMITTANCE,India,Canada,import_export,api,2026-01-28T15:51,1,0.09,0,0,,0.331,normal
TXN-002829,CUST-0234,1026762.75,USD,INTERNATIONAL_REMITTANCE,Brazil,Panama,unknown,branch,2026-04-30T22:01,4,9.95,1,0,R-002 high-risk jurisdiction|R-005 opaque merchant category,0.794,suspicious
TXN-002830,CUST-0327,254.59,USD,ACH,Turkey,Turkey,luxury_goods,mobile,2025-06-21T15:27,3,0.03,0,0,,0.325,normal
TXN-002831,CUST-0491,1357.97,USD,CHECK,Singapore,France,import_export,api,2025-09-11T22:38,1,0.2,0,0,,0.217,normal
TXN-002832,CUST-0359,79.32,USD,INTERNATIONAL_REMITTANCE,Brazil,Cyprus,consulting,advisor,2025-05-22T09:08,3,0.06,0,0,,0.335,normal
TXN-002833,CUST-0348,79522.07,USD,CHECK,Switzerland,Switzerland,luxury_goods,advisor,2026-02-18T05:00,2,0.18,0,0,,0.378,normal
TXN-002834,CUST-0010,8792349.76,USD,CASH_PAYMENT,France,Turkey,unknown,api,2025-10-23T10:42,3,73.28,1,1,R-001 high-value cash payment|R-003 customer behavior deviation|R-005 opaque merchant category,0.962,suspicious
TXN-002835,CUST-0476,2228.59,USD,CRYPTO_TRANSFER,Hong Kong,UK,charity,web,2026-05-08T06:59,1,0.51,0,1,,0.382,normal
TXN-002836,CUST-0332,13585.31,USD,WIRE,Germany,Mexico,electronics,web,2025-11-12T14:26,3,0.38,0,0,,0.454,review
TXN-002837,CUST-0440,8489.65,USD,ACH,USA,France,cash_services,mobile,2025-08-06T10:30,1,0.13,0,0,,0.246,normal
TXN-002838,CUST-0395,933.29,USD,CHECK,Canada,Singapore,luxury_goods,branch,2025-04-27T17:30,1,0.46,0,0,,0.239,normal
TXN-002839,CUST-0028,9752.1,USD,INTERNATIONAL_REMITTANCE,Cyprus,Cyprus,electronics,api,2025-03-29T18:59,3,0.28,0,0,,0.384,normal
TXN-002840,CUST-0295,3235.57,USD,ACH,Germany,Brazil,luxury_goods,mobile,2026-04-12T17:35,3,0.42,1,0,,0.548,review
TXN-002841,CUST-0244,505.88,USD,ACH,South Africa,Turkey,cash_services,branch,2025-08-17T20:34,3,0.09,0,0,,0.303,normal
TXN-002842,CUST-0050,401.48,USD,CHECK,Singapore,Germany,travel,web,2025-04-01T21:36,1,0.22,0,0,,0.158,normal
TXN-002843,CUST-0104,1396.9,USD,WIRE,Switzerland,Switzerland,import_export,api,2025-01-03T22:05,2,0.34,0,0,,0.295,normal
TXN-002844,CUST-0165,196648.27,USD,INTERNATIONAL_REMITTANCE,South Africa,China,import_export,branch,2025-08-20T04:27,3,0.33,0,0,,0.482,review
TXN-002845,CUST-0245,524.67,USD,WIRE,Hong Kong,Hong Kong,electronics,advisor,2026-01-08T15:40,2,0.08,0,0,,0.348,normal
TXN-002846,CUST-0408,67603.04,USD,CASH_PAYMENT,Brazil,Turkey,charity,api,2025-01-01T02:46,3,12.84,1,1,R-003 customer behavior deviation,0.859,suspicious
TXN-002847,CUST-0095,190.11,USD,WIRE,Germany,Switzerland,cash_services,web,2026-01-07T04:45,2,0.12,0,0,,0.284,normal
TXN-002848,CUST-0245,339.12,USD,WIRE,USA,Hong Kong,charity,mobile,2025-01-28T20:53,2,0.05,0,0,,0.359,normal
TXN-002849,CUST-0457,40009.0,USD,INTERNATIONAL_REMITTANCE,France,Singapore,electronics,branch,2025-04-23T15:47,1,0.27,0,0,,0.215,normal
TXN-002850,CUST-0428,230.06,USD,INTERNATIONAL_REMITTANCE,India,India,import_export,api,2025-11-22T14:15,2,0.05,0,0,,0.261,normal
TXN-002851,CUST-0104,223621.0,USD,INTERNATIONAL_REMITTANCE,USA,Russia,consulting,branch,2025-09-03T03:48,5,53.92,1,1,R-002 high-risk jurisdiction|R-003 customer behavior deviation|R-005 opaque merchant category,0.99,suspicious
TXN-002852,CUST-0026,7590.4,USD,CHECK,USA,Cyprus,consulting,branch,2025-03-03T15:42,3,0.04,0,0,,0.513,review
TXN-002853,CUST-0294,51330.01,USD,CARD,Canada,Canada,cash_services,api,2025-10-18T21:13,1,0.27,0,0,,0.262,normal
TXN-002854,CUST-0025,11664.97,USD,ACH,India,France,import_export,branch,2026-01-20T16:43,1,0.09,0,0,,0.213,normal
TXN-002855,CUST-0160,91.17,USD,WIRE,Hong Kong,Brazil,travel,api,2025-09-29T13:22,3,0.14,0,0,,0.365,normal
TXN-002856,CUST-0221,327.18,USD,CARD,USA,Germany,cash_services,advisor,2026-04-06T11:04,1,0.15,0,0,,0.191,normal
TXN-002857,CUST-0417,137077.46,USD,ACH,Mexico,India,real_estate,branch,2025-07-15T15:13,2,0.29,0,0,,0.372,normal
TXN-002858,CUST-0268,683.25,USD,CHECK,USA,Singapore,real_estate,web,2025-05-03T15:20,1,0.08,1,1,,0.361,normal
TXN-002859,CUST-0406,283.78,USD,ACH,France,Cyprus,electronics,advisor,2025-05-01T16:00,3,0.23,0,0,,0.418,normal
TXN-002860,CUST-0044,112.02,USD,CHECK,France,UK,electronics,mobile,2025-01-14T09:24,1,0.03,0,0,,0.288,normal
TXN-002861,CUST-0305,300460.49,USD,WIRE,Singapore,Nigeria,luxury_goods,api,2025-12-16T18:38,4,41.74,1,0,R-002 high-risk jurisdiction|R-003 customer behavior deviation,0.855,suspicious
TXN-002862,CUST-0051,14333.08,USD,WIRE,UAE,Turkey,luxury_goods,branch,2026-02-09T18:15,3,0.1,0,0,,0.361,normal
TXN-002863,CUST-0011,1674.99,USD,WIRE,Cyprus,UK,consulting,web,2025-08-08T21:48,1,0.4,0,0,,0.206,normal
TXN-002864,CUST-0370,3857.23,USD,ACH,Brazil,Brazil,import_export,branch,2025-06-25T17:42,3,0.86,0,0,,0.415,normal
TXN-002865,CUST-0177,325.74,USD,CHECK,Cyprus,UK,luxury_goods,api,2025-01-04T01:08,1,0.06,0,0,,0.146,normal
TXN-002866,CUST-0102,1574298.58,USD,INTERNATIONAL_REMITTANCE,Canada,South Africa,cash_services,branch,2025-10-29T19:03,3,10.48,1,1,R-003 customer behavior deviation,0.834,suspicious
TXN-002867,CUST-0092,1429.56,USD,CARD,India,Switzerland,consulting,advisor,2026-05-10T11:49,2,0.33,0,0,,0.534,review
TXN-002868,CUST-0478,44154.95,USD,INTERNATIONAL_REMITTANCE,UAE,Turkey,luxury_goods,advisor,2025-08-15T16:35,3,0.19,0,0,,0.529,review
TXN-002869,CUST-0243,252769.47,USD,CRYPTO_TRANSFER,UAE,Nigeria,unknown,advisor,2025-05-01T21:03,4,32.83,1,1,R-002 high-risk jurisdiction|R-003 customer behavior deviation|R-004 large crypto transfer|R-005 opaque merchant category,0.99,suspicious
TXN-002870,CUST-0185,10795.84,USD,CARD,Brazil,Singapore,real_estate,branch,2025-11-28T11:34,1,0.05,0,0,,0.439,normal
TXN-002871,CUST-0309,1391.08,USD,CARD,China,China,charity,mobile,2025-07-05T00:28,3,0.35,0,0,,0.413,normal
TXN-002872,CUST-0111,9849.29,USD,CARD,Switzerland,UK,consulting,mobile,2025-05-09T23:50,1,0.08,0,0,,0.157,normal
TXN-002873,CUST-0379,368.43,USD,ACH,Canada,Switzerland,import_export,mobile,2025-09-09T06:44,2,0.07,0,0,,0.433,normal
TXN-002874,CUST-0192,298281.65,USD,WIRE,South Africa,Nigeria,real_estate,api,2025-01-23T10:24,4,40.73,1,0,R-002 high-risk jurisdiction|R-003 customer behavior deviation,0.971,suspicious
TXN-002875,CUST-0088,675.86,USD,CHECK,Switzerland,Singapore,travel,web,2026-01-19T06:08,1,0.09,0,0,,0.185,normal
TXN-002876,CUST-0445,392.6,USD,WIRE,China,China,cash_services,advisor,2025-07-14T00:39,3,0.12,0,0,,0.483,review
TXN-002877,CUST-0189,212.28,USD,CRYPTO_TRANSFER,Switzerland,Mexico,electronics,branch,2025-07-11T00:41,3,0.03,0,1,,0.475,review
TXN-002878,CUST-0190,3988.02,USD,CRYPTO_TRANSFER,Turkey,Turkey,travel,api,2026-03-12T23:49,3,0.09,0,1,,0.647,review
TXN-002879,CUST-0357,420.92,USD,INTERNATIONAL_REMITTANCE,France,India,import_export,branch,2026-03-18T23:33,2,0.07,0,1,,0.413,normal
TXN-002880,CUST-0171,3408.28,USD,CHECK,Mexico,France,travel,api,2025-12-19T12:24,1,0.73,0,1,,0.379,normal
TXN-002881,CUST-0389,28491.01,USD,ACH,UAE,Germany,luxury_goods,api,2025-03-20T00:24,1,0.33,0,0,,0.311,normal
TXN-002882,CUST-0449,2320.17,USD,ACH,UAE,UK,electronics,advisor,2025-04-18T17:40,1,1.03,0,0,,0.23,normal
TXN-002883,CUST-0039,1364.29,USD,ACH,Germany,Turkey,consulting,advisor,2025-02-08T01:15,3,0.41,1,0,,0.576,review
TXN-002884,CUST-0337,140.87,USD,WIRE,South Africa,Hong Kong,consulting,branch,2025-09-06T17:18,2,0.03,0,0,,0.294,normal
TXN-002885,CUST-0254,14272.41,USD,CHECK,Germany,Germany,luxury_goods,api,2025-11-17T01:10,1,0.14,0,0,,0.273,normal
TXN-002886,CUST-0197,45.36,USD,CHECK,Cyprus,Cyprus,import_export,advisor,2026-04-25T13:05,3,0.08,0,0,,0.405,normal
TXN-002887,CUST-0269,715791.89,USD,INTERNATIONAL_REMITTANCE,UK,Panama,consulting,branch,2026-04-14T06:58,4,80.17,1,1,R-002 high-risk jurisdiction|R-003 customer behavior deviation|R-005 opaque merchant category,0.99,suspicious
TXN-002888,CUST-0014,1883.21,USD,CRYPTO_TRANSFER,South Africa,South Africa,consulting,advisor,2026-02-05T09:17,3,0.68,0,1,,0.637,review
TXN-002889,CUST-0427,1166.18,USD,CHECK,Singapore,UK,real_estate,branch,2026-02-15T10:23,1,0.31,0,0,,0.161,normal
TXN-002890,CUST-0457,4806.11,USD,INTERNATIONAL_REMITTANCE,Germany,China,consulting,advisor,2025-03-02T18:57,3,0.03,1,0,,0.478,review
TXN-002891,CUST-0389,3734.49,USD,CARD,UAE,Germany,real_estate,mobile,2025-03-23T13:11,1,0.04,0,0,,0.283,normal
TXN-002892,CUST-0355,358.03,USD,INTERNATIONAL_REMITTANCE,Canada,Brazil,import_export,api,2025-08-18T00:34,3,0.14,0,0,,0.321,normal
TXN-002893,CUST-0361,12575.5,USD,INTERNATIONAL_REMITTANCE,Turkey,UAE,electronics,branch,2025-01-13T08:55,2,0.18,0,0,,0.309,normal
TXN-002894,CUST-0177,230615.24,USD,CASH_PAYMENT,Cyprus,Mexico,luxury_goods,branch,2025-04-26T03:18,3,43.55,1,1,R-003 customer behavior deviation,0.99,suspicious
TXN-002895,CUST-0010,48150.01,USD,WIRE,France,South Africa,electronics,mobile,2025-03-28T05:19,3,0.4,0,0,,0.324,normal
TXN-002896,CUST-0334,132278.16,USD,CASH_PAYMENT,Cyprus,Brazil,luxury_goods,web,2026-03-03T20:22,3,23.3,1,1,R-003 customer behavior deviation,0.99,suspicious
TXN-002897,CUST-0039,1026.37,USD,ACH,Hong Kong,Hong Kong,cash_services,api,2026-04-03T16:45,2,0.31,0,0,,0.279,normal
TXN-002898,CUST-0324,52.63,USD,WIRE,Switzerland,Singapore,charity,web,2026-05-07T07:03,1,0.09,0,0,,0.223,normal
TXN-002899,CUST-0058,2539.59,USD,CARD,South Africa,South Africa,electronics,web,2025-09-06T08:20,3,0.28,0,0,,0.324,normal
TXN-002900,CUST-0458,119.22,USD,INTERNATIONAL_REMITTANCE,South Africa,South Africa,investment,mobile,2025-05-31T00:00,3,0.12,0,0,,0.371,normal
TXN-002901,CUST-0048,269.85,USD,CARD,Switzerland,Germany,investment,advisor,2026-02-12T13:06,1,0.06,0,0,,0.305,normal
TXN-002902,CUST-0265,943.8,USD,WIRE,Mexico,Mexico,investment,branch,2026-02-12T18:51,3,0.13,0,0,,0.34,normal
TXN-002903,CUST-0201,103931.87,USD,CASH_PAYMENT,China,Turkey,real_estate,branch,2025-08-09T17:43,3,37.06,1,1,R-003 customer behavior deviation,0.99,suspicious
TXN-002904,CUST-0063,1557.89,USD,CARD,China,Turkey,consulting,advisor,2026-03-17T09:48,3,0.28,0,0,,0.388,normal
TXN-002905,CUST-0031,905887.99,USD,CASH_PAYMENT,Switzerland,Russia,charity,web,2025-01-02T03:14,5,13.97,1,1,R-002 high-risk jurisdiction|R-003 customer behavior deviation|R-005 opaque merchant category,0.99,suspicious
TXN-002906,CUST-0179,9273442.16,USD,CASH_PAYMENT,UAE,China,real_estate,advisor,2026-03-08T20:16,3,49.4,1,1,R-001 high-value cash payment|R-003 customer behavior deviation,0.99,suspicious
TXN-002907,CUST-0250,792.52,USD,ACH,Singapore,Singapore,consulting,branch,2025-02-18T13:21,1,0.19,0,0,,0.233,normal
TXN-002908,CUST-0339,1909570.48,USD,WIRE,Turkey,South Africa,real_estate,web,2025-06-27T14:30,3,59.18,1,0,R-003 customer behavior deviation,0.911,suspicious
TXN-002909,CUST-0381,15255.15,USD,INTERNATIONAL_REMITTANCE,Brazil,UAE,import_export,web,2025-02-11T01:01,2,0.24,0,0,,0.365,normal
TXN-002910,CUST-0197,72.17,USD,WIRE,Hong Kong,USA,cash_services,mobile,2025-12-18T19:52,1,0.12,0,0,,0.267,normal
TXN-002911,CUST-0481,76.56,USD,CARD,Cyprus,Germany,travel,api,2025-08-29T06:40,1,0.12,0,0,,0.279,normal
TXN-002912,CUST-0218,78.52,USD,CARD,China,India,investment,branch,2025-10-17T17:46,2,0.02,0,0,,0.34,normal
TXN-002913,CUST-0134,464.83,USD,CARD,Brazil,Cyprus,charity,mobile,2025-01-04T15:00,3,0.21,0,0,,0.315,normal
TXN-002914,CUST-0252,73462.99,USD,CRYPTO_TRANSFER,Germany,British Virgin Islands,charity,api,2025-06-15T06:54,4,41.37,1,1,R-002 high-risk jurisdiction|R-003 customer behavior deviation,0.99,suspicious
TXN-002915,CUST-0042,7412.78,USD,CARD,Mexico,Switzerland,real_estate,web,2025-07-09T09:04,2,0.32,0,0,,0.32,normal
TXN-002916,CUST-0050,1058.95,USD,CARD,Hong Kong,China,charity,api,2025-04-19T20:51,3,0.59,0,0,,0.383,normal
TXN-002917,CUST-0317,1049.31,USD,INTERNATIONAL_REMITTANCE,South Africa,South Africa,investment,mobile,2025-05-26T13:11,3,0.23,0,0,,0.488,review
TXN-002918,CUST-0210,716.11,USD,ACH,Hong Kong,USA,travel,web,2026-01-17T23:13,1,0.12,0,0,,0.159,normal
TXN-002919,CUST-0444,6810.96,USD,CHECK,USA,UAE,luxury_goods,advisor,2025-03-03T00:16,2,0.39,1,0,,0.597,review
TXN-002920,CUST-0177,1359.84,USD,CHECK,Hong Kong,Hong Kong,investment,mobile,2025-04-06T22:57,2,0.26,0,0,,0.307,normal
TXN-002921,CUST-0278,49.4,USD,WIRE,UAE,Brazil,investment,advisor,2025-04-06T18:05,3,0.1,0,0,,0.406,normal
TXN-002922,CUST-0415,2712.96,USD,CARD,China,Brazil,charity,advisor,2025-04-27T19:11,3,0.32,1,0,,0.546,review
TXN-002923,CUST-0149,130887.74,USD,INTERNATIONAL_REMITTANCE,India,Russia,cash_services,advisor,2025-12-23T23:30,5,67.7,1,0,R-002 high-risk jurisdiction|R-003 customer behavior deviation,0.99,suspicious
TXN-002924,CUST-0298,360.43,USD,CARD,Germany,France,consulting,api,2025-06-28T09:28,1,0.04,0,0,,0.261,normal
TXN-002925,CUST-0224,141.25,USD,INTERNATIONAL_REMITTANCE,UAE,UAE,real_estate,mobile,2026-01-17T12:43,2,0.09,0,0,,0.272,normal
TXN-002926,CUST-0218,687.63,USD,CHECK,India,India,luxury_goods,mobile,2025-04-22T05:42,2,0.22,0,0,,0.347,normal
TXN-002927,CUST-0486,2032.67,USD,CHECK,Cyprus,Canada,travel,branch,2025-07-27T10:57,1,0.26,0,0,,0.221,normal
TXN-002928,CUST-0500,10803264.98,USD,CRYPTO_TRANSFER,Hong Kong,Cayman Islands,charity,api,2026-04-03T15:18,4,84.6,1,1,R-002 high-risk jurisdiction|R-003 customer behavior deviation|R-004 large crypto transfer|R-005 opaque merchant category,0.99,suspicious
TXN-002929,CUST-0334,283.16,USD,WIRE,Cyprus,UAE,electronics,branch,2026-04-23T12:05,2,0.05,0,0,,0.343,normal
TXN-002930,CUST-0322,8886136.43,USD,CRYPTO_TRANSFER,Mexico,Panama,charity,api,2025-08-08T08:12,4,13.78,1,1,R-002 high-risk jurisdiction|R-003 customer behavior deviation|R-004 large crypto transfer|R-005 opaque merchant category,0.99,suspicious
TXN-002931,CUST-0374,1042.45,USD,WIRE,Germany,Germany,consulting,mobile,2025-04-07T11:45,1,0.15,0,0,,0.325,normal
TXN-002932,CUST-0247,8189.75,USD,CHECK,Switzerland,Switzerland,electronics,api,2025-01-13T15:11,2,0.98,0,0,,0.47,review
TXN-002933,CUST-0237,5534.98,USD,CRYPTO_TRANSFER,Turkey,Switzerland,cash_services,web,2025-02-02T22:15,2,0.27,0,1,,0.455,review
TXN-002934,CUST-0203,1091.99,USD,WIRE,Canada,UAE,import_export,branch,2025-04-25T18:43,2,0.12,0,0,,0.273,normal
TXN-002935,CUST-0064,1378.13,USD,WIRE,Hong Kong,South Africa,import_export,branch,2026-05-11T01:36,3,0.27,0,0,,0.396,normal
TXN-002936,CUST-0406,682.32,USD,ACH,France,France,luxury_goods,api,2025-09-27T05:49,1,0.54,0,0,,0.198,normal
TXN-002937,CUST-0240,807.71,USD,INTERNATIONAL_REMITTANCE,Switzerland,Russia,real_estate,mobile,2025-10-16T06:39,5,0.22,1,0,R-002 high-risk jurisdiction,0.662,review
TXN-002938,CUST-0265,324602.59,USD,CRYPTO_TRANSFER,Mexico,British Virgin Islands,unknown,web,2025-06-06T11:35,4,43.37,1,1,R-002 high-risk jurisdiction|R-003 customer behavior deviation|R-004 large crypto transfer|R-005 opaque merchant category,0.99,suspicious
TXN-002939,CUST-0118,402085.29,USD,CRYPTO_TRANSFER,Hong Kong,South Africa,unknown,api,2025-12-02T02:45,3,81.34,0,1,R-003 customer behavior deviation|R-004 large crypto transfer|R-005 opaque merchant category,0.863,suspicious
TXN-002940,CUST-0251,57847.32,USD,WIRE,Turkey,Turkey,charity,mobile,2025-11-29T04:29,3,0.26,0,0,,0.472,review
TXN-002941,CUST-0083,4942.14,USD,INTERNATIONAL_REMITTANCE,Hong Kong,Mexico,luxury_goods,advisor,2025-12-19T17:11,3,1.31,0,0,,0.399,normal
TXN-002942,CUST-0018,372.6,USD,WIRE,Mexico,Mexico,consulting,advisor,2026-04-13T16:09,3,0.06,0,0,,0.413,normal
TXN-002943,CUST-0233,363.12,USD,CHECK,Mexico,Mexico,import_export,web,2025-01-02T11:33,3,0.06,0,0,,0.423,normal
TXN-002944,CUST-0128,844.94,USD,CARD,USA,France,import_export,mobile,2026-04-09T21:38,1,0.13,0,0,,0.208,normal
TXN-002945,CUST-0483,253.06,USD,INTERNATIONAL_REMITTANCE,India,Hong Kong,real_estate,advisor,2025-08-06T19:31,2,0.04,0,0,,0.302,normal
TXN-002946,CUST-0304,1027.27,USD,ACH,Switzerland,Switzerland,cash_services,branch,2025-11-20T10:15,2,0.38,0,0,,0.359,normal
TXN-002947,CUST-0213,394826.51,USD,INTERNATIONAL_REMITTANCE,South Africa,Turkey,charity,web,2026-02-23T23:43,3,62.73,0,1,R-003 customer behavior deviation|R-005 opaque merchant category,0.79,suspicious
TXN-002948,CUST-0283,188419.18,USD,INTERNATIONAL_REMITTANCE,China,Nigeria,luxury_goods,advisor,2025-05-22T02:38,4,62.73,1,1,R-002 high-risk jurisdiction|R-003 customer behavior deviation,0.99,suspicious
TXN-002949,CUST-0288,281.8,USD,CHECK,France,Brazil,luxury_goods,api,2026-02-22T15:18,3,0.24,0,0,,0.394,normal
TXN-002950,CUST-0500,37555.39,USD,CARD,India,China,investment,api,2026-05-14T06:25,3,0.29,0,0,,0.427,normal
TXN-002951,CUST-0333,1398.65,USD,CARD,UK,India,real_estate,web,2025-10-31T18:43,2,0.33,0,0,,0.353,normal
TXN-002952,CUST-0113,1327.98,USD,INTERNATIONAL_REMITTANCE,Canada,Germany,real_estate,api,2025-07-01T07:33,1,0.03,0,0,,0.261,normal
TXN-002953,CUST-0232,1294.17,USD,CRYPTO_TRANSFER,Switzerland,Germany,electronics,mobile,2025-10-02T23:14,1,0.16,0,1,,0.426,normal
TXN-002954,CUST-0263,4624.71,USD,INTERNATIONAL_REMITTANCE,Germany,France,investment,api,2025-03-08T09:10,1,0.09,0,0,,0.166,normal
TXN-002955,CUST-0003,34497.07,USD,WIRE,UK,Switzerland,luxury_goods,advisor,2025-06-20T20:03,2,0.37,0,0,,0.31,normal
TXN-002956,CUST-0468,88406.14,USD,CASH_PAYMENT,Brazil,Cayman Islands,cash_services,web,2025-04-17T05:31,4,38.83,1,1,R-002 high-risk jurisdiction|R-003 customer behavior deviation,0.99,suspicious
TXN-002957,CUST-0002,224.44,USD,INTERNATIONAL_REMITTANCE,Turkey,Turkey,electronics,advisor,2025-06-13T04:06,3,0.1,0,0,,0.314,normal
TXN-002958,CUST-0212,63.39,USD,CARD,India,India,charity,branch,2025-11-15T10:22,2,0.01,0,0,,0.233,normal
TXN-002959,CUST-0347,620.58,USD,WIRE,USA,South Africa,cash_services,web,2025-07-06T10:54,3,0.13,0,0,,0.39,normal
TXN-002960,CUST-0267,568.88,USD,CHECK,Singapore,China,electronics,web,2026-03-23T11:30,3,0.26,1,0,,0.583,review
TXN-002961,CUST-0246,4571.39,USD,ACH,South Africa,Brazil,investment,branch,2026-04-21T12:57,3,0.63,0,0,,0.423,normal
TXN-002962,CUST-0209,231.0,USD,CARD,Mexico,Singapore,consulting,web,2025-07-11T12:51,1,0.22,0,0,,0.222,normal
TXN-002963,CUST-0360,1137.7,USD,ACH,Hong Kong,South Africa,cash_services,web,2026-03-10T12:21,3,0.17,0,0,,0.374,normal
TXN-002964,CUST-0403,202682.87,USD,CRYPTO_TRANSFER,France,Nigeria,luxury_goods,advisor,2025-04-10T08:02,4,52.31,1,1,R-002 high-risk jurisdiction|R-003 customer behavior deviation,0.99,suspicious
TXN-002965,CUST-0280,199282.31,USD,INTERNATIONAL_REMITTANCE,UK,China,cash_services,advisor,2025-10-07T23:23,3,58.52,1,1,R-003 customer behavior deviation,0.903,suspicious
TXN-002966,CUST-0239,1097.49,USD,WIRE,Canada,Canada,consulting,mobile,2025-08-16T08:52,1,0.17,0,0,,0.217,normal
TXN-002967,CUST-0071,204.67,USD,WIRE,France,Singapore,charity,mobile,2025-11-04T22:04,1,0.03,0,0,,0.211,normal
TXN-002968,CUST-0151,240.48,USD,CARD,Mexico,Switzerland,investment,advisor,2025-09-01T06:19,2,0.08,1,0,,0.373,normal
TXN-002969,CUST-0199,22950.43,USD,WIRE,UAE,China,electronics,mobile,2025-08-17T17:59,3,0.53,0,0,,0.524,review
TXN-002970,CUST-0227,1633.83,USD,CHECK,Cyprus,Canada,cash_services,api,2025-09-05T12:57,1,0.23,1,0,,0.379,normal
TXN-002971,CUST-0311,1829.03,USD,CARD,Turkey,South Africa,electronics,web,2025-04-22T15:58,3,0.24,0,0,,0.549,review
TXN-002972,CUST-0216,411.57,USD,CHECK,USA,Singapore,travel,web,2025-12-10T00:48,1,0.11,1,0,,0.402,normal
TXN-002973,CUST-0276,1918.34,USD,CARD,Switzerland,Switzerland,consulting,api,2025-05-01T23:02,2,0.36,0,0,,0.317,normal
TXN-002974,CUST-0250,777.14,USD,CARD,South Africa,South Africa,cash_services,advisor,2025-08-06T07:55,3,0.19,0,0,,0.383,normal
TXN-002975,CUST-0041,603.47,USD,CHECK,Germany,Brazil,investment,advisor,2026-02-09T09:56,3,0.09,0,0,,0.363,normal
TXN-002976,CUST-0143,673.19,USD,INTERNATIONAL_REMITTANCE,China,Canada,travel,advisor,2025-08-24T22:09,1,0.11,0,0,,0.198,normal
TXN-002977,CUST-0244,381.32,USD,CHECK,Turkey,Turkey,investment,api,2025-08-18T18:38,3,0.06,0,0,,0.299,normal
TXN-002978,CUST-0287,5446.16,USD,ACH,Singapore,France,travel,advisor,2025-09-03T15:40,1,0.06,0,0,,0.195,normal
TXN-002979,CUST-0369,1625.1,USD,CARD,UAE,UAE,cash_services,api,2026-04-22T16:19,2,0.3,0,0,,0.286,normal
TXN-002980,CUST-0156,706.93,USD,ACH,Turkey,USA,electronics,advisor,2025-07-26T07:56,1,0.26,0,0,,0.241,normal
TXN-002981,CUST-0392,3594.44,USD,WIRE,USA,China,consulting,mobile,2026-02-24T20:59,3,0.07,0,0,,0.567,review
TXN-002982,CUST-0156,72804.66,USD,WIRE,USA,Mexico,unknown,api,2025-08-20T01:02,3,26.49,1,1,R-003 customer behavior deviation,0.943,suspicious
TXN-002983,CUST-0116,608.41,USD,WIRE,Singapore,Singapore,cash_services,branch,2025-03-29T01:39,1,0.1,0,0,,0.296,normal
TXN-002984,CUST-0334,65176.01,USD,CRYPTO_TRANSFER,Cyprus,British Virgin Islands,unknown,api,2025-09-30T00:18,4,11.48,1,1,R-002 high-risk jurisdiction|R-003 customer behavior deviation,0.99,suspicious
TXN-002985,CUST-0405,150.43,USD,ACH,India,South Africa,electronics,advisor,2025-01-20T02:43,3,0.09,0,0,,0.418,normal
TXN-002986,CUST-0449,175.09,USD,CRYPTO_TRANSFER,UK,India,travel,api,2025-12-22T04:57,2,0.08,1,1,,0.64,review
TXN-002987,CUST-0265,5300.39,USD,WIRE,Mexico,Switzerland,charity,advisor,2025-04-26T08:09,2,0.71,0,0,,0.336,normal
TXN-002988,CUST-0224,1453.88,USD,INTERNATIONAL_REMITTANCE,UAE,UAE,electronics,api,2025-02-12T14:08,2,0.97,0,0,,0.344,normal
TXN-002989,CUST-0368,102.23,USD,ACH,Singapore,USA,real_estate,web,2025-04-20T02:39,1,0.05,0,0,,0.24,normal
TXN-002990,CUST-0033,7194.3,USD,INTERNATIONAL_REMITTANCE,Switzerland,Switzerland,electronics,web,2025-12-25T12:21,2,0.92,0,0,,0.397,normal
TXN-002991,CUST-0383,294189.39,USD,CRYPTO_TRANSFER,South Africa,Panama,real_estate,api,2025-08-21T23:03,4,74.55,1,1,R-002 high-risk jurisdiction|R-003 customer behavior deviation|R-004 large crypto transfer,0.99,suspicious
TXN-002992,CUST-0134,655.03,USD,WIRE,Mexico,Cyprus,travel,mobile,2025-06-23T21:51,3,0.3,0,0,,0.313,normal
TXN-002993,CUST-0093,94438.05,USD,CARD,USA,China,cash_services,branch,2026-03-04T08:28,3,0.94,0,0,,0.42,normal
TXN-002994,CUST-0260,1368.15,USD,CHECK,Canada,Switzerland,cash_services,branch,2025-05-20T21:06,2,0.75,0,0,,0.23,normal
TXN-002995,CUST-0446,4104.88,USD,WIRE,Switzerland,Turkey,consulting,web,2025-12-31T11:59,3,0.88,0,0,,0.355,normal
TXN-002996,CUST-0031,9664.48,USD,CARD,Switzerland,Cyprus,cash_services,mobile,2025-06-18T08:08,3,0.15,1,0,,0.549,review
TXN-002997,CUST-0119,264689.35,USD,WIRE,India,Mexico,unknown,web,2025-05-19T04:21,3,50.49,1,1,R-003 customer behavior deviation|R-005 opaque merchant category,0.917,suspicious
TXN-002998,CUST-0353,47108.76,USD,INTERNATIONAL_REMITTANCE,Mexico,Singapore,cash_services,branch,2025-05-05T00:30,1,0.22,1,0,,0.388,normal
TXN-002999,CUST-0176,120266.99,USD,WIRE,Mexico,Mexico,luxury_goods,mobile,2025-03-14T00:51,3,0.37,0,0,,0.47,review
TXN-003000,CUST-0349,43154.02,USD,CHECK,USA,Nigeria,cash_services,web,2025-07-16T11:46,4,0.47,1,0,R-002 high-risk jurisdiction,0.644,review
TXN-003001,CUST-0227,689.74,USD,CHECK,Singapore,Cyprus,travel,advisor,2026-05-13T18:24,3,0.1,0,0,,0.357,normal
TXN-003002,CUST-0181,1521.88,USD,CASH_PAYMENT,Switzerland,South Africa,travel,advisor,2025-04-03T17:23,3,0.19,0,1,,0.553,review
TXN-003003,CUST-0229,531.58,USD,INTERNATIONAL_REMITTANCE,France,France,cash_services,branch,2025-06-24T14:19,1,0.2,0,0,,0.201,normal
TXN-003004,CUST-0164,937.51,USD,INTERNATIONAL_REMITTANCE,Germany,Hong Kong,import_export,web,2026-02-26T11:12,2,0.12,0,0,,0.412,normal
TXN-003005,CUST-0297,54825.95,USD,ACH,Brazil,India,investment,advisor,2025-05-28T07:06,2,0.14,0,0,,0.333,normal
TXN-003006,CUST-0324,47.62,USD,WIRE,Brazil,India,luxury_goods,branch,2025-11-19T08:43,2,0.08,0,0,,0.358,normal
TXN-003007,CUST-0399,467.87,USD,ACH,Switzerland,China,investment,advisor,2025-02-04T06:10,3,0.24,0,0,,0.343,normal
TXN-003008,CUST-0101,435.28,USD,WIRE,China,China,electronics,mobile,2025-11-23T13:23,3,0.16,0,0,,0.397,normal
TXN-003009,CUST-0216,933.99,USD,ACH,Germany,USA,import_export,branch,2025-02-24T23:22,1,0.24,0,0,,0.282,normal
TXN-003010,CUST-0391,156978.18,USD,ACH,China,China,investment,mobile,2026-03-06T16:48,3,0.24,0,0,,0.362,normal
TXN-003011,CUST-0414,1607.64,USD,CARD,Cyprus,Cyprus,charity,mobile,2026-03-12T10:15,3,0.18,0,0,,0.337,normal
TXN-003012,CUST-0379,601.42,USD,ACH,Switzerland,Switzerland,cash_services,mobile,2025-09-28T18:08,2,0.12,0,0,,0.433,normal
TXN-003013,CUST-0085,88923.43,USD,CASH_PAYMENT,Switzerland,Cayman Islands,cash_services,branch,2026-02-17T20:45,4,15.39,1,1,R-002 high-risk jurisdiction|R-003 customer behavior deviation,0.99,suspicious
TXN-003014,CUST-0339,5657.09,USD,WIRE,Turkey,Singapore,consulting,api,2025-11-23T23:08,1,0.18,0,0,,0.271,normal
TXN-003015,CUST-0170,8886.85,USD,WIRE,France,USA,cash_services,api,2025-11-21T20:06,1,0.08,0,0,,0.573,review
TXN-003016,CUST-0472,1066.4,USD,ACH,Germany,India,charity,advisor,2025-09-28T09:38,2,0.16,0,0,,0.307,normal
TXN-003017,CUST-0437,604.99,USD,CHECK,Cyprus,Cyprus,consulting,branch,2025-01-14T15:48,3,0.18,0,0,,0.414,normal
TXN-003018,CUST-0002,90504.83,USD,WIRE,Turkey,Brazil,consulting,api,2025-06-27T06:54,3,38.38,1,0,R-003 customer behavior deviation,0.878,suspicious
TXN-003019,CUST-0398,4627.71,USD,CARD,Cyprus,UAE,real_estate,web,2025-08-30T04:48,2,1.38,0,0,,0.346,normal
TXN-003020,CUST-0325,635.62,USD,ACH,Canada,USA,investment,mobile,2026-02-05T08:48,1,0.17,0,1,,0.325,normal
TXN-003021,CUST-0499,71331.58,USD,ACH,South Africa,Canada,real_estate,branch,2026-01-31T12:32,1,0.29,0,0,,0.302,normal
TXN-003022,CUST-0155,695.6,USD,CHECK,Hong Kong,China,electronics,api,2026-05-14T07:57,3,0.13,0,0,,0.388,normal
TXN-003023,CUST-0066,2850474.24,USD,INTERNATIONAL_REMITTANCE,Canada,Mexico,real_estate,web,2025-02-28T02:28,3,17.94,1,0,R-003 customer behavior deviation,0.849,suspicious
TXN-003024,CUST-0392,2077177.99,USD,INTERNATIONAL_REMITTANCE,USA,Mexico,cash_services,api,2026-03-02T10:29,3,38.57,1,0,R-003 customer behavior deviation,0.986,suspicious
TXN-003025,CUST-0243,735.49,USD,WIRE,Turkey,Turkey,luxury_goods,web,2025-03-30T10:50,3,0.1,0,0,,0.395,normal
TXN-003026,CUST-0474,1396.62,USD,CARD,UK,France,travel,advisor,2025-07-18T21:23,1,0.22,0,0,,0.285,normal
TXN-003027,CUST-0018,227.67,USD,WIRE,Mexico,Turkey,consulting,branch,2026-03-28T20:59,3,0.04,0,0,,0.364,normal
TXN-003028,CUST-0331,29377.48,USD,ACH,Germany,South Africa,electronics,advisor,2025-03-14T07:37,3,0.6,0,0,,0.373,normal
TXN-003029,CUST-0158,789.36,USD,INTERNATIONAL_REMITTANCE,Canada,Canada,travel,advisor,2025-04-28T17:14,1,0.16,0,0,,0.246,normal
TXN-003030,CUST-0047,2817.58,USD,CHECK,Hong Kong,USA,electronics,web,2025-01-28T22:35,1,0.72,1,0,,0.359,normal
TXN-003031,CUST-0466,1376.1,USD,WIRE,Turkey,British Virgin Islands,charity,api,2025-08-11T18:00,4,0.22,1,0,R-002 high-risk jurisdiction,0.529,review
TXN-003032,CUST-0478,31436.9,USD,CHECK,UAE,UAE,consulting,web,2025-12-27T14:29,2,0.13,0,0,,0.42,normal
TXN-003033,CUST-0074,427342.67,USD,WIRE,Turkey,Iran,luxury_goods,web,2025-05-27T17:03,5,50.63,1,0,R-002 high-risk jurisdiction|R-003 customer behavior deviation,0.977,suspicious
TXN-003034,CUST-0309,215.23,USD,CARD,USA,Cyprus,travel,advisor,2025-08-04T22:56,3,0.05,0,0,,0.366,normal
TXN-003035,CUST-0364,927.1,USD,CARD,China,China,charity,api,2025-02-22T06:23,3,0.19,0,0,,0.376,normal
TXN-003036,CUST-0050,126253.75,USD,INTERNATIONAL_REMITTANCE,Hong Kong,South Africa,cash_services,advisor,2025-05-17T00:14,3,70.33,1,0,R-003 customer behavior deviation,0.783,suspicious
TXN-003037,CUST-0054,524.3,USD,CHECK,Cyprus,India,travel,advisor,2025-07-31T20:13,2,0.11,0,0,,0.249,normal
TXN-003038,CUST-0245,1079.93,USD,CARD,Hong Kong,USA,consulting,web,2025-01-15T21:22,1,0.15,0,0,,0.287,normal
TXN-003039,CUST-0004,90.67,USD,CHECK,Cyprus,Cyprus,electronics,api,2025-06-09T18:15,3,0.03,0,0,,0.348,normal
TXN-003040,CUST-0153,133958.49,USD,CASH_PAYMENT,Brazil,Cyprus,cash_services,web,2025-01-24T16:54,3,51.38,1,1,R-003 customer behavior deviation,0.99,suspicious
TXN-003041,CUST-0121,475.18,USD,CRYPTO_TRANSFER,UK,UAE,consulting,mobile,2025-10-02T04:03,2,0.23,0,1,,0.44,normal
TXN-003042,CUST-0008,222.18,USD,CHECK,Switzerland,China,real_estate,web,2025-11-27T19:45,3,0.1,0,0,,0.424,normal
TXN-003043,CUST-0017,195.7,USD,CHECK,South Africa,South Africa,import_export,mobile,2025-05-01T10:41,3,0.04,0,0,,0.474,review
TXN-003044,CUST-0145,253.15,USD,WIRE,Canada,Canada,electronics,web,2025-04-10T20:32,1,0.06,0,1,,0.268,normal
TXN-003045,CUST-0303,4428454.4,USD,INTERNATIONAL_REMITTANCE,China,Nigeria,luxury_goods,api,2025-12-03T06:33,4,43.33,1,0,R-002 high-risk jurisdiction|R-003 customer behavior deviation,0.919,suspicious
TXN-003046,CUST-0411,656.5,USD,CHECK,Canada,Singapore,electronics,branch,2025-10-12T10:05,1,0.42,0,0,,0.158,normal
TXN-003047,CUST-0356,1037.13,USD,CHECK,Turkey,UK,import_export,mobile,2026-04-21T05:45,1,0.16,0,0,,0.181,normal
TXN-003048,CUST-0450,7614.46,USD,CARD,UK,Germany,import_export,api,2025-10-07T13:33,1,0.17,0,0,,0.307,normal
TXN-003049,CUST-0377,61.56,USD,CARD,China,UK,cash_services,branch,2025-02-01T18:30,1,0.03,0,0,,0.162,normal
TXN-003050,CUST-0391,24788.31,USD,CHECK,China,Hong Kong,consulting,web,2025-06-28T23:47,2,0.04,0,0,,0.251,normal
TXN-003051,CUST-0297,61014.26,USD,CARD,India,France,electronics,advisor,2025-06-20T18:21,1,0.15,0,0,,0.276,normal
TXN-003052,CUST-0122,297.55,USD,WIRE,India,Mexico,travel,advisor,2025-11-08T03:01,3,0.06,0,0,,0.416,normal
TXN-003053,CUST-0073,197.05,USD,ACH,UAE,UAE,charity,advisor,2025-07-24T22:21,2,0.04,0,0,,0.255,normal
TXN-003054,CUST-0265,441.62,USD,WIRE,Mexico,Mexico,travel,api,2025-01-10T23:49,3,0.06,0,0,,0.38,normal
TXN-003055,CUST-0301,37924.93,USD,CHECK,Hong Kong,Hong Kong,consulting,advisor,2025-08-08T15:58,2,0.07,0,1,,0.441,normal
TXN-003056,CUST-0322,141203.49,USD,CHECK,China,China,real_estate,advisor,2025-10-15T21:01,3,0.22,0,0,,0.415,normal
TXN-003057,CUST-0243,1321.52,USD,WIRE,UAE,Turkey,investment,branch,2025-08-04T06:16,3,0.17,0,0,,0.408,normal
TXN-003058,CUST-0400,164.45,USD,CHECK,Hong Kong,Switzerland,import_export,branch,2025-12-05T00:46,2,0.09,0,0,,0.25,normal
TXN-003059,CUST-0411,83512.69,USD,WIRE,Canada,Brazil,real_estate,web,2025-08-17T10:58,3,53.44,1,0,R-003 customer behavior deviation,0.858,suspicious
TXN-003060,CUST-0337,295.76,USD,WIRE,Brazil,Brazil,investment,advisor,2025-08-06T20:28,3,0.07,0,0,,0.417,normal
TXN-003061,CUST-0001,45632.66,USD,CASH_PAYMENT,Turkey,South Africa,charity,web,2026-03-15T05:12,3,64.04,1,1,R-003 customer behavior deviation,0.976,suspicious
TXN-003062,CUST-0096,1059.85,USD,WIRE,Turkey,France,investment,branch,2026-04-04T22:12,1,0.33,0,0,,0.186,normal
TXN-003063,CUST-0072,482.29,USD,INTERNATIONAL_REMITTANCE,Canada,Canada,luxury_goods,api,2025-09-30T16:21,1,0.09,0,0,,0.179,normal
TXN-003064,CUST-0235,67007.35,USD,WIRE,China,Mexico,real_estate,advisor,2025-01-19T23:34,3,0.66,0,0,,0.463,review
TXN-003065,CUST-0128,937.73,USD,CHECK,France,France,luxury_goods,branch,2025-04-10T00:31,1,0.14,0,0,,0.179,normal
TXN-003066,CUST-0445,1453.13,USD,CASH_PAYMENT,Cyprus,Cyprus,cash_services,advisor,2025-06-26T15:20,3,0.46,0,1,,0.65,review
TXN-003067,CUST-0183,199.52,USD,WIRE,Switzerland,Switzerland,electronics,branch,2025-05-17T17:05,2,0.11,0,0,,0.266,normal
TXN-003068,CUST-0086,1304.03,USD,WIRE,Germany,India,consulting,api,2026-03-11T08:30,2,0.16,0,0,,0.409,normal
TXN-003069,CUST-0228,272.4,USD,ACH,Canada,Turkey,consulting,branch,2025-12-19T23:51,3,0.1,0,0,,0.353,normal
TXN-003070,CUST-0019,540.37,USD,CARD,South Africa,South Africa,real_estate,branch,2025-10-30T13:26,3,0.26,0,0,,0.47,review
TXN-003071,CUST-0102,12579.78,USD,WIRE,Switzerland,Canada,luxury_goods,mobile,2025-12-07T06:31,1,0.08,0,0,,0.222,normal
TXN-003072,CUST-0477,358.83,USD,INTERNATIONAL_REMITTANCE,France,Singapore,investment,advisor,2026-01-01T23:40,1,0.07,0,0,,0.299,normal
TXN-003073,CUST-0357,184.49,USD,CHECK,South Africa,South Africa,import_export,advisor,2025-11-06T05:17,3,0.03,0,0,,0.349,normal
TXN-003074,CUST-0133,6291.18,USD,CHECK,UK,UK,electronics,api,2026-05-01T17:38,1,0.1,0,0,,0.279,normal
TXN-003075,CUST-0109,12340.72,USD,CHECK,UK,South Africa,electronics,api,2026-05-11T10:47,3,0.14,0,1,,0.524,review
TXN-003076,CUST-0029,15183.42,USD,CARD,France,UK,travel,branch,2025-12-06T02:12,1,0.14,0,0,,0.378,normal
TXN-003077,CUST-0215,15000000,USD,WIRE,Mexico,Brazil,charity,branch,2026-04-20T11:28,3,27.34,1,0,R-003 customer behavior deviation|R-005 opaque merchant category,0.99,suspicious
TXN-003078,CUST-0276,2708.31,USD,CARD,Switzerland,Switzerland,real_estate,advisor,2025-01-18T16:55,2,0.51,0,0,,0.335,normal
TXN-003079,CUST-0231,258.13,USD,CHECK,France,China,luxury_goods,branch,2026-01-27T08:55,3,0.05,0,0,,0.417,normal
TXN-003080,CUST-0368,147.47,USD,ACH,Singapore,Singapore,real_estate,api,2026-01-28T13:04,1,0.08,0,0,,0.296,normal
TXN-003081,CUST-0416,25570.58,USD,ACH,India,Mexico,charity,api,2025-09-11T23:55,3,0.11,0,0,,0.337,normal
TXN-003082,CUST-0106,116727.48,USD,CRYPTO_TRANSFER,Mexico,Panama,luxury_goods,branch,2025-01-02T21:32,4,26.8,1,1,R-002 high-risk jurisdiction|R-003 customer behavior deviation,0.99,suspicious
TXN-003083,CUST-0199,4945.73,USD,WIRE,China,Brazil,charity,api,2026-01-06T12:30,3,0.11,0,0,,0.447,normal
TXN-003084,CUST-0038,44150.11,USD,ACH,South Africa,Switzerland,luxury_goods,web,2025-07-04T03:00,2,0.27,0,0,,0.279,normal
TXN-003085,CUST-0328,115.05,USD,CHECK,Cyprus,Brazil,import_export,api,2025-01-23T08:59,3,0.09,0,0,,0.487,review
TXN-003086,CUST-0407,1126.65,USD,CARD,Mexico,Hong Kong,consulting,web,2025-08-29T05:14,2,0.18,0,0,,0.338,normal
TXN-003087,CUST-0132,7918811.5,USD,WIRE,Germany,Iran,luxury_goods,web,2026-04-04T02:37,5,32.16,1,0,R-002 high-risk jurisdiction|R-003 customer behavior deviation,0.99,suspicious
TXN-003088,CUST-0116,318.92,USD,WIRE,Mexico,Mexico,consulting,mobile,2025-09-17T16:47,3,0.05,0,0,,0.351,normal
TXN-003089,CUST-0192,1659.87,USD,CARD,UAE,India,import_export,web,2025-09-27T05:15,2,0.23,0,0,,0.318,normal
TXN-003090,CUST-0453,1289.01,USD,ACH,UK,Singapore,travel,branch,2025-07-04T16:40,1,0.2,0,0,,0.23,normal
TXN-003091,CUST-0107,693.09,USD,WIRE,UAE,South Africa,consulting,branch,2025-08-22T12:38,3,0.25,0,0,,0.33,normal
TXN-003092,CUST-0233,294.8,USD,CARD,Cyprus,Cyprus,travel,api,2026-03-21T20:09,3,0.05,0,0,,0.399,normal
TXN-003093,CUST-0405,398.04,USD,CHECK,Singapore,Hong Kong,investment,branch,2025-05-03T23:33,2,0.24,0,0,,0.276,normal
TXN-003094,CUST-0054,574.87,USD,CARD,Cyprus,India,real_estate,web,2026-03-09T10:16,2,0.12,0,0,,0.346,normal
TXN-003095,CUST-0076,1159.89,USD,INTERNATIONAL_REMITTANCE,Singapore,Singapore,investment,web,2025-11-22T09:48,1,0.14,0,0,,0.255,normal
TXN-003096,CUST-0153,70934.64,USD,CRYPTO_TRANSFER,Mexico,China,consulting,web,2025-01-12T05:04,3,27.21,1,1,R-003 customer behavior deviation,0.958,suspicious
TXN-003097,CUST-0068,9639.6,USD,WIRE,Hong Kong,Singapore,charity,web,2025-02-01T21:52,1,0.07,1,0,,0.39,normal
TXN-003098,CUST-0251,56656.86,USD,CARD,Turkey,Singapore,cash_services,branch,2025-04-05T20:05,1,0.25,0,0,,0.239,normal
TXN-003099,CUST-0378,10479.98,USD,ACH,China,Mexico,travel,api,2025-07-12T02:21,3,0.05,0,0,,0.469,review
TXN-003100,CUST-0002,496.54,USD,CHECK,UAE,UAE,charity,api,2026-01-05T11:24,2,0.21,0,0,,0.285,normal
TXN-003101,CUST-0430,308.64,USD,ACH,Singapore,Panama,consulting,mobile,2026-02-20T20:25,4,0.13,1,0,R-002 high-risk jurisdiction,0.613,review
TXN-003102,CUST-0293,1151.19,USD,CHECK,South Africa,Mexico,luxury_goods,advisor,2025-05-24T14:45,3,0.15,0,0,,0.305,normal
TXN-003103,CUST-0082,933.55,USD,INTERNATIONAL_REMITTANCE,South Africa,South Africa,luxury_goods,mobile,2025-06-22T20:31,3,0.32,0,0,,0.519,review
TXN-003104,CUST-0198,313113.2,USD,WIRE,India,China,real_estate,branch,2025-02-19T09:29,3,62.94,1,1,R-003 customer behavior deviation,0.92,suspicious
TXN-003105,CUST-0088,2573.09,USD,ACH,Singapore,Cyprus,investment,api,2025-10-22T07:44,3,0.36,1,0,,0.509,review
TXN-003106,CUST-0358,354.67,USD,CHECK,France,Turkey,consulting,api,2025-06-30T06:42,3,0.05,0,0,,0.409,normal
TXN-003107,CUST-0284,305.93,USD,ACH,Switzerland,Switzerland,investment,advisor,2025-05-05T01:06,2,0.04,0,0,,0.298,normal
TXN-003108,CUST-0382,473.47,USD,CHECK,Turkey,Turkey,charity,mobile,2026-01-15T23:49,3,0.19,0,0,,0.371,normal
TXN-003109,CUST-0008,12339.76,USD,CASH_PAYMENT,China,Mexico,unknown,advisor,2025-09-15T10:10,3,5.38,1,1,,0.798,suspicious
TXN-003110,CUST-0234,62769.16,USD,ACH,Brazil,Canada,electronics,web,2025-01-22T18:58,1,0.61,0,0,,0.237,normal
TXN-003111,CUST-0196,392.9,USD,CHECK,Hong Kong,Hong Kong,luxury_goods,web,2025-12-16T12:35,2,0.22,0,0,,0.31,normal
TXN-003112,CUST-0326,581.39,USD,CHECK,Mexico,Mexico,electronics,web,2025-12-01T10:21,3,0.07,0,0,,0.395,normal
TXN-003113,CUST-0074,1116.39,USD,WIRE,Turkey,Hong Kong,investment,web,2025-10-19T13:43,2,0.13,0,0,,0.269,normal
TXN-003114,CUST-0019,295.3,USD,INTERNATIONAL_REMITTANCE,Mexico,Mexico,electronics,branch,2025-05-19T07:40,3,0.14,0,0,,0.407,normal
TXN-003115,CUST-0209,117.85,USD,CARD,Singapore,Mexico,real_estate,api,2025-03-18T09:05,3,0.11,0,0,,0.33,normal
TXN-003116,CUST-0062,10055.17,USD,INTERNATIONAL_REMITTANCE,Hong Kong,Russia,real_estate,web,2025-11-13T12:27,5,10.52,1,0,R-002 high-risk jurisdiction|R-003 customer behavior deviation,0.883,suspicious
TXN-003117,CUST-0496,34928.72,USD,ACH,China,UAE,cash_services,web,2025-08-13T18:44,2,0.26,1,0,,0.435,normal
TXN-003118,CUST-0223,775.61,USD,INTERNATIONAL_REMITTANCE,India,Turkey,cash_services,branch,2025-08-24T17:53,3,0.22,0,0,,0.35,normal
TXN-003119,CUST-0021,1749.0,USD,ACH,Germany,UK,electronics,web,2025-11-24T10:08,1,0.24,0,0,,0.265,normal
TXN-003120,CUST-0054,222593.32,USD,CASH_PAYMENT,Brazil,Nigeria,consulting,branch,2025-10-27T02:22,4,48.29,1,1,R-002 high-risk jurisdiction|R-003 customer behavior deviation|R-005 opaque merchant category,0.99,suspicious
TXN-003121,CUST-0337,1205.42,USD,WIRE,Hong Kong,Hong Kong,luxury_goods,advisor,2025-05-26T19:24,2,0.3,0,0,,0.327,normal
TXN-003122,CUST-0009,399.0,USD,CARD,India,India,consulting,branch,2025-02-08T00:59,2,0.15,0,0,,0.335,normal
TXN-003123,CUST-0190,3774.74,USD,CHECK,UAE,Turkey,electronics,api,2026-01-30T14:41,3,0.09,0,0,,0.455,review
TXN-003124,CUST-0415,1483.53,USD,WIRE,France,Switzerland,consulting,branch,2025-03-09T15:37,2,0.18,0,0,,0.292,normal
TXN-003125,CUST-0351,172246.85,USD,INTERNATIONAL_REMITTANCE,Turkey,Cyprus,luxury_goods,branch,2025-03-04T04:00,3,34.13,1,1,R-003 customer behavior deviation,0.88,suspicious
TXN-003126,CUST-0364,2234.12,USD,WIRE,China,China,real_estate,web,2025-07-21T03:35,3,0.46,0,0,,0.419,normal
TXN-003127,CUST-0216,1153.9,USD,CHECK,Germany,Nigeria,cash_services,branch,2025-09-13T02:32,4,0.3,1,0,R-002 high-risk jurisdiction,0.557,review
TXN-003128,CUST-0004,436.36,USD,CHECK,Cyprus,Cyprus,investment,web,2026-01-04T01:10,3,0.13,0,0,,0.384,normal
TXN-003129,CUST-0220,524.17,USD,INTERNATIONAL_REMITTANCE,Mexico,Mexico,charity,advisor,2026-03-03T20:09,3,0.1,0,1,,0.544,review
TXN-003130,CUST-0484,52246.01,USD,CHECK,South Africa,South Africa,luxury_goods,advisor,2025-12-25T21:56,3,0.23,0,0,,0.444,normal
TXN-003131,CUST-0267,203.45,USD,CARD,Mexico,France,consulting,mobile,2026-02-25T01:30,1,0.09,1,0,,0.318,normal
TXN-003132,CUST-0219,78.22,USD,INTERNATIONAL_REMITTANCE,Switzerland,Nigeria,consulting,api,2026-03-26T02:50,4,0.09,1,0,R-002 high-risk jurisdiction,0.532,review
TXN-003133,CUST-0036,3447.12,USD,CARD,Cyprus,Cyprus,investment,mobile,2025-09-10T16:04,3,0.04,0,0,,0.433,normal
TXN-003134,CUST-0265,916.06,USD,WIRE,Mexico,Switzerland,consulting,mobile,2025-09-15T20:48,2,0.12,0,0,,0.32,normal
TXN-003135,CUST-0325,6074.35,USD,CASH_PAYMENT,Canada,Canada,luxury_goods,advisor,2025-10-15T06:09,1,1.61,0,1,,0.468,review
TXN-003136,CUST-0406,259.8,USD,ACH,UK,Cyprus,luxury_goods,branch,2025-11-26T13:41,3,0.21,0,0,,0.307,normal
TXN-003137,CUST-0350,22129.14,USD,CHECK,Cyprus,Cyprus,investment,mobile,2025-12-04T22:21,3,0.15,0,0,,0.433,normal
TXN-003138,CUST-0245,1053.38,USD,WIRE,USA,Hong Kong,travel,mobile,2025-07-20T13:20,2,0.15,0,0,,0.351,normal
TXN-003139,CUST-0330,24379.93,USD,CHECK,Turkey,Turkey,travel,branch,2025-12-14T20:46,3,0.1,0,0,,0.326,normal
TXN-003140,CUST-0112,227152.93,USD,WIRE,India,British Virgin Islands,real_estate,branch,2025-10-30T17:14,4,58.19,1,0,R-002 high-risk jurisdiction|R-003 customer behavior deviation,0.928,suspicious
TXN-003141,CUST-0180,417.8,USD,ACH,Canada,UAE,consulting,mobile,2025-08-02T02:14,2,0.41,0,0,,0.555,review
TXN-003142,CUST-0191,168096.14,USD,CASH_PAYMENT,Mexico,Russia,cash_services,advisor,2025-10-25T04:00,5,20.3,1,1,R-002 high-risk jurisdiction|R-003 customer behavior deviation,0.99,suspicious
TXN-003143,CUST-0259,242367.11,USD,CRYPTO_TRANSFER,Singapore,Nigeria,cash_services,advisor,2025-05-15T20:49,4,81.35,1,1,R-002 high-risk jurisdiction|R-003 customer behavior deviation,0.99,suspicious
TXN-003144,CUST-0069,448.65,USD,CARD,Switzerland,China,cash_services,api,2025-07-10T00:47,3,0.06,0,1,,0.495,review
TXN-003145,CUST-0342,127.75,USD,ACH,China,Cyprus,cash_services,web,2025-11-27T22:41,3,0.03,0,0,,0.404,normal
TXN-003146,CUST-0458,64.44,USD,WIRE,South Africa,Brazil,investment,advisor,2025-08-06T16:55,3,0.07,0,0,,0.348,normal
TXN-003147,CUST-0220,625.32,USD,CHECK,Mexico,UAE,travel,branch,2025-05-13T22:34,2,0.12,1,0,,0.471,review
TXN-003148,CUST-0253,722.1,USD,ACH,India,India,investment,advisor,2025-04-17T16:48,2,0.2,0,0,,0.299,normal
TXN-003149,CUST-0439,43948.48,USD,CRYPTO_TRANSFER,UAE,Russia,unknown,branch,2026-03-10T08:10,5,5.26,1,1,R-002 high-risk jurisdiction,0.875,suspicious
TXN-003150,CUST-0050,212.13,USD,WIRE,Singapore,Singapore,electronics,branch,2025-02-13T19:12,1,0.12,0,0,,0.127,normal
TXN-003151,CUST-0451,7728.48,USD,INTERNATIONAL_REMITTANCE,Germany,Germany,electronics,branch,2025-03-14T04:16,1,0.07,0,0,,0.327,normal
TXN-003152,CUST-0239,445.93,USD,WIRE,Canada,France,luxury_goods,branch,2025-11-29T10:19,1,0.07,0,0,,0.277,normal
TXN-003153,CUST-0212,801.36,USD,INTERNATIONAL_REMITTANCE,India,UAE,consulting,api,2026-03-12T06:33,2,0.13,0,0,,0.312,normal
TXN-003154,CUST-0231,147.29,USD,ACH,South Africa,Iran,consulting,advisor,2025-07-30T02:52,5,0.03,1,0,R-002 high-risk jurisdiction,0.752,suspicious
TXN-003155,CUST-0156,110.89,USD,INTERNATIONAL_REMITTANCE,UAE,UAE,investment,api,2026-05-12T02:06,2,0.04,0,0,,0.282,normal
TXN-003156,CUST-0225,2136.1,USD,CARD,France,UK,charity,advisor,2025-04-03T19:32,1,0.36,0,0,,0.197,normal
TXN-003157,CUST-0082,718.93,USD,CHECK,South Africa,India,electronics,web,2025-06-12T02:22,2,0.24,0,0,,0.413,normal
TXN-003158,CUST-0460,958.65,USD,CHECK,Canada,Canada,electronics,api,2025-09-16T21:13,1,0.16,0,0,,0.222,normal
TXN-003159,CUST-0347,287.31,USD,CARD,USA,USA,travel,advisor,2025-12-26T21:47,1,0.06,0,0,,0.281,normal
TXN-003160,CUST-0322,255334.79,USD,INTERNATIONAL_REMITTANCE,Mexico,Mexico,charity,api,2026-01-18T08:39,3,0.4,0,0,R-005 opaque merchant category,0.348,normal
TXN-003161,CUST-0486,1493.65,USD,CHECK,France,Cyprus,investment,api,2025-11-06T13:48,3,0.19,0,0,,0.393,normal
TXN-003162,CUST-0116,2123.2,USD,WIRE,Mexico,Singapore,cash_services,branch,2025-08-27T20:30,1,0.36,0,0,,0.289,normal
TXN-003163,CUST-0054,3325.13,USD,WIRE,India,Germany,investment,web,2026-04-12T08:08,1,0.72,0,1,,0.351,normal
TXN-003164,CUST-0142,9095.83,USD,ACH,UK,UK,real_estate,web,2025-04-17T06:48,1,0.03,0,0,,0.311,normal
TXN-003165,CUST-0287,8423.15,USD,INTERNATIONAL_REMITTANCE,Mexico,Hong Kong,cash_services,branch,2025-04-24T17:57,2,0.1,1,0,,0.497,review
TXN-003166,CUST-0024,1426.26,USD,CHECK,India,Mexico,electronics,advisor,2025-08-17T11:21,3,0.37,0,0,,0.61,review
TXN-003167,CUST-0018,165.66,USD,INTERNATIONAL_REMITTANCE,Turkey,Turkey,electronics,mobile,2025-04-17T07:24,3,0.03,0,0,,0.441,normal
TXN-003168,CUST-0035,4997.65,USD,INTERNATIONAL_REMITTANCE,Brazil,USA,charity,api,2025-11-12T10:47,1,0.61,0,0,,0.351,normal
TXN-003169,CUST-0363,224720.14,USD,CRYPTO_TRANSFER,India,Iran,real_estate,api,2025-08-02T10:17,5,28.4,1,1,R-002 high-risk jurisdiction|R-003 customer behavior deviation,0.99,suspicious
TXN-003170,CUST-0039,227.95,USD,ACH,Germany,Germany,real_estate,api,2026-03-22T13:20,1,0.07,0,0,,0.179,normal
TXN-003171,CUST-0253,1594.5,USD,CHECK,India,India,electronics,web,2026-04-09T23:06,2,0.43,0,0,,0.279,normal
TXN-003172,CUST-0308,146.44,USD,WIRE,India,Hong Kong,consulting,web,2025-03-10T07:39,2,0.15,0,0,,0.265,normal
TXN-003173,CUST-0242,438.96,USD,WIRE,China,Germany,import_export,mobile,2026-02-05T05:34,1,0.12,0,0,,0.397,normal
TXN-003174,CUST-0183,439.5,USD,CRYPTO_TRANSFER,Switzerland,USA,travel,api,2025-04-02T15:30,1,0.24,0,1,,0.356,normal
TXN-003175,CUST-0129,520.36,USD,CARD,Canada,Russia,travel,web,2025-05-02T13:37,5,0.44,1,0,R-002 high-risk jurisdiction,0.659,review
TXN-003176,CUST-0322,131733.08,USD,CHECK,Mexico,Hong Kong,import_export,web,2025-11-09T22:34,2,0.2,0,0,,0.337,normal
TXN-003177,CUST-0363,2469.18,USD,ACH,USA,India,charity,web,2026-04-09T05:00,2,0.31,0,0,,0.314,normal
TXN-003178,CUST-0266,648.83,USD,WIRE,Singapore,Switzerland,charity,web,2025-03-09T19:53,2,0.37,0,0,,0.32,normal
TXN-003179,CUST-0340,17684.97,USD,CARD,Switzerland,Cyprus,consulting,mobile,2025-06-04T23:51,3,0.34,0,0,,0.463,review
TXN-003180,CUST-0269,3579.24,USD,WIRE,Canada,Singapore,charity,api,2026-04-26T22:25,1,0.4,0,0,,0.421,normal
TXN-003181,CUST-0085,1582.06,USD,WIRE,France,South Africa,electronics,web,2026-03-06T13:46,3,0.27,0,0,,0.348,normal
TXN-003182,CUST-0380,124.2,USD,CARD,Canada,Turkey,charity,branch,2025-10-19T23:34,3,0.12,0,0,,0.393,normal
TXN-003183,CUST-0204,382193.47,USD,INTERNATIONAL_REMITTANCE,Mexico,Mexico,import_export,api,2025-09-03T13:25,3,1.11,0,0,,0.565,review
TXN-003184,CUST-0378,3648064.17,USD,INTERNATIONAL_REMITTANCE,Mexico,Nigeria,charity,web,2025-09-10T13:49,4,16.78,1,1,R-002 high-risk jurisdiction|R-003 customer behavior deviation|R-005 opaque merchant category,0.99,suspicious
TXN-003185,CUST-0456,1010.5,USD,ACH,China,Canada,consulting,branch,2025-08-24T20:48,1,0.15,0,0,,0.177,normal
TXN-003186,CUST-0234,24316.63,USD,CHECK,Brazil,Turkey,charity,branch,2026-01-24T02:23,3,0.24,0,0,,0.339,normal
TXN-003187,CUST-0227,890.34,USD,CASH_PAYMENT,Singapore,Singapore,import_export,web,2026-03-16T06:10,1,0.13,0,1,,0.431,normal
TXN-003188,CUST-0286,15000000,USD,INTERNATIONAL_REMITTANCE,Brazil,Cayman Islands,unknown,branch,2025-08-19T00:53,4,31.71,1,0,R-002 high-risk jurisdiction|R-003 customer behavior deviation|R-005 opaque merchant category,0.942,suspicious
TXN-003189,CUST-0242,1076.06,USD,CRYPTO_TRANSFER,China,Germany,charity,web,2025-04-11T06:35,1,0.29,0,1,,0.578,review
TXN-003190,CUST-0152,152.46,USD,INTERNATIONAL_REMITTANCE,Turkey,UK,investment,branch,2025-03-24T11:30,1,0.09,0,0,,0.293,normal
TXN-003191,CUST-0358,197.67,USD,ACH,Switzerland,Turkey,cash_services,web,2025-01-22T07:56,3,0.03,0,0,,0.317,normal
TXN-003192,CUST-0413,220.28,USD,ACH,Brazil,Brazil,real_estate,branch,2026-02-15T07:23,3,0.11,0,0,,0.541,review
TXN-003193,CUST-0190,15277.81,USD,CHECK,Turkey,Turkey,import_export,api,2025-05-01T14:18,3,0.35,0,0,,0.483,review
TXN-003194,CUST-0427,1514.57,USD,WIRE,UK,Singapore,luxury_goods,mobile,2026-03-17T15:18,1,0.4,0,0,,0.226,normal
TXN-003195,CUST-0290,50743.83,USD,CASH_PAYMENT,Mexico,Iran,charity,api,2025-03-17T21:01,5,7.31,1,1,R-002 high-risk jurisdiction,0.99,suspicious
TXN-003196,CUST-0072,545.37,USD,INTERNATIONAL_REMITTANCE,South Africa,Canada,luxury_goods,advisor,2025-10-22T19:45,1,0.1,0,0,,0.21,normal
TXN-003197,CUST-0258,2546.67,USD,INTERNATIONAL_REMITTANCE,France,Switzerland,travel,branch,2026-02-04T22:44,2,0.37,0,0,,0.358,normal
TXN-003198,CUST-0347,795.26,USD,WIRE,Singapore,South Africa,investment,advisor,2025-01-20T10:35,3,0.16,0,0,,0.421,normal
TXN-003199,CUST-0438,10453693.39,USD,WIRE,UAE,Turkey,unknown,advisor,2025-02-10T23:55,3,78.48,1,0,R-003 customer behavior deviation|R-005 opaque merchant category,0.87,suspicious
TXN-003200,CUST-0061,1575.52,USD,CHECK,Canada,Canada,charity,web,2025-02-22T03:40,1,0.35,0,1,,0.247,normal
TXN-003201,CUST-0177,454.76,USD,CHECK,UK,Hong Kong,real_estate,advisor,2026-03-08T21:12,2,0.09,0,0,,0.295,normal
TXN-003202,CUST-0025,7490.88,USD,ACH,India,India,travel,branch,2025-06-04T18:30,2,0.06,0,0,,0.304,normal
TXN-003203,CUST-0403,507.32,USD,WIRE,France,Germany,investment,api,2025-05-30T07:10,1,0.13,0,0,,0.245,normal
TXN-003204,CUST-0187,2059.58,USD,ACH,Germany,China,real_estate,branch,2025-04-11T11:25,3,0.52,0,0,,0.33,normal
TXN-003205,CUST-0323,2464.19,USD,CARD,China,South Africa,import_export,web,2026-03-19T10:15,3,0.32,0,1,,0.551,review
TXN-003206,CUST-0254,3946014.32,USD,WIRE,Turkey,South Africa,consulting,api,2025-12-16T13:48,3,40.0,1,1,R-003 customer behavior deviation|R-005 opaque merchant category,0.966,suspicious
TXN-003207,CUST-0108,138.25,USD,CHECK,USA,UAE,real_estate,branch,2025-07-09T06:47,2,0.02,0,0,,0.297,normal
TXN-003208,CUST-0321,369629.19,USD,CASH_PAYMENT,Switzerland,China,cash_services,advisor,2025-08-14T23:27,3,48.61,1,1,R-003 customer behavior deviation,0.977,suspicious
TXN-003209,CUST-0445,425.66,USD,WIRE,Germany,Germany,investment,advisor,2025-12-22T06:27,1,0.13,0,0,,0.333,normal
TXN-003210,CUST-0074,2438.69,USD,WIRE,Hong Kong,British Virgin Islands,cash_services,web,2025-11-08T18:34,4,0.29,1,0,R-002 high-risk jurisdiction,0.522,review
TXN-003211,CUST-0245,303325.08,USD,CASH_PAYMENT,Hong Kong,Cyprus,luxury_goods,web,2026-05-11T18:50,3,43.44,1,1,R-003 customer behavior deviation,0.99,suspicious
TXN-003212,CUST-0210,1691.62,USD,ACH,Hong Kong,Hong Kong,import_export,api,2026-02-16T06:26,2,0.29,0,0,,0.263,normal
TXN-003213,CUST-0012,759.42,USD,WIRE,Switzerland,USA,real_estate,advisor,2025-12-30T13:11,1,0.09,1,0,,0.313,normal
TXN-003214,CUST-0450,366689.86,USD,WIRE,Germany,Nigeria,real_estate,api,2026-01-06T04:36,4,8.16,1,0,R-002 high-risk jurisdiction,0.805,suspicious
TXN-003215,CUST-0341,1722.2,USD,CHECK,Mexico,Turkey,electronics,advisor,2025-06-15T12:19,3,0.26,0,0,,0.357,normal
TXN-003216,CUST-0140,839.19,USD,INTERNATIONAL_REMITTANCE,Mexico,Mexico,investment,branch,2025-04-08T22:34,3,0.47,0,0,,0.331,normal
TXN-003217,CUST-0171,125624.98,USD,INTERNATIONAL_REMITTANCE,South Africa,Brazil,luxury_goods,branch,2026-03-30T10:30,3,26.74,1,1,R-003 customer behavior deviation,0.955,suspicious
TXN-003218,CUST-0120,3029218.1,USD,INTERNATIONAL_REMITTANCE,Turkey,Panama,charity,api,2025-07-30T02:36,4,68.76,1,0,R-002 high-risk jurisdiction|R-003 customer behavior deviation|R-005 opaque merchant category,0.906,suspicious
TXN-003219,CUST-0199,4609.79,USD,ACH,Canada,Canada,real_estate,branch,2025-03-26T07:04,1,0.11,0,1,,0.345,normal
TXN-003220,CUST-0357,233459.5,USD,INTERNATIONAL_REMITTANCE,India,China,consulting,api,2025-11-30T15:51,3,40.68,1,1,R-003 customer behavior deviation|R-005 opaque merchant category,0.954,suspicious
TXN-003221,CUST-0096,2808.63,USD,INTERNATIONAL_REMITTANCE,Turkey,Switzerland,charity,web,2025-05-25T13:25,2,0.86,1,0,,0.45,normal
TXN-003222,CUST-0090,1867.3,USD,CHECK,South Africa,Singapore,investment,advisor,2026-01-09T20:56,1,0.04,0,0,,0.398,normal
TXN-003223,CUST-0315,207.65,USD,ACH,UAE,UAE,cash_services,api,2025-02-13T00:53,2,0.04,0,0,,0.324,normal
TXN-003224,CUST-0252,241.89,USD,CARD,Germany,Hong Kong,real_estate,advisor,2025-06-23T11:28,2,0.14,1,0,,0.396,normal
TXN-003225,CUST-0160,486.54,USD,ACH,Brazil,Hong Kong,luxury_goods,web,2025-02-19T16:31,2,0.76,0,0,,0.256,normal
TXN-003226,CUST-0283,243.13,USD,ACH,Germany,Panama,investment,mobile,2025-11-13T02:35,4,0.08,1,0,R-002 high-risk jurisdiction,0.601,review
TXN-003227,CUST-0235,7936.59,USD,WIRE,India,Mexico,consulting,branch,2026-03-07T16:44,3,0.08,0,0,,0.413,normal
TXN-003228,CUST-0057,713.05,USD,INTERNATIONAL_REMITTANCE,Mexico,Hong Kong,investment,mobile,2025-01-31T04:43,2,0.1,1,0,,0.355,normal
TXN-003229,CUST-0034,301.68,USD,CARD,Germany,Germany,cash_services,api,2026-05-09T12:40,1,0.06,0,0,,0.388,normal
TXN-003230,CUST-0466,1600.09,USD,ACH,Hong Kong,Hong Kong,import_export,api,2025-12-23T06:16,2,0.25,0,0,,0.284,normal
TXN-003231,CUST-0344,538.9,USD,ACH,UAE,UAE,consulting,api,2025-08-20T05:43,2,0.23,0,0,,0.375,normal
TXN-003232,CUST-0362,320.97,USD,ACH,Hong Kong,Singapore,consulting,advisor,2025-06-10T01:37,1,0.08,0,0,,0.231,normal
TXN-003233,CUST-0400,651.17,USD,WIRE,Hong Kong,Brazil,travel,mobile,2026-01-07T07:37,3,0.38,0,0,,0.321,normal
TXN-003234,CUST-0368,121.42,USD,ACH,USA,Singapore,electronics,branch,2026-01-14T21:12,1,0.06,0,0,,0.282,normal
TXN-003235,CUST-0242,63.18,USD,WIRE,China,France,import_export,advisor,2025-10-24T11:16,1,0.02,0,0,,0.453,review
TXN-003236,CUST-0406,45978.89,USD,INTERNATIONAL_REMITTANCE,France,South Africa,charity,web,2025-01-31T06:43,3,36.46,1,1,R-003 customer behavior deviation,0.905,suspicious
TXN-003237,CUST-0165,368721.99,USD,INTERNATIONAL_REMITTANCE,Singapore,South Africa,luxury_goods,api,2025-06-23T17:23,3,0.62,0,0,,0.432,normal
TXN-003238,CUST-0147,902.47,USD,ACH,China,China,investment,advisor,2025-11-27T23:40,3,0.11,0,0,,0.334,normal
TXN-003239,CUST-0034,477557.73,USD,WIRE,Germany,Brazil,consulting,api,2025-01-31T05:19,3,87.87,1,1,R-003 customer behavior deviation|R-005 opaque merchant category,0.99,suspicious
TXN-003240,CUST-0423,10122.66,USD,INTERNATIONAL_REMITTANCE,Canada,Switzerland,electronics,api,2026-05-05T01:46,2,0.17,0,0,,0.275,normal
TXN-003241,CUST-0276,4253.77,USD,ACH,Switzerland,Switzerland,cash_services,api,2025-06-01T15:12,2,0.8,0,0,,0.334,normal
TXN-003242,CUST-0302,96.92,USD,ACH,Cyprus,UAE,import_export,advisor,2025-06-12T14:10,2,0.14,0,1,,0.612,review
TXN-003243,CUST-0438,5492.81,USD,CARD,Hong Kong,Cyprus,cash_services,branch,2026-02-06T02:04,3,0.04,0,0,,0.365,normal
TXN-003244,CUST-0227,4319.15,USD,CHECK,Singapore,Singapore,cash_services,branch,2025-02-23T08:56,1,0.62,0,0,,0.159,normal
TXN-003245,CUST-0242,482.43,USD,CARD,China,China,cash_services,api,2025-03-07T08:49,3,0.13,0,0,,0.514,review
TXN-003246,CUST-0188,1179.88,USD,WIRE,China,France,travel,advisor,2025-06-14T05:19,1,0.29,0,0,,0.34,normal
TXN-003247,CUST-0207,113.9,USD,INTERNATIONAL_REMITTANCE,Brazil,Canada,luxury_goods,mobile,2025-05-21T02:29,1,0.09,0,0,,0.147,normal
TXN-003248,CUST-0150,1107.87,USD,ACH,Hong Kong,UAE,consulting,branch,2025-08-25T14:18,2,0.13,0,0,,0.258,normal
TXN-003249,CUST-0211,22721.69,USD,CASH_PAYMENT,India,Hong Kong,travel,advisor,2026-01-04T21:14,2,0.1,0,1,,0.68,review
TXN-003250,CUST-0092,287116.11,USD,WIRE,India,Mexico,cash_services,branch,2025-07-18T21:26,3,67.26,1,0,R-003 customer behavior deviation,0.987,suspicious
TXN-003251,CUST-0370,445.85,USD,ACH,Brazil,Hong Kong,consulting,web,2025-02-22T00:55,2,0.1,0,0,,0.327,normal
TXN-003252,CUST-0407,374.2,USD,ACH,Hong Kong,USA,electronics,branch,2025-05-06T06:21,1,0.06,0,0,,0.162,normal
TXN-003253,CUST-0186,348828.09,USD,WIRE,UAE,Brazil,unknown,branch,2025-08-31T20:08,3,86.88,1,0,R-003 customer behavior deviation|R-005 opaque merchant category,0.858,suspicious
TXN-003254,CUST-0456,267.72,USD,CRYPTO_TRANSFER,Cyprus,Canada,luxury_goods,web,2025-01-17T16:54,1,0.04,0,1,,0.437,normal
TXN-003255,CUST-0462,14803.53,USD,INTERNATIONAL_REMITTANCE,Brazil,Brazil,charity,advisor,2025-09-07T10:00,3,0.53,0,0,,0.424,normal
TXN-003256,CUST-0373,916.55,USD,CRYPTO_TRANSFER,Brazil,Cyprus,real_estate,branch,2025-02-02T07:03,3,0.12,0,1,,0.606,review
TXN-003257,CUST-0180,97.53,USD,CHECK,Canada,Panama,travel,api,2025-05-19T09:46,4,0.1,1,0,R-002 high-risk jurisdiction,0.877,suspicious
TXN-003258,CUST-0411,94557.19,USD,CRYPTO_TRANSFER,Canada,Russia,consulting,api,2025-10-09T08:32,5,60.5,1,1,R-002 high-risk jurisdiction|R-003 customer behavior deviation,0.99,suspicious
TXN-003259,CUST-0143,861.17,USD,CARD,Turkey,China,charity,api,2025-12-04T20:04,3,0.14,0,0,,0.407,normal
TXN-003260,CUST-0029,8806552.96,USD,INTERNATIONAL_REMITTANCE,UAE,Nigeria,real_estate,branch,2025-11-10T01:11,4,80.48,1,0,R-002 high-risk jurisdiction|R-003 customer behavior deviation,0.99,suspicious
TXN-003261,CUST-0343,46582.24,USD,CARD,Mexico,Mexico,investment,advisor,2025-04-12T16:42,3,0.78,0,0,,0.374,normal
TXN-003262,CUST-0017,1159.12,USD,ACH,UAE,Canada,luxury_goods,api,2026-05-02T15:23,1,0.26,0,0,,0.354,normal
TXN-003263,CUST-0386,94940.17,USD,WIRE,Hong Kong,Switzerland,real_estate,branch,2025-10-31T01:04,2,0.49,1,0,,0.552,review
TXN-003264,CUST-0164,1978.94,USD,CARD,Germany,Germany,real_estate,branch,2025-09-18T11:29,1,0.25,0,0,,0.342,normal
TXN-003265,CUST-0178,9351.74,USD,CARD,Canada,UK,luxury_goods,mobile,2026-03-27T20:42,1,0.07,0,0,,0.245,normal
TXN-003266,CUST-0179,14199.72,USD,CRYPTO_TRANSFER,Hong Kong,Hong Kong,cash_services,branch,2025-07-11T23:11,2,0.08,0,1,,0.489,review
TXN-003267,CUST-0082,609.87,USD,CHECK,South Africa,India,consulting,mobile,2025-09-21T06:51,2,0.21,0,0,,0.406,normal
TXN-003268,CUST-0411,267.6,USD,WIRE,Canada,Canada,electronics,api,2025-07-15T21:59,1,0.17,0,0,,0.211,normal
TXN-003269,CUST-0278,81.55,USD,CARD,UAE,Brazil,cash_services,mobile,2025-01-07T21:01,3,0.16,0,0,,0.329,normal
TXN-003270,CUST-0210,252.29,USD,CARD,Hong Kong,Hong Kong,cash_services,mobile,2025-05-16T04:50,2,0.04,0,0,,0.309,normal
TXN-003271,CUST-0111,3442.6,USD,CARD,UK,Switzerland,import_export,api,2026-03-24T19:28,2,0.03,0,0,,0.258,normal
TXN-003272,CUST-0081,4885.31,USD,ACH,France,Germany,consulting,mobile,2025-12-14T16:05,1,0.06,0,1,,0.347,normal
TXN-003273,CUST-0470,37099.78,USD,ACH,Germany,Germany,import_export,branch,2025-10-29T17:16,1,0.49,0,0,,0.236,normal
TXN-003274,CUST-0016,1502.67,USD,ACH,France,Singapore,luxury_goods,api,2026-02-03T10:18,1,0.18,0,0,,0.3,normal
TXN-003275,CUST-0066,20080.03,USD,INTERNATIONAL_REMITTANCE,South Africa,South Africa,luxury_goods,mobile,2025-02-22T10:45,3,0.13,0,0,,0.5,review
TXN-003276,CUST-0122,47144.3,USD,INTERNATIONAL_REMITTANCE,Mexico,Cayman Islands,charity,web,2025-05-10T12:20,4,9.27,1,1,R-002 high-risk jurisdiction,0.885,suspicious
TXN-003277,CUST-0361,5234.69,USD,CARD,UAE,Turkey,consulting,mobile,2026-03-26T03:37,3,0.08,0,0,,0.399,normal
TXN-003278,CUST-0298,2441.9,USD,INTERNATIONAL_REMITTANCE,France,Switzerland,consulting,api,2025-02-03T23:13,2,0.28,0,0,,0.354,normal
TXN-003279,CUST-0044,3037.33,USD,CHECK,UK,France,real_estate,advisor,2026-05-14T13:38,1,0.91,0,0,,0.237,normal
TXN-003280,CUST-0187,479.46,USD,WIRE,Germany,Germany,cash_services,api,2025-11-29T12:18,1,0.12,0,1,,0.26,normal
TXN-003281,CUST-0317,5687.93,USD,CHECK,UK,South Africa,luxury_goods,branch,2025-04-12T12:54,3,1.24,0,0,,0.508,review
TXN-003282,CUST-0157,1357.08,USD,CHECK,Germany,UK,consulting,branch,2026-03-31T23:12,1,0.28,0,0,,0.206,normal
TXN-003283,CUST-0080,5617.12,USD,ACH,Singapore,Singapore,consulting,web,2025-04-03T04:57,1,0.06,0,0,,0.18,normal
TXN-003284,CUST-0096,118.79,USD,CARD,France,Turkey,investment,branch,2025-05-12T15:08,3,0.04,0,0,,0.311,normal
TXN-003285,CUST-0233,3816.12,USD,INTERNATIONAL_REMITTANCE,Cyprus,Cyprus,luxury_goods,mobile,2025-02-21T00:49,3,0.65,0,0,,0.387,normal
TXN-003286,CUST-0107,295.01,USD,INTERNATIONAL_REMITTANCE,South Africa,France,cash_services,branch,2025-11-06T22:59,1,0.1,0,0,,0.28,normal
TXN-003287,CUST-0495,752225.04,USD,CRYPTO_TRANSFER,Brazil,Cyprus,consulting,api,2025-11-18T02:54,3,90.0,1,1,R-003 customer behavior deviation|R-004 large crypto transfer|R-005 opaque merchant category,0.99,suspicious
TXN-003288,CUST-0447,675.65,USD,CHECK,Cyprus,Germany,import_export,api,2025-12-19T23:00,1,0.25,0,0,,0.164,normal
TXN-003289,CUST-0204,93123.24,USD,INTERNATIONAL_REMITTANCE,Mexico,Cyprus,travel,web,2025-03-02T23:00,3,0.27,0,0,,0.594,review
TXN-003290,CUST-0294,52246.08,USD,CARD,Canada,Mexico,charity,advisor,2026-04-17T10:19,3,0.27,0,0,,0.415,normal
TXN-003291,CUST-0374,556.38,USD,ACH,UK,France,cash_services,api,2026-03-11T13:10,1,0.08,0,0,,0.23,normal
TXN-003292,CUST-0052,300.44,USD,CARD,Cyprus,India,cash_services,mobile,2025-09-05T00:08,2,0.05,0,0,,0.384,normal
TXN-003293,CUST-0386,25625.13,USD,WIRE,Hong Kong,South Africa,electronics,branch,2026-01-30T15:23,3,0.13,0,0,,0.413,normal
TXN-003294,CUST-0305,570.34,USD,CHECK,Brazil,Hong Kong,cash_services,api,2026-04-19T21:35,2,0.08,0,0,,0.273,normal
TXN-003295,CUST-0381,14124.3,USD,INTERNATIONAL_REMITTANCE,Brazil,Brazil,luxury_goods,advisor,2025-06-26T08:25,3,0.22,0,0,,0.45,review
TXN-003296,CUST-0232,1097.72,USD,WIRE,Mexico,Brazil,charity,branch,2025-03-06T12:55,3,0.14,0,0,,0.351,normal
TXN-003297,CUST-0145,557.65,USD,CHECK,Canada,Canada,investment,web,2025-07-20T06:42,1,0.12,0,0,,0.238,normal
TXN-003298,CUST-0375,101759.98,USD,WIRE,Germany,Russia,unknown,web,2025-04-08T03:57,5,48.3,1,1,R-002 high-risk jurisdiction|R-003 customer behavior deviation|R-005 opaque merchant category,0.99,suspicious
TXN-003299,CUST-0077,1304.9,USD,CHECK,Canada,France,electronics,api,2025-09-20T12:21,1,0.2,0,0,,0.289,normal
TXN-003300,CUST-0201,612.02,USD,INTERNATIONAL_REMITTANCE,Hong Kong,China,electronics,mobile,2025-04-01T17:09,3,0.22,0,0,,0.406,normal
TXN-003301,CUST-0040,1013.58,USD,INTERNATIONAL_REMITTANCE,Turkey,South Africa,consulting,mobile,2026-02-18T01:37,3,0.13,0,0,,0.332,normal
TXN-003302,CUST-0291,323.35,USD,WIRE,Hong Kong,UK,cash_services,branch,2025-03-19T17:46,1,0.06,0,0,,0.156,normal
TXN-003303,CUST-0356,298.14,USD,WIRE,Switzerland,Switzerland,consulting,branch,2025-12-27T04:03,2,0.04,0,0,,0.261,normal
TXN-003304,CUST-0467,28445.59,USD,CASH_PAYMENT,China,Iran,cash_services,advisor,2025-03-17T10:37,5,26.46,1,1,R-002 high-risk jurisdiction|R-003 customer behavior deviation,0.99,suspicious
TXN-003305,CUST-0282,8786.84,USD,WIRE,Singapore,Canada,cash_services,api,2025-04-13T12:34,1,0.13,0,0,,0.244,normal
TXN-003306,CUST-0237,11637.6,USD,ACH,Switzerland,Switzerland,investment,advisor,2025-12-27T22:22,2,0.57,0,0,,0.312,normal
TXN-003307,CUST-0419,1756.94,USD,CHECK,UAE,Mexico,consulting,branch,2025-12-31T02:08,3,0.29,1,0,,0.484,review
TXN-003308,CUST-0263,935676.85,USD,CRYPTO_TRANSFER,France,Panama,luxury_goods,api,2025-11-13T00:58,4,17.88,1,1,R-002 high-risk jurisdiction|R-003 customer behavior deviation|R-004 large crypto transfer,0.99,suspicious
TXN-003309,CUST-0300,361.12,USD,CARD,USA,Brazil,travel,web,2025-03-06T08:12,3,0.06,1,0,,0.513,review
TXN-003310,CUST-0097,59007.72,USD,ACH,Turkey,USA,luxury_goods,web,2025-04-29T06:40,1,0.42,0,0,,0.411,normal
TXN-003311,CUST-0484,189762.91,USD,CARD,South Africa,Switzerland,real_estate,web,2026-04-16T01:26,2,0.82,0,0,,0.379,normal
TXN-003312,CUST-0149,846.47,USD,WIRE,Switzerland,India,electronics,branch,2025-12-05T08:58,2,0.44,0,0,,0.448,normal
TXN-003313,CUST-0022,10060.25,USD,ACH,USA,Cyprus,cash_services,api,2025-04-15T09:43,3,0.27,0,1,,0.602,review
TXN-003314,CUST-0334,2546.8,USD,WIRE,Cyprus,Mexico,real_estate,mobile,2025-02-17T13:04,3,0.45,1,0,,0.534,review
TXN-003315,CUST-0453,633.69,USD,CRYPTO_TRANSFER,UK,UK,real_estate,advisor,2025-02-13T22:34,1,0.1,0,1,,0.419,normal
TXN-003316,CUST-0014,1032.98,USD,CHECK,Cyprus,UAE,luxury_goods,branch,2026-02-11T12:08,2,0.38,0,0,,0.399,normal
TXN-003317,CUST-0452,941.87,USD,CHECK,Germany,Singapore,travel,mobile,2026-04-11T15:24,1,0.34,0,1,,0.325,normal
TXN-003318,CUST-0268,1873.18,USD,WIRE,USA,UK,charity,mobile,2025-12-26T08:57,1,0.23,0,0,,0.271,normal
TXN-003319,CUST-0074,92658.61,USD,WIRE,Turkey,Russia,consulting,branch,2025-01-06T20:43,5,10.98,1,0,R-002 high-risk jurisdiction|R-003 customer behavior deviation,0.815,suspicious
TXN-003320,CUST-0330,5143901.0,USD,WIRE,USA,Russia,charity,advisor,2025-11-12T08:14,5,21.26,1,1,R-002 high-risk jurisdiction|R-003 customer behavior deviation|R-005 opaque merchant category,0.99,suspicious
TXN-003321,CUST-0121,905.61,USD,CARD,Germany,UK,charity,web,2025-10-04T22:51,1,0.45,0,0,,0.144,normal
TXN-003322,CUST-0092,854.5,USD,ACH,India,India,travel,advisor,2025-06-19T06:13,2,0.2,0,0,,0.431,normal
TXN-003323,CUST-0001,25.25,USD,WIRE,Turkey,Hong Kong,import_export,web,2025-09-09T20:17,2,0.04,1,0,,0.351,normal
TXN-003324,CUST-0229,165.06,USD,WIRE,South Africa,France,luxury_goods,mobile,2026-01-05T22:14,1,0.06,0,0,,0.234,normal
TXN-003325,CUST-0169,1228.05,USD,WIRE,Canada,South Africa,luxury_goods,mobile,2025-12-20T09:21,3,0.06,0,0,,0.376,normal
TXN-003326,CUST-0027,9611.87,USD,INTERNATIONAL_REMITTANCE,Germany,Switzerland,luxury_goods,api,2026-02-23T15:17,2,0.16,0,1,,0.359,normal
TXN-003327,CUST-0183,112.77,USD,CHECK,USA,Germany,charity,api,2025-12-26T00:47,1,0.06,0,0,,0.224,normal
TXN-003328,CUST-0082,451.07,USD,CHECK,India,South Africa,consulting,api,2025-03-24T03:22,3,0.15,0,0,,0.499,review
TXN-003329,CUST-0110,10220.83,USD,CRYPTO_TRANSFER,Brazil,USA,luxury_goods,api,2025-10-24T05:50,1,0.25,0,1,,0.479,review
TXN-003330,CUST-0372,20049.1,USD,WIRE,Singapore,Singapore,cash_services,web,2026-04-16T07:06,1,0.24,0,0,,0.327,normal
TXN-003331,CUST-0219,695.41,USD,INTERNATIONAL_REMITTANCE,China,India,import_export,web,2025-10-06T14:37,2,0.79,1,0,,0.491,review
TXN-003332,CUST-0255,4858.67,USD,CHECK,UK,UK,real_estate,web,2026-03-18T12:28,1,0.55,0,0,,0.311,normal
TXN-003333,CUST-0027,18948.48,USD,CARD,Switzerland,Germany,travel,branch,2025-06-10T21:02,1,0.32,0,0,,0.18,normal
TXN-003334,CUST-0432,4523.43,USD,WIRE,France,UK,travel,api,2026-03-11T18:37,1,0.17,0,0,,0.151,normal
TXN-003335,CUST-0398,219.82,USD,CARD,Cyprus,UAE,travel,advisor,2026-01-02T10:05,2,0.07,0,0,,0.233,normal
TXN-003336,CUST-0073,132.64,USD,ACH,France,France,travel,mobile,2025-02-26T06:17,1,0.03,0,0,,0.24,normal
TXN-003337,CUST-0417,110409.47,USD,CASH_PAYMENT,India,Canada,electronics,api,2025-06-15T03:16,1,0.24,0,1,,0.485,review
TXN-003338,CUST-0151,48.99,USD,ACH,Singapore,Singapore,travel,advisor,2025-07-09T19:07,1,0.02,0,0,,0.203,normal
TXN-003339,CUST-0374,1173.41,USD,WIRE,UK,Germany,travel,mobile,2025-03-15T04:33,1,0.17,0,0,,0.288,normal
TXN-003340,CUST-0243,951.9,USD,CARD,Turkey,UAE,consulting,api,2025-05-08T02:09,2,0.12,0,0,,0.275,normal
TXN-003341,CUST-0148,9703.55,USD,CASH_PAYMENT,Germany,Cyprus,investment,web,2025-12-11T10:59,3,0.14,0,1,,0.585,review
TXN-003342,CUST-0200,147.6,USD,INTERNATIONAL_REMITTANCE,South Africa,South Africa,cash_services,advisor,2026-02-02T17:44,3,0.03,0,0,,0.331,normal
TXN-003343,CUST-0467,83.53,USD,INTERNATIONAL_REMITTANCE,Singapore,UK,investment,mobile,2026-02-21T03:03,1,0.08,0,0,,0.251,normal
TXN-003344,CUST-0096,1546.09,USD,CARD,Turkey,France,luxury_goods,api,2025-06-18T01:11,1,0.48,0,0,,0.22,normal
TXN-003345,CUST-0160,57325.79,USD,CASH_PAYMENT,Hong Kong,Cayman Islands,cash_services,web,2026-03-04T15:16,4,89.37,1,1,R-002 high-risk jurisdiction|R-003 customer behavior deviation,0.99,suspicious
TXN-003346,CUST-0002,473.49,USD,ACH,UAE,Switzerland,consulting,advisor,2025-04-19T12:27,2,0.2,1,0,,0.452,review
TXN-003347,CUST-0088,355.92,USD,CHECK,Germany,India,cash_services,api,2025-12-21T13:58,2,0.05,0,0,,0.264,normal
TXN-003348,CUST-0434,1252852.61,USD,CASH_PAYMENT,China,China,cash_services,api,2025-11-03T00:58,3,16.6,0,1,R-003 customer behavior deviation,0.895,suspicious
TXN-003349,CUST-0011,1064.91,USD,CARD,China,Cyprus,real_estate,web,2025-01-14T21:17,3,0.25,0,0,,0.403,normal
TXN-003350,CUST-0133,18909.02,USD,CRYPTO_TRANSFER,UK,Switzerland,consulting,mobile,2025-05-14T06:38,2,0.29,0,1,,0.546,review
TXN-003351,CUST-0475,817.65,USD,WIRE,Turkey,Turkey,import_export,mobile,2026-04-01T18:02,3,0.14,0,0,,0.349,normal
TXN-003352,CUST-0002,115205.42,USD,CASH_PAYMENT,UAE,Russia,real_estate,branch,2025-04-30T16:09,5,48.85,1,1,R-002 high-risk jurisdiction|R-003 customer behavior deviation,0.99,suspicious
TXN-003353,CUST-0450,4021.32,USD,CHECK,Germany,UK,cash_services,branch,2025-03-16T16:42,1,0.09,0,0,,0.262,normal
TXN-003354,CUST-0396,6603.43,USD,INTERNATIONAL_REMITTANCE,Brazil,Brazil,luxury_goods,mobile,2026-01-13T01:43,3,0.04,0,0,,0.466,review
TXN-003355,CUST-0481,50205.11,USD,WIRE,China,Nigeria,real_estate,api,2026-03-18T10:51,4,79.73,1,0,R-002 high-risk jurisdiction|R-003 customer behavior deviation,0.883,suspicious
TXN-003356,CUST-0252,1036.79,USD,CHECK,Germany,Germany,investment,branch,2026-05-13T04:49,1,0.58,0,0,,0.274,normal
TXN-003357,CUST-0175,16670.41,USD,INTERNATIONAL_REMITTANCE,Hong Kong,Hong Kong,consulting,mobile,2025-09-13T01:29,2,0.19,0,0,,0.341,normal
TXN-003358,CUST-0277,1116.4,USD,WIRE,Switzerland,France,consulting,mobile,2025-04-25T02:01,1,0.06,0,0,,0.319,normal
TXN-003359,CUST-0379,1014.63,USD,WIRE,Canada,Canada,travel,mobile,2025-04-30T13:56,1,0.2,0,0,,0.309,normal
TXN-003360,CUST-0390,3681.97,USD,WIRE,Germany,Mexico,electronics,web,2025-02-11T03:09,3,0.64,1,0,,0.543,review
TXN-003361,CUST-0232,75087.76,USD,CASH_PAYMENT,Brazil,British Virgin Islands,luxury_goods,web,2025-05-18T00:20,4,9.55,1,1,R-002 high-risk jurisdiction,0.917,suspicious
TXN-003362,CUST-0397,916.47,USD,CARD,USA,India,charity,branch,2025-01-23T21:36,2,0.12,0,0,,0.301,normal
TXN-003363,CUST-0054,311.93,USD,CARD,Brazil,Brazil,real_estate,advisor,2025-09-18T19:59,3,0.07,0,0,,0.418,normal
TXN-003364,CUST-0132,99200.28,USD,INTERNATIONAL_REMITTANCE,Turkey,Germany,luxury_goods,api,2025-05-28T16:42,1,0.4,0,0,,0.165,normal
TXN-003365,CUST-0428,1689.39,USD,CARD,Mexico,India,real_estate,web,2025-06-04T08:49,2,0.38,0,1,,0.367,normal
TXN-003366,CUST-0356,1062.04,USD,INTERNATIONAL_REMITTANCE,Switzerland,Switzerland,import_export,mobile,2025-10-01T22:44,2,0.16,0,0,,0.328,normal
TXN-003367,CUST-0153,2014.59,USD,CHECK,Mexico,Mexico,luxury_goods,web,2025-05-02T20:20,3,0.77,0,0,,0.307,normal
TXN-003368,CUST-0398,340.65,USD,CARD,USA,UAE,real_estate,api,2025-05-09T05:10,2,0.1,0,0,,0.241,normal
TXN-003369,CUST-0060,109.94,USD,ACH,China,China,real_estate,web,2025-05-28T16:12,3,0.05,0,0,,0.371,normal
TXN-003370,CUST-0118,319.44,USD,WIRE,UAE,UAE,investment,branch,2025-05-01T05:30,2,0.06,0,0,,0.234,normal
TXN-003371,CUST-0470,15845.41,USD,WIRE,Germany,Mexico,real_estate,mobile,2025-09-29T11:39,3,0.21,1,0,,0.522,review
TXN-003372,CUST-0097,21386.52,USD,CASH_PAYMENT,USA,UAE,real_estate,mobile,2026-02-14T12:36,2,0.15,1,1,,0.866,suspicious
TXN-003373,CUST-0373,372795.2,USD,CASH_PAYMENT,UAE,South Africa,luxury_goods,branch,2025-04-03T19:09,3,49.48,1,1,R-003 customer behavior deviation,0.99,suspicious
TXN-003374,CUST-0419,1127.02,USD,CARD,USA,UAE,travel,mobile,2025-04-07T10:32,2,0.19,0,0,,0.246,normal
TXN-003375,CUST-0146,6432.41,USD,INTERNATIONAL_REMITTANCE,Singapore,Singapore,charity,branch,2025-05-30T05:03,1,0.15,0,0,,0.431,normal
TXN-003376,CUST-0101,862.58,USD,WIRE,Canada,Turkey,charity,mobile,2025-05-31T22:06,3,0.32,1,0,,0.498,review
TXN-003377,CUST-0337,1595.75,USD,INTERNATIONAL_REMITTANCE,UAE,British Virgin Islands,investment,advisor,2025-03-02T04:37,4,0.39,1,0,R-002 high-risk jurisdiction,0.546,review
TXN-003378,CUST-0464,732.86,USD,CASH_PAYMENT,Germany,Turkey,luxury_goods,branch,2026-03-12T03:48,3,0.16,1,1,,0.675,review
TXN-003379,CUST-0258,1771.35,USD,WIRE,UAE,Brazil,investment,mobile,2025-07-16T19:28,3,0.26,0,0,,0.391,normal
TXN-003380,CUST-0418,150226.4,USD,CRYPTO_TRANSFER,India,South Africa,luxury_goods,branch,2025-09-10T17:17,3,17.18,1,1,R-003 customer behavior deviation,0.99,suspicious
TXN-003381,CUST-0055,92.8,USD,INTERNATIONAL_REMITTANCE,Switzerland,Russia,consulting,web,2026-01-20T04:54,5,0.02,1,0,R-002 high-risk jurisdiction,0.634,review
TXN-003382,CUST-0200,292319.4,USD,CRYPTO_TRANSFER,Germany,British Virgin Islands,cash_services,branch,2025-06-23T16:05,4,61.56,1,1,R-002 high-risk jurisdiction|R-003 customer behavior deviation|R-004 large crypto transfer,0.99,suspicious
TXN-003383,CUST-0013,135.6,USD,ACH,UK,Turkey,cash_services,mobile,2025-10-08T09:13,3,0.05,0,0,,0.419,normal
TXN-003384,CUST-0231,1407.9,USD,CHECK,South Africa,China,real_estate,advisor,2025-04-27T01:37,3,0.28,0,0,,0.493,review
TXN-003385,CUST-0055,2685.06,USD,CRYPTO_TRANSFER,Switzerland,Switzerland,travel,mobile,2025-02-17T04:45,2,0.43,0,1,,0.478,review
TXN-003386,CUST-0267,572.56,USD,CARD,Cyprus,Singapore,charity,mobile,2025-01-13T12:23,1,0.26,0,0,,0.188,normal
TXN-003387,CUST-0401,168.65,USD,INTERNATIONAL_REMITTANCE,Singapore,Singapore,luxury_goods,advisor,2025-05-25T13:25,1,0.06,0,0,,0.174,normal
TXN-003388,CUST-0419,1638.39,USD,CARD,USA,UAE,travel,web,2026-04-06T20:18,2,0.27,0,0,,0.338,normal
TXN-003389,CUST-0028,4038.13,USD,INTERNATIONAL_REMITTANCE,UK,UK,luxury_goods,api,2025-08-12T14:28,1,0.12,0,0,,0.219,normal
TXN-003390,CUST-0197,39.74,USD,WIRE,USA,USA,investment,api,2026-02-17T12:08,1,0.07,0,0,,0.273,normal
TXN-003391,CUST-0172,589.25,USD,ACH,UK,Hong Kong,luxury_goods,web,2025-05-28T20:37,2,0.28,0,0,,0.307,normal
TXN-003392,CUST-0027,6500.28,USD,CHECK,Germany,Germany,import_export,web,2026-04-13T07:34,1,0.11,0,0,,0.167,normal
TXN-003393,CUST-0220,181836.38,USD,CRYPTO_TRANSFER,Mexico,Turkey,charity,api,2025-02-19T21:49,3,34.58,1,1,R-003 customer behavior deviation|R-005 opaque merchant category,0.99,suspicious
TXN-003394,CUST-0350,46198.94,USD,INTERNATIONAL_REMITTANCE,Cyprus,Cyprus,cash_services,mobile,2025-12-27T17:54,3,0.31,0,0,,0.406,normal
TXN-003395,CUST-0281,2065926.15,USD,WIRE,Canada,Cyprus,consulting,api,2025-08-07T08:54,3,73.39,1,1,R-003 customer behavior deviation|R-005 opaque merchant category,0.986,suspicious
TXN-003396,CUST-0325,389.64,USD,WIRE,Canada,UK,luxury_goods,web,2026-01-10T10:21,1,0.1,0,0,,0.203,normal
TXN-003397,CUST-0272,105.58,USD,WIRE,UK,Mexico,investment,web,2026-04-01T15:27,3,0.16,0,0,,0.374,normal
TXN-003398,CUST-0329,112601.47,USD,CHECK,China,Switzerland,import_export,web,2025-10-06T13:47,2,0.52,0,0,,0.368,normal
TXN-003399,CUST-0268,6361.2,USD,WIRE,UK,Cyprus,luxury_goods,mobile,2025-07-31T16:27,3,0.77,0,0,,0.334,normal
TXN-003400,CUST-0366,13620.0,USD,WIRE,Singapore,China,investment,branch,2025-03-17T21:15,3,0.2,0,0,,0.457,review
TXN-003401,CUST-0189,1429.81,USD,CHECK,Switzerland,Hong Kong,investment,api,2025-04-15T06:10,2,0.21,0,0,,0.216,normal
TXN-003402,CUST-0368,116.6,USD,INTERNATIONAL_REMITTANCE,Singapore,USA,cash_services,advisor,2025-12-30T19:15,1,0.06,0,0,,0.276,normal
TXN-003403,CUST-0337,903.31,USD,INTERNATIONAL_REMITTANCE,Brazil,Hong Kong,import_export,mobile,2025-01-21T02:25,2,0.22,0,0,,0.368,normal
TXN-003404,CUST-0234,2178911.22,USD,CRYPTO_TRANSFER,Canada,Panama,luxury_goods,advisor,2025-08-24T03:27,4,21.12,1,1,R-002 high-risk jurisdiction|R-003 customer behavior deviation|R-004 large crypto transfer,0.99,suspicious
TXN-003405,CUST-0211,48951.87,USD,ACH,India,Hong Kong,luxury_goods,api,2025-06-26T20:48,2,0.22,0,0,,0.499,review
TXN-003406,CUST-0159,523.77,USD,INTERNATIONAL_REMITTANCE,Hong Kong,Hong Kong,travel,mobile,2025-07-15T02:26,2,0.16,0,0,,0.307,normal
TXN-003407,CUST-0194,2345528.9,USD,CRYPTO_TRANSFER,China,Turkey,luxury_goods,advisor,2025-09-13T02:07,3,49.77,1,1,R-003 customer behavior deviation|R-004 large crypto transfer,0.99,suspicious
TXN-003408,CUST-0052,111933.45,USD,CRYPTO_TRANSFER,UAE,British Virgin Islands,charity,branch,2025-10-14T07:26,4,17.72,1,1,R-002 high-risk jurisdiction|R-003 customer behavior deviation|R-005 opaque merchant category,0.99,suspicious
TXN-003409,CUST-0484,7027.65,USD,CHECK,Switzerland,Hong Kong,charity,api,2026-01-07T20:04,2,0.03,0,0,,0.352,normal
TXN-003410,CUST-0401,431.39,USD,INTERNATIONAL_REMITTANCE,Mexico,UK,consulting,web,2025-02-11T14:31,1,0.14,1,0,,0.283,normal
TXN-003411,CUST-0092,1242.62,USD,ACH,Germany,Switzerland,electronics,advisor,2025-08-10T15:13,2,0.29,0,0,,0.447,normal
TXN-003412,CUST-0033,1104.76,USD,CARD,Switzerland,Switzerland,electronics,advisor,2025-06-17T01:13,2,0.14,0,0,,0.464,review
TXN-003413,CUST-0362,183.02,USD,CARD,Mexico,France,investment,advisor,2025-12-23T15:55,1,0.05,1,1,,0.465,review
TXN-003414,CUST-0317,436.76,USD,INTERNATIONAL_REMITTANCE,UK,UK,luxury_goods,web,2025-03-01T22:30,1,0.1,0,0,,0.347,normal
TXN-003415,CUST-0165,22862.25,USD,INTERNATIONAL_REMITTANCE,China,India,electronics,branch,2025-12-20T07:02,2,0.04,0,0,,0.35,normal
TXN-003416,CUST-0327,194400.71,USD,INTERNATIONAL_REMITTANCE,Turkey,South Africa,cash_services,advisor,2025-05-24T10:29,3,24.98,1,0,R-003 customer behavior deviation,0.838,suspicious
TXN-003417,CUST-0086,3065.66,USD,CARD,India,India,electronics,web,2025-01-17T23:49,2,0.37,0,0,,0.454,review
TXN-003418,CUST-0198,670.41,USD,INTERNATIONAL_REMITTANCE,India,Mexico,real_estate,web,2025-01-22T08:46,3,0.13,0,1,,0.511,review
TXN-003419,CUST-0253,147772.28,USD,WIRE,Germany,China,consulting,api,2026-01-11T10:23,3,40.28,1,0,R-003 customer behavior deviation|R-005 opaque merchant category,0.889,suspicious
TXN-003420,CUST-0177,1263.4,USD,CARD,UK,UK,luxury_goods,web,2025-09-15T19:51,1,0.24,0,0,,0.147,normal
TXN-003421,CUST-0432,13705.37,USD,ACH,UK,France,travel,api,2026-01-23T18:14,1,0.51,0,0,,0.228,normal
TXN-003422,CUST-0066,13149.84,USD,ACH,South Africa,Canada,investment,web,2026-04-02T01:01,1,0.08,0,0,,0.306,normal
TXN-003423,CUST-0080,29511.69,USD,INTERNATIONAL_REMITTANCE,Singapore,Cyprus,import_export,advisor,2026-05-16T07:20,3,0.32,0,0,,0.35,normal
TXN-003424,CUST-0128,560.41,USD,INTERNATIONAL_REMITTANCE,USA,France,cash_services,web,2025-06-05T20:38,1,0.09,0,1,,0.328,normal
TXN-003425,CUST-0077,4027.77,USD,INTERNATIONAL_REMITTANCE,France,Canada,electronics,api,2026-02-10T20:52,1,0.61,0,0,,0.245,normal
TXN-003426,CUST-0188,650.35,USD,CARD,France,UK,import_export,web,2025-11-22T12:59,1,0.16,1,0,,0.448,normal
TXN-003427,CUST-0109,2314847.31,USD,CRYPTO_TRANSFER,UK,Nigeria,luxury_goods,branch,2025-10-07T15:47,4,25.68,1,1,R-002 high-risk jurisdiction|R-003 customer behavior deviation|R-004 large crypto transfer,0.99,suspicious
TXN-003428,CUST-0471,16.86,USD,INTERNATIONAL_REMITTANCE,Cyprus,Canada,luxury_goods,api,2026-03-23T12:39,1,0.03,0,0,,0.136,normal
TXN-003429,CUST-0336,1614.02,USD,CARD,Turkey,Turkey,luxury_goods,branch,2025-09-07T07:41,3,0.18,0,0,,0.342,normal
TXN-003430,CUST-0008,220.26,USD,INTERNATIONAL_REMITTANCE,Germany,Singapore,import_export,branch,2025-07-15T06:44,1,0.1,0,0,,0.297,normal
TXN-003431,CUST-0447,331.16,USD,CARD,Germany,Cyprus,investment,branch,2025-06-23T07:48,3,0.12,0,0,,0.407,normal
TXN-003432,CUST-0258,3287.83,USD,INTERNATIONAL_REMITTANCE,Switzerland,France,consulting,api,2025-10-31T07:32,1,0.48,0,0,,0.169,normal
TXN-003433,CUST-0193,4637.84,USD,INTERNATIONAL_REMITTANCE,India,Germany,import_export,mobile,2025-02-02T14:05,1,0.85,0,1,,0.323,normal
TXN-003434,CUST-0363,3639.18,USD,WIRE,Germany,USA,consulting,advisor,2025-05-13T08:24,1,0.46,0,0,,0.2,normal
TXN-003435,CUST-0299,1763.75,USD,CHECK,South Africa,South Africa,travel,web,2025-08-23T19:14,3,0.31,0,0,,0.346,normal
TXN-003436,CUST-0302,55.95,USD,CASH_PAYMENT,Cyprus,UAE,investment,branch,2025-02-27T10:14,2,0.08,0,1,,0.728,suspicious
TXN-003437,CUST-0313,1004.36,USD,WIRE,China,Mexico,cash_services,web,2025-11-14T18:39,3,0.15,0,0,,0.461,review
TXN-003438,CUST-0478,15000000,USD,CRYPTO_TRANSFER,Turkey,China,charity,web,2026-02-15T08:14,3,63.54,1,1,R-003 customer behavior deviation|R-004 large crypto transfer|R-005 opaque merchant category,0.99,suspicious
TXN-003439,CUST-0375,1856.76,USD,CHECK,Germany,Germany,electronics,web,2025-08-21T16:38,1,0.88,0,0,,0.264,normal
TXN-003440,CUST-0112,290666.18,USD,WIRE,India,British Virgin Islands,unknown,api,2026-03-07T16:42,4,74.46,1,0,R-002 high-risk jurisdiction|R-003 customer behavior deviation|R-005 opaque merchant category,0.925,suspicious
TXN-003441,CUST-0063,343.14,USD,ACH,Turkey,Hong Kong,luxury_goods,api,2026-03-03T19:13,2,0.06,0,0,,0.302,normal
TXN-003442,CUST-0064,496.71,USD,CHECK,Turkey,Hong Kong,real_estate,api,2026-04-23T02:20,2,0.1,0,0,,0.234,normal
TXN-003443,CUST-0487,938.95,USD,CASH_PAYMENT,Singapore,Singapore,import_export,web,2025-06-19T14:47,1,0.21,0,1,,0.36,normal
TXN-003444,CUST-0466,2263.72,USD,INTERNATIONAL_REMITTANCE,India,Singapore,luxury_goods,branch,2025-11-26T20:27,1,0.35,0,0,,0.238,normal
TXN-003445,CUST-0478,78650.15,USD,INTERNATIONAL_REMITTANCE,UAE,Turkey,travel,api,2025-06-11T07:35,3,0.33,0,0,,0.496,review
TXN-003446,CUST-0226,28.26,USD,ACH,UAE,Switzerland,import_export,mobile,2026-05-10T13:30,2,0.05,0,0,,0.266,normal
TXN-003447,CUST-0290,684.84,USD,INTERNATIONAL_REMITTANCE,Mexico,Germany,travel,branch,2026-01-23T21:45,1,0.1,0,0,,0.27,normal
TXN-003448,CUST-0163,90.89,USD,CHECK,Cyprus,China,charity,branch,2025-05-08T05:47,3,0.05,0,0,,0.317,normal
TXN-003449,CUST-0190,12480.17,USD,ACH,UAE,UAE,real_estate,api,2025-12-22T02:06,2,0.29,0,0,,0.426,normal
TXN-003450,CUST-0377,916.13,USD,ACH,UK,India,consulting,web,2025-01-16T00:08,2,0.41,0,0,,0.298,normal
TXN-003451,CUST-0150,9929.36,USD,WIRE,Mexico,South Africa,consulting,branch,2026-02-25T11:49,3,1.16,1,0,,0.578,review
TXN-003452,CUST-0257,1207.08,USD,ACH,Cyprus,Canada,charity,api,2025-06-20T15:35,1,0.14,0,0,,0.356,normal
TXN-003453,CUST-0238,2179.37,USD,INTERNATIONAL_REMITTANCE,Singapore,UAE,cash_services,branch,2025-08-07T14:33,2,0.36,0,0,,0.258,normal
TXN-003454,CUST-0198,103.28,USD,ACH,Canada,India,luxury_goods,mobile,2026-01-26T08:41,2,0.02,0,0,,0.314,normal
TXN-003455,CUST-0444,1130969.72,USD,CRYPTO_TRANSFER,Canada,Cayman Islands,luxury_goods,api,2025-04-11T19:24,4,65.28,1,1,R-002 high-risk jurisdiction|R-003 customer behavior deviation|R-004 large crypto transfer,0.99,suspicious
TXN-003456,CUST-0146,2517.23,USD,CARD,UK,UK,luxury_goods,advisor,2026-04-07T17:31,1,0.06,0,0,,0.454,review
TXN-003457,CUST-0199,7956.27,USD,WIRE,China,China,import_export,branch,2025-10-14T03:36,3,0.18,0,0,,0.515,review
TXN-003458,CUST-0274,1687.93,USD,INTERNATIONAL_REMITTANCE,UK,Switzerland,travel,api,2025-08-04T00:16,2,0.2,0,0,,0.268,normal
TXN-003459,CUST-0017,629.28,USD,INTERNATIONAL_REMITTANCE,South Africa,South Africa,consulting,mobile,2026-02-05T02:57,3,0.14,0,0,,0.454,review
TXN-003460,CUST-0352,6816.06,USD,INTERNATIONAL_REMITTANCE,UAE,Switzerland,cash_services,branch,2025-04-13T02:39,2,0.07,1,0,,0.361,normal
TXN-003461,CUST-0434,14103.45,USD,CHECK,China,USA,travel,mobile,2025-11-12T08:25,1,0.19,0,0,,0.289,normal
TXN-003462,CUST-0217,59070.01,USD,WIRE,USA,Singapore,electronics,branch,2025-11-02T03:44,1,0.38,0,0,,0.403,normal
TXN-003463,CUST-0241,219313.86,USD,CRYPTO_TRANSFER,Brazil,South Africa,charity,advisor,2026-03-21T06:39,3,33.03,1,1,R-003 customer behavior deviation|R-005 opaque merchant category,0.99,suspicious
TXN-003464,CUST-0120,4463.62,USD,ACH,Switzerland,Turkey,cash_services,web,2025-11-27T10:05,3,0.1,0,0,,0.393,normal
TXN-003465,CUST-0162,7437.93,USD,CHECK,UAE,UAE,luxury_goods,branch,2026-04-09T11:07,2,0.11,0,0,,0.318,normal
TXN-003466,CUST-0481,82.87,USD,CARD,China,Cyprus,real_estate,web,2025-06-08T22:42,3,0.13,0,0,,0.367,normal
TXN-003467,CUST-0028,8264.4,USD,INTERNATIONAL_REMITTANCE,UK,UK,cash_services,advisor,2025-05-31T16:21,1,0.24,0,0,,0.273,normal
TXN-003468,CUST-0041,460.75,USD,INTERNATIONAL_REMITTANCE,Germany,Brazil,electronics,branch,2026-02-02T15:39,3,0.07,0,0,,0.431,normal
TXN-003469,CUST-0070,177685.12,USD,ACH,South Africa,UAE,cash_services,api,2026-03-20T08:03,2,0.51,0,0,,0.374,normal
TXN-003470,CUST-0120,2107.61,USD,INTERNATIONAL_REMITTANCE,Switzerland,Switzerland,import_export,branch,2025-04-14T19:58,2,0.05,0,0,,0.317,normal
TXN-003471,CUST-0063,2031.42,USD,CASH_PAYMENT,Hong Kong,UK,investment,web,2025-06-21T17:26,1,0.37,1,1,,0.474,review
TXN-003472,CUST-0377,1221.58,USD,CHECK,China,UK,real_estate,mobile,2025-08-12T13:33,1,0.55,0,0,,0.212,normal
TXN-003473,CUST-0462,1264.38,USD,WIRE,France,France,cash_services,advisor,2025-06-29T17:05,1,0.05,0,0,,0.31,normal
TXN-003474,CUST-0372,24050.33,USD,CHECK,Hong Kong,Hong Kong,real_estate,advisor,2026-04-15T20:32,2,0.28,0,0,,0.417,normal
TXN-003475,CUST-0214,208486.76,USD,INTERNATIONAL_REMITTANCE,Singapore,Panama,charity,web,2026-01-03T19:29,4,78.74,1,0,R-002 high-risk jurisdiction|R-003 customer behavior deviation|R-005 opaque merchant category,0.93,suspicious
TXN-003476,CUST-0050,140255.32,USD,CRYPTO_TRANSFER,Singapore,Iran,cash_services,web,2025-07-20T17:45,5,78.13,1,1,R-002 high-risk jurisdiction|R-003 customer behavior deviation,0.99,suspicious
TXN-003477,CUST-0278,221.83,USD,CARD,Brazil,Brazil,real_estate,web,2025-05-20T05:44,3,0.43,0,0,,0.315,normal
TXN-003478,CUST-0227,947.92,USD,INTERNATIONAL_REMITTANCE,Cyprus,Singapore,travel,advisor,2025-08-12T01:48,1,0.14,0,0,,0.167,normal
TXN-003479,CUST-0323,863.41,USD,ACH,South Africa,Brazil,luxury_goods,advisor,2025-01-28T10:16,3,0.11,1,0,,0.56,review
TXN-003480,CUST-0106,595.0,USD,CARD,Mexico,Hong Kong,cash_services,api,2025-03-19T03:52,2,0.14,0,0,,0.321,normal
TXN-003481,CUST-0482,496.55,USD,CARD,USA,Canada,travel,branch,2025-04-12T22:42,1,0.09,0,1,,0.33,normal
TXN-003482,CUST-0321,4436.48,USD,ACH,Brazil,Mexico,real_estate,mobile,2026-03-22T01:43,3,0.58,0,0,,0.34,normal
TXN-003483,CUST-0393,1799.93,USD,ACH,UAE,USA,cash_services,branch,2025-04-21T13:48,1,0.41,1,0,,0.378,normal
TXN-003484,CUST-0094,57308.59,USD,INTERNATIONAL_REMITTANCE,Mexico,Switzerland,real_estate,web,2026-03-29T21:22,2,0.8,0,0,,0.378,normal
TXN-003485,CUST-0411,95.64,USD,CHECK,Singapore,Canada,luxury_goods,mobile,2025-01-18T03:32,1,0.06,0,0,,0.206,normal
TXN-003486,CUST-0254,17643.81,USD,CASH_PAYMENT,Germany,Turkey,cash_services,branch,2025-05-01T02:44,3,0.18,0,1,,0.558,review
TXN-003487,CUST-0141,1137.03,USD,CARD,Singapore,Singapore,real_estate,web,2025-07-20T05:51,1,0.4,0,0,,0.25,normal
TXN-003488,CUST-0142,14335.56,USD,CRYPTO_TRANSFER,UAE,Russia,electronics,advisor,2026-03-04T07:18,5,0.05,1,1,R-002 high-risk jurisdiction,0.891,suspicious
TXN-003489,CUST-0191,1269.83,USD,CARD,Cyprus,Singapore,charity,advisor,2025-12-02T20:39,1,0.15,0,0,,0.332,normal
TXN-003490,CUST-0253,260.36,USD,INTERNATIONAL_REMITTANCE,Germany,India,luxury_goods,web,2025-09-16T09:54,2,0.07,0,0,,0.346,normal
TXN-003491,CUST-0001,117.33,USD,WIRE,France,Turkey,consulting,advisor,2025-12-04T18:26,3,0.16,0,0,,0.346,normal
TXN-003492,CUST-0331,27532.42,USD,ACH,Germany,South Africa,investment,mobile,2026-01-05T19:50,3,0.56,0,0,,0.382,normal
TXN-003493,CUST-0194,27732.4,USD,WIRE,UK,UK,cash_services,web,2025-07-08T09:47,1,0.59,0,0,,0.355,normal
TXN-003494,CUST-0362,505.25,USD,WIRE,Singapore,Brazil,charity,web,2026-04-12T17:14,3,0.13,0,0,,0.326,normal
TXN-003495,CUST-0067,143570.92,USD,WIRE,USA,Brazil,consulting,branch,2025-03-12T05:35,3,34.41,1,0,R-003 customer behavior deviation|R-005 opaque merchant category,0.817,suspicious
TXN-003496,CUST-0157,1247.72,USD,INTERNATIONAL_REMITTANCE,Germany,Canada,cash_services,web,2025-02-20T09:46,1,0.26,0,0,,0.267,normal
TXN-003497,CUST-0078,15224.27,USD,WIRE,Cyprus,Brazil,charity,branch,2025-03-19T23:13,3,0.15,0,0,,0.459,review
TXN-003498,CUST-0031,5089.7,USD,WIRE,Mexico,Mexico,charity,api,2025-11-10T16:19,3,0.08,0,0,,0.405,normal
TXN-003499,CUST-0337,2107.38,USD,INTERNATIONAL_REMITTANCE,UAE,South Africa,import_export,mobile,2026-02-24T14:39,3,0.52,0,0,,0.405,normal
TXN-003500,CUST-0108,2580.48,USD,WIRE,UAE,USA,charity,api,2026-05-10T18:22,1,0.41,0,0,,0.17,normal
TXN-003501,CUST-0194,12589.82,USD,ACH,Singapore,UK,import_export,api,2025-04-30T21:33,1,0.27,0,0,,0.352,normal
TXN-003502,CUST-0059,42004.22,USD,CARD,UAE,Turkey,consulting,mobile,2025-11-01T21:03,3,0.18,0,0,,0.453,review
TXN-003503,CUST-0030,132.42,USD,ACH,Cyprus,Germany,cash_services,api,2026-01-15T15:09,1,0.04,0,0,,0.261,normal
TXN-003504,CUST-0276,327.83,USD,WIRE,Turkey,Switzerland,cash_services,web,2026-04-10T14:41,2,0.06,0,1,,0.404,normal
TXN-003505,CUST-0404,23615.31,USD,ACH,South Africa,Switzerland,luxury_goods,api,2025-03-13T13:14,2,0.19,0,0,,0.317,normal
TXN-003506,CUST-0364,1431.03,USD,CARD,Singapore,China,real_estate,advisor,2025-10-02T13:57,3,0.29,0,0,,0.428,normal
TXN-003507,CUST-0042,4386.38,USD,WIRE,Mexico,Mexico,cash_services,web,2026-03-11T06:57,3,0.19,0,1,,0.468,review
TXN-003508,CUST-0179,13343.67,USD,CHECK,Hong Kong,Hong Kong,import_export,mobile,2026-03-08T07:44,2,0.07,0,0,,0.312,normal
TXN-003509,CUST-0365,1671.11,USD,INTERNATIONAL_REMITTANCE,UAE,Switzerland,electronics,advisor,2026-04-06T23:26,2,0.22,0,0,,0.371,normal
TXN-003510,CUST-0292,57318.98,USD,INTERNATIONAL_REMITTANCE,Switzerland,Brazil,consulting,branch,2025-06-08T17:10,3,0.25,0,0,,0.482,review
TXN-003511,CUST-0383,1233.3,USD,CASH_PAYMENT,South Africa,South Africa,electronics,mobile,2025-11-13T19:17,3,0.31,0,1,,0.601,review
TXN-003512,CUST-0367,109046.51,USD,INTERNATIONAL_REMITTANCE,Germany,China,charity,advisor,2025-03-24T04:49,3,47.45,0,1,R-003 customer behavior deviation|R-005 opaque merchant category,0.8,suspicious
TXN-003513,CUST-0158,467.26,USD,WIRE,Canada,UK,investment,branch,2025-09-12T00:22,1,0.1,0,1,,0.248,normal
TXN-003514,CUST-0397,4551.12,USD,CARD,USA,India,real_estate,web,2025-07-03T08:12,2,0.58,0,0,,0.312,normal
TXN-003515,CUST-0194,10530.88,USD,CARD,China,China,travel,api,2025-01-28T00:51,3,0.22,0,0,,0.516,review
TXN-003516,CUST-0440,12673.83,USD,CARD,USA,USA,charity,advisor,2026-04-03T22:35,1,0.2,0,0,,0.187,normal
TXN-003517,CUST-0074,809.97,USD,INTERNATIONAL_REMITTANCE,Turkey,Hong Kong,consulting,branch,2025-05-24T02:51,2,0.1,0,0,,0.255,normal
TXN-003518,CUST-0411,357.33,USD,WIRE,Singapore,Nigeria,investment,mobile,2025-10-10T02:42,4,0.23,1,0,R-002 high-risk jurisdiction,0.548,review
TXN-003519,CUST-0299,2980.71,USD,INTERNATIONAL_REMITTANCE,South Africa,South Africa,travel,advisor,2025-02-03T00:26,3,0.53,0,0,,0.385,normal
TXN-003520,CUST-0421,10227.4,USD,CARD,South Africa,South Africa,investment,web,2025-02-02T15:28,3,0.14,0,0,,0.407,normal
TXN-003521,CUST-0013,564.47,USD,ACH,Turkey,UK,import_export,mobile,2026-04-01T17:43,1,0.22,0,0,,0.229,normal
TXN-003522,CUST-0388,723.7,USD,WIRE,Cyprus,UK,import_export,mobile,2025-01-29T12:18,1,0.19,0,0,,0.19,normal
TXN-003523,CUST-0258,165.77,USD,INTERNATIONAL_REMITTANCE,France,Switzerland,electronics,mobile,2025-05-15T23:57,2,0.02,0,0,,0.324,normal
TXN-003524,CUST-0182,1578.42,USD,CARD,Hong Kong,Hong Kong,investment,web,2025-10-06T14:36,2,0.18,0,0,,0.301,normal
TXN-003525,CUST-0158,1001.7,USD,INTERNATIONAL_REMITTANCE,UK,Canada,import_export,web,2025-06-06T18:04,1,0.21,0,0,,0.211,normal
TXN-003526,CUST-0173,6777.49,USD,CARD,USA,France,electronics,web,2025-07-04T00:21,1,0.77,0,1,,0.347,normal
TXN-003527,CUST-0071,394.8,USD,CHECK,China,Singapore,investment,web,2025-11-13T00:42,1,0.06,0,0,,0.229,normal
TXN-003528,CUST-0437,397.26,USD,INTERNATIONAL_REMITTANCE,Canada,Cyprus,charity,advisor,2026-04-20T20:32,3,0.12,0,0,,0.348,normal
TXN-003529,CUST-0137,70.84,USD,ACH,Hong Kong,China,electronics,branch,2025-10-31T04:15,3,0.05,0,0,,0.301,normal
TXN-003530,CUST-0234,38926.18,USD,ACH,Turkey,British Virgin Islands,real_estate,mobile,2025-02-08T21:35,4,0.38,1,0,R-002 high-risk jurisdiction,0.585,review
TXN-003531,CUST-0067,478.85,USD,INTERNATIONAL_REMITTANCE,USA,Canada,charity,mobile,2025-11-10T18:20,1,0.11,0,0,,0.168,normal
TXN-003532,CUST-0135,967.42,USD,INTERNATIONAL_REMITTANCE,India,USA,charity,mobile,2026-03-28T06:10,1,0.06,1,0,,0.554,review
TXN-003533,CUST-0136,1681.88,USD,CARD,Cyprus,Turkey,travel,branch,2025-01-17T01:41,3,0.36,0,0,,0.435,normal
TXN-003534,CUST-0465,419.13,USD,CHECK,Canada,USA,travel,branch,2025-04-24T23:22,1,0.24,0,0,,0.185,normal
TXN-003535,CUST-0353,127099.6,USD,CASH_PAYMENT,France,France,consulting,advisor,2026-02-14T09:37,1,0.59,0,1,R-005 opaque merchant category,0.456,review
TXN-003536,CUST-0267,66.7,USD,CASH_PAYMENT,Singapore,Singapore,electronics,api,2026-03-31T20:21,1,0.03,0,1,,0.438,normal
TXN-003537,CUST-0175,13589.61,USD,CARD,India,India,electronics,mobile,2025-08-08T18:18,2,0.16,0,1,,0.402,normal
TXN-003538,CUST-0149,214.49,USD,WIRE,Switzerland,Switzerland,electronics,api,2025-11-06T21:11,2,0.11,0,0,,0.452,review
TXN-003539,CUST-0317,408.55,USD,INTERNATIONAL_REMITTANCE,UK,UK,luxury_goods,api,2025-07-15T14:38,1,0.09,0,0,,0.408,normal
TXN-003540,CUST-0262,610.36,USD,INTERNATIONAL_REMITTANCE,USA,USA,import_export,advisor,2025-07-26T07:26,1,0.2,0,0,,0.263,normal
TXN-003541,CUST-0276,2254.45,USD,ACH,Turkey,Turkey,charity,branch,2025-08-09T03:52,3,0.42,0,0,,0.449,normal
TXN-003542,CUST-0485,943.44,USD,INTERNATIONAL_REMITTANCE,Switzerland,Mexico,charity,mobile,2025-09-05T12:58,3,0.11,0,0,,0.313,normal
TXN-003543,CUST-0358,963.17,USD,ACH,Turkey,Turkey,consulting,advisor,2025-04-11T04:06,3,0.14,0,0,,0.334,normal
TXN-003544,CUST-0362,1581.82,USD,CHECK,Brazil,Hong Kong,cash_services,branch,2025-11-09T16:16,2,0.41,0,0,,0.257,normal
TXN-003545,CUST-0322,186156.17,USD,ACH,Mexico,Switzerland,real_estate,api,2026-01-15T09:52,2,0.29,0,0,,0.253,normal
TXN-003546,CUST-0169,952616.32,USD,WIRE,UK,China,consulting,api,2025-02-09T19:58,3,48.01,1,0,R-003 customer behavior deviation|R-005 opaque merchant category,0.94,suspicious
TXN-003547,CUST-0340,730517.9,USD,INTERNATIONAL_REMITTANCE,USA,British Virgin Islands,consulting,web,2025-01-04T02:16,4,13.88,1,0,R-002 high-risk jurisdiction|R-003 customer behavior deviation|R-005 opaque merchant category,0.99,suspicious
TXN-003548,CUST-0433,844.04,USD,ACH,India,Mexico,consulting,web,2025-04-19T08:22,3,0.22,0,0,,0.405,normal
TXN-003549,CUST-0492,4267.84,USD,CARD,UAE,Hong Kong,electronics,branch,2025-02-09T11:58,2,0.1,0,0,,0.414,normal
TXN-003550,CUST-0117,427.83,USD,ACH,UK,Cyprus,real_estate,advisor,2025-11-13T00:11,3,0.05,0,0,,0.366,normal
TXN-003551,CUST-0294,58522.1,USD,CARD,Mexico,Cyprus,consulting,branch,2026-03-15T23:34,3,0.31,0,0,,0.455,review
TXN-003552,CUST-0168,434.11,USD,CHECK,Singapore,India,electronics,mobile,2026-01-07T02:39,2,0.07,0,1,,0.386,normal
TXN-003553,CUST-0265,201070.38,USD,CASH_PAYMENT,Switzerland,South Africa,unknown,advisor,2025-09-29T04:46,3,26.87,1,1,R-003 customer behavior deviation|R-005 opaque merchant category,0.99,suspicious
TXN-003554,CUST-0366,36614.17,USD,INTERNATIONAL_REMITTANCE,Mexico,China,consulting,web,2025-01-02T08:03,3,0.55,0,0,,0.351,normal
TXN-003555,CUST-0004,184.48,USD,WIRE,South Africa,South Africa,charity,mobile,2025-01-15T06:03,3,0.05,0,0,,0.352,normal
TXN-003556,CUST-0422,1614.25,USD,CHECK,Hong Kong,UAE,electronics,mobile,2025-01-31T08:56,2,0.24,1,0,,0.483,review
TXN-003557,CUST-0075,726.83,USD,WIRE,Switzerland,Brazil,travel,mobile,2025-03-26T14:16,3,0.14,0,0,,0.407,normal
TXN-003558,CUST-0337,434.37,USD,WIRE,Brazil,Switzerland,consulting,mobile,2025-02-19T06:38,2,0.11,1,0,,0.452,review
TXN-003559,CUST-0178,26962.63,USD,CHECK,UK,UK,import_export,branch,2025-12-28T15:38,1,0.2,0,0,,0.249,normal
TXN-003560,CUST-0131,928.79,USD,CARD,Turkey,Turkey,real_estate,web,2025-11-08T20:59,3,0.23,0,0,,0.429,normal
TXN-003561,CUST-0360,841.1,USD,ACH,USA,Brazil,electronics,mobile,2025-01-22T14:05,3,0.13,0,0,,0.357,normal
TXN-003562,CUST-0386,43020.38,USD,WIRE,Hong Kong,South Africa,charity,advisor,2025-11-27T20:22,3,0.22,0,0,,0.436,normal
TXN-003563,CUST-0294,111819.45,USD,CARD,Cyprus,Cyprus,cash_services,web,2025-04-01T20:21,3,0.58,0,0,,0.415,normal
TXN-003564,CUST-0228,372.66,USD,CHECK,Canada,Turkey,electronics,web,2025-10-02T06:25,3,0.13,0,0,,0.367,normal
TXN-003565,CUST-0209,47.1,USD,INTERNATIONAL_REMITTANCE,Mexico,Mexico,charity,web,2026-02-02T23:13,3,0.05,0,0,,0.4,normal
TXN-003566,CUST-0092,125568.51,USD,CRYPTO_TRANSFER,India,South Africa,consulting,api,2026-02-02T11:19,3,29.42,1,1,R-003 customer behavior deviation|R-005 opaque merchant category,0.99,suspicious
TXN-003567,CUST-0233,1013.71,USD,INTERNATIONAL_REMITTANCE,Cyprus,Cyprus,luxury_goods,advisor,2025-03-19T12:41,3,0.17,0,0,,0.446,normal
TXN-003568,CUST-0111,9263281.48,USD,CRYPTO_TRANSFER,Switzerland,Turkey,charity,api,2025-06-30T02:09,3,77.86,1,1,R-003 customer behavior deviation|R-004 large crypto transfer|R-005 opaque merchant category,0.99,suspicious
TXN-003569,CUST-0349,31613.68,USD,CASH_PAYMENT,France,USA,cash_services,web,2026-05-08T12:13,1,0.35,0,1,,0.431,normal
TXN-003570,CUST-0165,27982.3,USD,INTERNATIONAL_REMITTANCE,India,China,luxury_goods,branch,2026-04-01T03:30,3,0.05,0,0,,0.442,normal
TXN-003571,CUST-0108,1251.88,USD,CASH_PAYMENT,USA,Germany,luxury_goods,web,2025-07-29T07:52,1,0.2,0,1,,0.408,normal
TXN-003572,CUST-0212,1602.08,USD,ACH,UAE,India,investment,web,2025-06-14T04:15,2,0.25,0,1,,0.414,normal
TXN-003573,CUST-0202,87606.81,USD,ACH,Hong Kong,Hong Kong,travel,branch,2025-04-17T06:05,2,0.47,0,0,,0.31,normal
TXN-003574,CUST-0153,343.53,USD,ACH,Hong Kong,Brazil,charity,mobile,2025-07-18T19:12,3,0.13,0,0,,0.367,normal
TXN-003575,CUST-0045,263981.47,USD,INTERNATIONAL_REMITTANCE,Brazil,Turkey,unknown,branch,2025-05-07T06:00,3,79.69,1,1,R-003 customer behavior deviation|R-005 opaque merchant category,0.882,suspicious
TXN-003576,CUST-0281,842492.97,USD,CRYPTO_TRANSFER,China,Turkey,unknown,advisor,2025-08-12T21:48,3,29.93,1,1,R-003 customer behavior deviation|R-004 large crypto transfer|R-005 opaque merchant category,0.99,suspicious
TXN-003577,CUST-0323,898.66,USD,ACH,South Africa,Russia,import_export,advisor,2025-09-18T20:43,5,0.12,1,0,R-002 high-risk jurisdiction,0.745,suspicious
TXN-003578,CUST-0308,37.29,USD,CHECK,India,Russia,real_estate,advisor,2026-03-31T21:25,5,0.04,1,0,R-002 high-risk jurisdiction,0.655,review
TXN-003579,CUST-0288,590.11,USD,CARD,France,France,investment,advisor,2025-03-14T09:52,1,0.51,0,0,,0.185,normal
TXN-003580,CUST-0173,681785.3,USD,INTERNATIONAL_REMITTANCE,USA,Turkey,cash_services,web,2025-06-20T06:58,3,77.09,1,0,R-003 customer behavior deviation,0.803,suspicious
TXN-003581,CUST-0451,22662.22,USD,INTERNATIONAL_REMITTANCE,France,China,consulting,advisor,2025-02-05T03:02,3,0.21,1,0,,0.573,review
TXN-003582,CUST-0468,149260.09,USD,INTERNATIONAL_REMITTANCE,Turkey,Iran,luxury_goods,api,2025-12-25T21:01,5,65.55,1,0,R-002 high-risk jurisdiction|R-003 customer behavior deviation,0.937,suspicious
TXN-003583,CUST-0237,4457.67,USD,ACH,Switzerland,Switzerland,travel,branch,2025-08-13T16:54,2,0.22,0,0,,0.27,normal
TXN-003584,CUST-0024,1346.14,USD,CHECK,Mexico,South Africa,electronics,advisor,2025-08-20T20:44,3,0.35,0,0,,0.593,review
TXN-003585,CUST-0170,13030.63,USD,ACH,USA,USA,luxury_goods,web,2025-03-28T11:47,1,0.11,0,0,,0.569,review
TXN-003586,CUST-0495,1176.32,USD,ACH,Brazil,Hong Kong,investment,advisor,2025-01-25T22:17,2,0.14,0,0,,0.327,normal
TXN-003587,CUST-0445,1269.75,USD,WIRE,UK,UK,consulting,branch,2025-07-03T02:02,1,0.4,0,0,,0.332,normal
TXN-003588,CUST-0008,953.43,USD,INTERNATIONAL_REMITTANCE,Singapore,China,charity,api,2025-05-11T02:27,3,0.42,0,0,,0.458,review
TXN-003589,CUST-0088,863.47,USD,CHECK,Singapore,Singapore,travel,web,2025-11-04T13:34,1,0.12,0,0,,0.117,normal
TXN-003590,CUST-0149,13967.41,USD,INTERNATIONAL_REMITTANCE,Switzerland,Cayman Islands,real_estate,api,2025-03-12T12:32,4,7.22,1,0,R-002 high-risk jurisdiction,0.848,suspicious
TXN-003591,CUST-0476,2171.68,USD,CARD,Hong Kong,UK,electronics,api,2025-01-10T19:24,1,0.5,0,0,,0.206,normal
TXN-003592,CUST-0332,2924.54,USD,CHECK,Germany,Nigeria,import_export,mobile,2025-11-06T16:39,4,0.08,1,0,R-002 high-risk jurisdiction,0.558,review
TXN-003593,CUST-0005,4474.87,USD,WIRE,UK,USA,travel,branch,2025-02-08T16:00,1,0.56,0,0,,0.192,normal
TXN-003594,CUST-0110,6207.01,USD,CHECK,USA,Brazil,investment,api,2025-01-27T10:31,3,0.15,0,0,,0.493,review
TXN-003595,CUST-0121,322.93,USD,WIRE,UAE,Germany,luxury_goods,api,2025-12-17T03:55,1,0.16,0,0,,0.17,normal
TXN-003596,CUST-0123,61145.25,USD,WIRE,Canada,UAE,charity,mobile,2026-04-18T03:25,2,0.3,0,1,,0.352,normal
TXN-003597,CUST-0305,684.22,USD,CHECK,Hong Kong,Brazil,electronics,api,2025-02-14T12:33,3,0.1,0,0,,0.335,normal
TXN-003598,CUST-0109,7195949.47,USD,CASH_PAYMENT,South Africa,China,real_estate,web,2026-04-29T10:37,3,79.84,1,1,R-001 high-value cash payment|R-003 customer behavior deviation,0.99,suspicious
TXN-003599,CUST-0061,532.77,USD,WIRE,France,France,electronics,mobile,2025-08-03T06:40,1,0.12,0,0,,0.187,normal
TXN-003600,CUST-0383,480.98,USD,CARD,South Africa,UK,consulting,mobile,2026-01-07T06:22,1,0.12,0,0,,0.309,normal
TXN-003601,CUST-0305,1476.93,USD,WIRE,Brazil,Singapore,travel,api,2025-05-03T21:53,1,0.21,0,0,,0.168,normal
TXN-003602,CUST-0091,288344.92,USD,INTERNATIONAL_REMITTANCE,Switzerland,Panama,luxury_goods,api,2025-05-28T03:00,4,56.63,1,0,R-002 high-risk jurisdiction|R-003 customer behavior deviation,0.884,suspicious
TXN-003603,CUST-0476,2315.24,USD,WIRE,Hong Kong,Hong Kong,import_export,api,2025-01-05T15:26,2,0.53,0,0,,0.381,normal
TXN-003604,CUST-0008,49834.94,USD,CASH_PAYMENT,China,Brazil,real_estate,web,2025-10-20T03:55,3,21.73,1,1,R-003 customer behavior deviation,0.99,suspicious
TXN-003605,CUST-0444,596549.81,USD,INTERNATIONAL_REMITTANCE,Canada,Mexico,cash_services,web,2025-03-27T15:51,3,34.43,1,0,R-003 customer behavior deviation,0.99,suspicious
TXN-003606,CUST-0374,579951.52,USD,WIRE,UAE,Mexico,consulting,api,2025-07-18T16:36,3,82.45,1,0,R-003 customer behavior deviation|R-005 opaque merchant category,0.899,suspicious
TXN-003607,CUST-0332,3144.01,USD,ACH,Brazil,Singapore,import_export,api,2025-12-30T06:38,1,0.09,0,0,,0.199,normal
TXN-003608,CUST-0404,3087783.73,USD,CRYPTO_TRANSFER,USA,Cyprus,unknown,advisor,2026-02-20T03:13,3,24.76,1,1,R-003 customer behavior deviation|R-004 large crypto transfer|R-005 opaque merchant category,0.99,suspicious
TXN-003609,CUST-0001,111.97,USD,WIRE,Turkey,Turkey,real_estate,advisor,2025-03-03T10:31,3,0.16,0,0,,0.385,normal
TXN-003610,CUST-0182,573.84,USD,CARD,Hong Kong,Hong Kong,electronics,mobile,2026-02-24T14:17,2,0.07,0,0,,0.318,normal
TXN-003611,CUST-0095,949.95,USD,ACH,Switzerland,Switzerland,electronics,branch,2025-02-05T22:57,2,0.59,0,0,,0.335,normal
TXN-003612,CUST-0315,1585.3,USD,INTERNATIONAL_REMITTANCE,Brazil,Canada,import_export,advisor,2026-02-12T01:28,1,0.32,0,0,,0.217,normal
TXN-003613,CUST-0008,82.61,USD,CHECK,Germany,UK,cash_services,mobile,2025-01-13T22:11,1,0.04,1,0,,0.321,normal
TXN-003614,CUST-0120,24485.18,USD,WIRE,France,France,luxury_goods,advisor,2025-08-26T05:12,1,0.56,0,0,,0.209,normal
TXN-003615,CUST-0024,155.35,USD,CHECK,Mexico,South Africa,real_estate,branch,2025-03-03T08:13,3,0.04,0,0,,0.639,review
TXN-003616,CUST-0318,14389.57,USD,WIRE,China,France,luxury_goods,advisor,2025-10-10T15:58,1,0.34,0,0,,0.26,normal
TXN-003617,CUST-0225,1857.71,USD,CHECK,India,France,travel,api,2025-06-05T08:43,1,0.31,0,0,,0.276,normal
TXN-003618,CUST-0408,635.68,USD,ACH,Mexico,Brazil,import_export,api,2025-06-08T23:04,3,0.12,0,0,,0.386,normal
TXN-003619,CUST-0433,330.42,USD,ACH,UK,Mexico,import_export,advisor,2025-02-02T07:06,3,0.08,0,0,,0.344,normal
TXN-003620,CUST-0003,5271.76,USD,CARD,UK,France,cash_services,branch,2025-07-30T08:30,1,0.06,0,0,,0.264,normal
TXN-003621,CUST-0011,1166.98,USD,CHECK,UK,Canada,luxury_goods,mobile,2025-02-19T20:09,1,0.28,1,0,,0.292,normal
TXN-003622,CUST-0286,273610.86,USD,ACH,Switzerland,Brazil,electronics,branch,2025-04-20T23:20,3,0.58,0,0,,0.467,review
TXN-003623,CUST-0415,3853.21,USD,ACH,China,Switzerland,charity,api,2025-05-04T17:16,2,0.46,0,1,,0.333,normal
TXN-003624,CUST-0251,15000000,USD,INTERNATIONAL_REMITTANCE,Singapore,Turkey,luxury_goods,api,2025-05-05T16:14,3,66.31,0,0,R-003 customer behavior deviation,0.76,suspicious
TXN-003625,CUST-0082,1063.91,USD,CHECK,South Africa,India,travel,advisor,2026-02-15T14:43,2,0.36,0,0,,0.349,normal
TXN-003626,CUST-0253,148.45,USD,INTERNATIONAL_REMITTANCE,India,Germany,real_estate,api,2025-03-29T23:22,1,0.04,0,0,,0.26,normal
TXN-003627,CUST-0031,3299.23,USD,WIRE,Switzerland,Mexico,real_estate,web,2025-10-10T12:32,3,0.05,0,0,,0.396,normal
TXN-003628,CUST-0469,15000000,USD,WIRE,Cyprus,Cayman Islands,luxury_goods,advisor,2025-04-08T12:39,4,47.79,1,1,R-002 high-risk jurisdiction|R-003 customer behavior deviation,0.958,suspicious
TXN-003629,CUST-0173,1841.7,USD,CHECK,USA,USA,import_export,branch,2026-03-11T04:47,1,0.21,0,0,,0.236,normal
TXN-003630,CUST-0173,3143.87,USD,CHECK,USA,France,electronics,branch,2025-08-26T18:02,1,0.36,0,0,,0.263,normal
TXN-003631,CUST-0285,2141.84,USD,CHECK,Mexico,UK,charity,branch,2025-04-28T10:29,1,0.51,0,1,,0.282,normal
TXN-003632,CUST-0460,1609.99,USD,INTERNATIONAL_REMITTANCE,Germany,Germany,luxury_goods,branch,2026-04-28T03:13,1,0.27,0,1,,0.277,normal
TXN-003633,CUST-0361,2104210.94,USD,CRYPTO_TRANSFER,Turkey,South Africa,real_estate,api,2026-03-02T10:16,3,30.34,1,1,R-003 customer behavior deviation|R-004 large crypto transfer,0.99,suspicious
TXN-003634,CUST-0011,431.73,USD,CHECK,China,Mexico,electronics,advisor,2025-06-03T19:47,3,0.1,0,0,,0.42,normal
TXN-003635,CUST-0385,7594.69,USD,INTERNATIONAL_REMITTANCE,Cyprus,Cayman Islands,unknown,advisor,2025-05-07T09:26,4,6.81,1,0,R-002 high-risk jurisdiction,0.674,review
TXN-003636,CUST-0032,167.05,USD,INTERNATIONAL_REMITTANCE,South Africa,South Africa,electronics,api,2025-09-02T00:08,3,0.2,0,0,,0.358,normal
TXN-003637,CUST-0477,303653.49,USD,WIRE,Germany,Mexico,consulting,advisor,2026-02-12T21:52,3,63.25,1,0,R-003 customer behavior deviation|R-005 opaque merchant category,0.99,suspicious
TXN-003638,CUST-0477,772.65,USD,WIRE,Germany,France,electronics,advisor,2025-04-26T09:35,1,0.16,0,0,,0.286,normal
TXN-003639,CUST-0132,8972053.76,USD,WIRE,Turkey,British Virgin Islands,cash_services,advisor,2025-02-12T07:35,4,36.44,1,0,R-002 high-risk jurisdiction|R-003 customer behavior deviation,0.93,suspicious
TXN-003640,CUST-0210,1381.46,USD,ACH,Hong Kong,Hong Kong,consulting,web,2025-09-02T23:55,2,0.24,0,0,,0.25,normal
TXN-003641,CUST-0100,456050.03,USD,INTERNATIONAL_REMITTANCE,India,Cayman Islands,real_estate,branch,2025-08-05T17:59,4,58.05,1,0,R-002 high-risk jurisdiction|R-003 customer behavior deviation,0.965,suspicious
TXN-003642,CUST-0125,17893.72,USD,INTERNATIONAL_REMITTANCE,USA,Cyprus,consulting,branch,2025-01-21T12:29,3,0.03,0,0,,0.529,review
TXN-003643,CUST-0046,1163.76,USD,INTERNATIONAL_REMITTANCE,China,Germany,electronics,api,2025-02-18T11:26,1,0.03,0,0,,0.237,normal
TXN-003644,CUST-0406,442.94,USD,ACH,UK,France,electronics,advisor,2025-11-20T20:07,1,0.35,0,0,,0.24,normal
TXN-003645,CUST-0412,988.36,USD,CARD,Canada,Canada,travel,branch,2025-12-31T08:06,1,0.14,0,0,,0.212,normal
TXN-003646,CUST-0447,1095.21,USD,CHECK,Germany,Cyprus,import_export,branch,2025-12-11T22:50,3,0.41,0,0,,0.393,normal
TXN-003647,CUST-0265,756.06,USD,ACH,Mexico,Switzerland,real_estate,mobile,2025-02-03T08:12,2,0.1,0,0,,0.25,normal
TXN-003648,CUST-0299,2153.66,USD,CRYPTO_TRANSFER,Hong Kong,South Africa,investment,advisor,2026-04-02T10:22,3,0.38,0,1,,0.466,review
TXN-003649,CUST-0174,6880.19,USD,CHECK,Switzerland,Canada,investment,advisor,2025-11-09T01:55,1,0.25,0,0,,0.221,normal
TXN-003650,CUST-0470,9746.95,USD,INTERNATIONAL_REMITTANCE,Brazil,Germany,electronics,advisor,2025-09-29T18:27,1,0.13,0,0,,0.153,normal
TXN-003651,CUST-0069,3600.39,USD,ACH,UAE,France,real_estate,api,2026-04-15T15:37,1,0.46,0,0,,0.185,normal
TXN-003652,CUST-0307,214621.28,USD,CARD,India,Brazil,real_estate,advisor,2026-03-14T09:17,3,0.7,0,0,,0.723,suspicious
TXN-003653,CUST-0324,392.94,USD,WIRE,Switzerland,Brazil,travel,web,2026-02-12T15:10,3,0.65,0,0,,0.441,normal
TXN-003654,CUST-0242,31035.12,USD,INTERNATIONAL_REMITTANCE,France,South Africa,consulting,api,2025-06-14T14:40,3,8.24,1,1,,0.889,suspicious
TXN-003655,CUST-0152,320.05,USD,WIRE,UK,Russia,import_export,api,2026-01-02T12:33,5,0.19,1,0,R-002 high-risk jurisdiction,0.724,suspicious
TXN-003656,CUST-0052,4064.36,USD,INTERNATIONAL_REMITTANCE,India,UAE,consulting,branch,2025-01-12T03:27,2,0.64,0,0,,0.375,normal
TXN-003657,CUST-0429,2452.89,USD,ACH,Cyprus,India,real_estate,advisor,2025-01-09T09:59,2,0.27,0,1,,0.358,normal
TXN-003658,CUST-0160,76.48,USD,CARD,Brazil,Hong Kong,electronics,mobile,2025-09-04T07:45,2,0.12,0,1,,0.328,normal
TXN-003659,CUST-0257,517.89,USD,CHECK,Cyprus,Canada,luxury_goods,mobile,2026-05-15T01:26,1,0.06,0,0,,0.371,normal
TXN-003660,CUST-0305,3569.56,USD,CHECK,Brazil,Singapore,cash_services,branch,2026-04-23T00:06,1,0.5,0,0,,0.216,normal
TXN-003661,CUST-0039,1278.33,USD,WIRE,Germany,South Africa,cash_services,api,2025-02-04T15:53,3,0.38,1,0,,0.464,review
TXN-003662,CUST-0295,2089.05,USD,ACH,India,India,real_estate,mobile,2026-01-07T21:21,2,0.27,0,0,,0.335,normal
TXN-003663,CUST-0073,303.9,USD,INTERNATIONAL_REMITTANCE,UAE,Germany,investment,branch,2025-06-02T09:21,1,0.07,0,0,,0.158,normal
TXN-003664,CUST-0219,322.08,USD,ACH,China,China,travel,api,2025-03-21T06:23,3,0.37,0,0,,0.336,normal
TXN-003665,CUST-0059,42807.74,USD,CARD,Turkey,Singapore,charity,web,2025-01-15T04:00,1,0.18,1,0,,0.416,normal
TXN-003666,CUST-0329,19554.01,USD,WIRE,Turkey,Brazil,consulting,mobile,2026-03-02T04:48,3,0.09,1,0,,0.471,review
TXN-003667,CUST-0239,1024.57,USD,CRYPTO_TRANSFER,Singapore,Canada,import_export,api,2025-04-15T06:21,1,0.16,0,1,,0.39,normal
TXN-003668,CUST-0496,22626.21,USD,ACH,China,UK,cash_services,web,2025-08-12T11:45,1,0.17,0,0,,0.241,normal
TXN-003669,CUST-0347,918.03,USD,CARD,France,South Africa,luxury_goods,web,2025-10-18T08:15,3,0.19,0,0,,0.366,normal
TXN-003670,CUST-0276,3319.86,USD,CARD,Turkey,Turkey,luxury_goods,mobile,2026-05-15T07:05,3,0.63,0,0,,0.394,normal
TXN-003671,CUST-0045,526.86,USD,CARD,Brazil,UAE,cash_services,api,2025-06-03T15:11,2,0.16,0,0,,0.344,normal
TXN-003672,CUST-0399,248.99,USD,ACH,Switzerland,USA,cash_services,advisor,2025-09-12T16:36,1,0.13,1,0,,0.398,normal
TXN-003673,CUST-0486,426.56,USD,CARD,France,Canada,luxury_goods,web,2025-06-19T23:25,1,0.06,0,0,,0.219,normal
TXN-003674,CUST-0341,627.63,USD,CHECK,Turkey,Mexico,charity,api,2026-01-31T13:53,3,0.1,0,0,,0.342,normal
TXN-003675,CUST-0273,7415.7,USD,WIRE,China,Turkey,luxury_goods,advisor,2025-11-16T01:36,3,0.13,0,0,,0.364,normal
TXN-003676,CUST-0426,52802.82,USD,ACH,Brazil,Brazil,real_estate,branch,2025-01-08T11:56,3,0.25,0,0,,0.388,normal
TXN-003677,CUST-0315,1635.92,USD,ACH,Brazil,UAE,luxury_goods,branch,2025-07-17T12:46,2,0.33,0,0,,0.286,normal
TXN-003678,CUST-0353,61677.74,USD,ACH,Mexico,Mexico,real_estate,web,2025-10-06T08:08,3,0.29,0,1,,0.421,normal
TXN-003679,CUST-0482,1343.4,USD,WIRE,USA,USA,consulting,branch,2025-09-23T01:45,1,0.24,0,0,,0.147,normal
TXN-003680,CUST-0392,1421.36,USD,INTERNATIONAL_REMITTANCE,USA,USA,luxury_goods,mobile,2025-04-03T07:48,1,0.03,0,0,,0.451,review
TXN-003681,CUST-0035,1899.74,USD,ACH,Brazil,USA,import_export,web,2025-09-26T09:16,1,0.23,0,0,,0.338,normal
TXN-003682,CUST-0265,1241.6,USD,WIRE,Switzerland,Turkey,travel,web,2025-03-14T16:11,3,0.17,1,0,,0.438,normal
TXN-003683,CUST-0332,15991.91,USD,INTERNATIONAL_REMITTANCE,Brazil,Singapore,investment,advisor,2025-07-24T00:57,1,0.45,0,0,,0.274,normal
TXN-003684,CUST-0240,203.03,USD,CHECK,France,South Africa,cash_services,advisor,2025-05-18T09:08,3,0.06,0,1,,0.467,review
TXN-003685,CUST-0200,2267.6,USD,CHECK,South Africa,Cyprus,cash_services,mobile,2025-10-27T08:23,3,0.48,0,1,,0.477,review
TXN-003686,CUST-0424,65406.33,USD,CASH_PAYMENT,China,Russia,charity,web,2025-04-04T02:31,5,48.83,1,1,R-002 high-risk jurisdiction|R-003 customer behavior deviation,0.99,suspicious
TXN-003687,CUST-0050,460.36,USD,CARD,Germany,Singapore,consulting,web,2026-01-02T13:14,1,0.26,0,0,,0.207,normal
TXN-003688,CUST-0085,946.97,USD,ACH,France,South Africa,investment,branch,2025-04-16T06:00,3,0.16,0,0,,0.346,normal
TXN-003689,CUST-0372,13527.41,USD,ACH,Singapore,Singapore,consulting,api,2025-08-05T09:17,1,0.16,0,0,,0.353,normal
TXN-003690,CUST-0113,496833.22,USD,CRYPTO_TRANSFER,Canada,Cyprus,charity,web,2026-02-20T08:47,3,10.26,1,1,R-003 customer behavior deviation|R-004 large crypto transfer|R-005 opaque merchant category,0.914,suspicious
TXN-003691,CUST-0367,805.41,USD,CARD,China,China,electronics,branch,2025-05-23T11:38,3,0.35,0,0,,0.366,normal
TXN-003692,CUST-0314,122.41,USD,ACH,Singapore,Cyprus,travel,mobile,2026-04-28T17:06,3,0.08,0,0,,0.368,normal
TXN-003693,CUST-0267,632.91,USD,CHECK,Singapore,Singapore,cash_services,web,2025-12-06T14:04,1,0.29,0,0,,0.239,normal
TXN-003694,CUST-0030,3014.53,USD,ACH,Mexico,India,travel,web,2026-01-12T16:00,2,0.85,0,0,,0.3,normal
TXN-003695,CUST-0309,289.54,USD,CHECK,USA,Cyprus,charity,api,2025-12-11T01:24,3,0.07,0,1,,0.442,normal
TXN-003696,CUST-0081,6169.65,USD,CARD,Singapore,Germany,import_export,api,2025-07-10T17:31,1,0.08,0,0,,0.272,normal
TXN-003697,CUST-0051,79372.56,USD,ACH,Turkey,Turkey,luxury_goods,mobile,2026-02-16T16:09,3,0.54,0,0,,0.34,normal
TXN-003698,CUST-0430,634.07,USD,WIRE,Brazil,India,charity,mobile,2026-02-21T05:32,2,0.27,0,0,,0.367,normal
TXN-003699,CUST-0265,1427.71,USD,INTERNATIONAL_REMITTANCE,Mexico,Switzerland,cash_services,advisor,2025-07-13T22:08,2,0.19,0,1,,0.381,normal
TXN-003700,CUST-0161,49294.16,USD,CARD,UK,China,charity,web,2025-06-26T14:07,3,0.32,0,0,,0.39,normal
TXN-003701,CUST-0298,5257.47,USD,ACH,Switzerland,Singapore,luxury_goods,advisor,2025-03-07T01:52,1,0.6,0,1,,0.392,normal
TXN-003702,CUST-0068,25921.21,USD,CHECK,Hong Kong,Canada,electronics,web,2025-02-06T15:15,1,0.2,1,0,,0.336,normal
TXN-003703,CUST-0435,2479796.06,USD,CRYPTO_TRANSFER,USA,Brazil,cash_services,api,2026-04-05T19:17,3,12.83,1,1,R-003 customer behavior deviation|R-004 large crypto transfer,0.99,suspicious
TXN-003704,CUST-0052,2183.61,USD,CARD,Cyprus,UAE,import_export,api,2025-08-25T14:39,2,0.35,0,0,,0.433,normal
TXN-003705,CUST-0094,9191.1,USD,INTERNATIONAL_REMITTANCE,Switzerland,Mexico,cash_services,mobile,2026-04-23T23:34,3,0.13,0,0,,0.475,review
TXN-003706,CUST-0179,15000000,USD,INTERNATIONAL_REMITTANCE,Hong Kong,Cayman Islands,real_estate,api,2025-08-09T10:13,4,79.9,1,1,R-002 high-risk jurisdiction|R-003 customer behavior deviation,0.99,suspicious
TXN-003707,CUST-0213,693.57,USD,WIRE,Germany,Germany,luxury_goods,web,2025-01-05T00:35,1,0.11,0,0,,0.157,normal
TXN-003708,CUST-0463,22395.03,USD,WIRE,Singapore,Singapore,consulting,advisor,2026-01-10T03:19,1,0.29,0,0,,0.209,normal
TXN-003709,CUST-0244,1731.04,USD,CARD,Turkey,South Africa,charity,advisor,2025-09-04T14:35,3,0.29,0,0,,0.377,normal
TXN-003710,CUST-0463,7405.8,USD,INTERNATIONAL_REMITTANCE,Singapore,South Africa,cash_services,api,2025-07-08T15:45,3,0.1,0,0,,0.428,normal
TXN-003711,CUST-0216,590.14,USD,INTERNATIONAL_REMITTANCE,Germany,Germany,real_estate,advisor,2025-09-29T13:00,1,0.15,0,0,,0.192,normal
TXN-003712,CUST-0375,432.13,USD,INTERNATIONAL_REMITTANCE,Cyprus,Germany,real_estate,advisor,2025-01-29T04:22,1,0.21,0,1,,0.297,normal
TXN-003713,CUST-0302,16.2,USD,CRYPTO_TRANSFER,Cyprus,South Africa,import_export,web,2025-11-29T00:38,3,0.02,0,1,,0.791,suspicious
TXN-003714,CUST-0190,5087.5,USD,CHECK,UAE,Singapore,luxury_goods,advisor,2025-09-09T01:51,1,0.12,1,0,,0.442,normal
TXN-003715,CUST-0276,411.02,USD,ACH,Switzerland,Switzerland,real_estate,advisor,2025-09-17T12:31,2,0.08,0,0,,0.35,normal
TXN-003716,CUST-0464,2368.93,USD,INTERNATIONAL_REMITTANCE,Germany,USA,travel,web,2025-01-24T02:14,1,0.52,0,0,,0.21,normal
TXN-003717,CUST-0415,3459.47,USD,CARD,Switzerland,Switzerland,electronics,branch,2025-04-09T13:42,2,0.41,0,0,,0.245,normal
TXN-003718,CUST-0151,1290.96,USD,WIRE,Canada,France,luxury_goods,advisor,2025-03-26T22:05,1,0.42,0,0,,0.217,normal
TXN-003719,CUST-0240,977.66,USD,INTERNATIONAL_REMITTANCE,Switzerland,Switzerland,import_export,branch,2025-11-12T13:15,2,0.27,0,0,,0.222,normal
TXN-003720,CUST-0497,355.72,USD,CHECK,Singapore,UAE,luxury_goods,advisor,2025-12-28T00:35,2,0.07,0,0,,0.346,normal
TXN-003721,CUST-0161,16521.43,USD,WIRE,Switzerland,China,charity,mobile,2025-04-12T03:51,3,0.11,0,0,,0.483,review
TXN-003722,CUST-0297,241790.29,USD,ACH,Brazil,France,cash_services,branch,2025-11-28T13:28,1,0.61,0,0,,0.258,normal
TXN-003723,CUST-0112,450.46,USD,CASH_PAYMENT,Germany,Germany,investment,mobile,2026-02-19T19:22,1,0.12,0,1,,0.408,normal
TXN-003724,CUST-0294,22316.99,USD,CARD,Mexico,Canada,investment,advisor,2025-12-26T18:50,1,0.12,0,0,,0.306,normal
TXN-003725,CUST-0189,2815.98,USD,CHECK,Hong Kong,Mexico,consulting,mobile,2026-04-14T18:38,3,0.42,0,0,,0.324,normal
TXN-003726,CUST-0044,1258.26,USD,CHECK,France,UK,import_export,mobile,2026-04-26T19:00,1,0.38,0,0,,0.198,normal
TXN-003727,CUST-0340,27485.28,USD,INTERNATIONAL_REMITTANCE,Switzerland,Switzerland,luxury_goods,branch,2026-05-09T16:46,2,0.52,0,0,,0.44,normal
TXN-003728,CUST-0224,46953.81,USD,WIRE,Mexico,Brazil,cash_services,branch,2025-09-15T09:17,3,31.43,1,0,R-003 customer behavior deviation,0.847,suspicious
TXN-003729,CUST-0003,961271.33,USD,CASH_PAYMENT,Switzerland,Panama,charity,web,2026-03-03T23:27,4,10.28,1,1,R-002 high-risk jurisdiction|R-003 customer behavior deviation|R-005 opaque merchant category,0.978,suspicious
TXN-003730,CUST-0370,338417.59,USD,CASH_PAYMENT,Brazil,China,luxury_goods,api,2025-02-17T08:26,3,75.09,1,1,R-003 customer behavior deviation,0.99,suspicious
TXN-003731,CUST-0395,157.34,USD,CHECK,Canada,Singapore,luxury_goods,api,2025-05-28T08:31,1,0.08,0,0,,0.201,normal
TXN-003732,CUST-0364,498.42,USD,CARD,Singapore,Singapore,import_export,api,2026-04-01T03:22,1,0.1,0,0,,0.219,normal
TXN-003733,CUST-0353,56110.96,USD,CHECK,France,Cyprus,cash_services,web,2026-04-22T21:29,3,0.26,1,0,,0.559,review
TXN-003734,CUST-0054,388.32,USD,CARD,India,Cyprus,import_export,mobile,2026-03-08T12:49,3,0.08,0,0,,0.349,normal
TXN-003735,CUST-0063,1186.01,USD,CARD,China,Canada,real_estate,api,2026-01-09T19:35,1,0.22,0,0,,0.25,normal
TXN-003736,CUST-0447,177434.8,USD,INTERNATIONAL_REMITTANCE,Germany,Brazil,real_estate,branch,2025-12-23T12:51,3,65.95,1,1,R-003 customer behavior deviation,0.894,suspicious
TXN-003737,CUST-0472,582.78,USD,CHECK,Germany,Germany,cash_services,advisor,2025-08-11T16:27,1,0.09,0,0,,0.186,normal
TXN-003738,CUST-0341,1313.19,USD,ACH,Mexico,Hong Kong,luxury_goods,advisor,2025-12-02T08:28,2,0.2,1,0,,0.438,normal
TXN-003739,CUST-0121,199.61,USD,WIRE,UK,Germany,cash_services,api,2025-09-14T13:48,1,0.1,0,0,,0.228,normal
TXN-003740,CUST-0230,175336.6,USD,WIRE,Brazil,South Africa,cash_services,api,2026-01-16T12:16,3,25.9,0,0,R-003 customer behavior deviation,0.693,suspicious
TXN-003741,CUST-0499,82462.14,USD,CHECK,Canada,South Africa,cash_services,advisor,2025-10-14T19:55,3,0.33,0,0,,0.423,normal
TXN-003742,CUST-0322,515376.84,USD,CHECK,China,Hong Kong,charity,api,2025-09-20T17:50,2,0.8,0,0,R-005 opaque merchant category,0.296,normal
TXN-003743,CUST-0256,1211.91,USD,CARD,USA,Switzerland,luxury_goods,api,2025-12-17T22:36,2,0.19,0,0,,0.435,normal
TXN-003744,CUST-0178,12614.03,USD,CARD,UK,UK,investment,api,2025-10-07T09:44,1,0.09,0,0,,0.293,normal
TXN-003745,CUST-0204,20795.87,USD,INTERNATIONAL_REMITTANCE,Cyprus,Mexico,electronics,web,2025-05-12T06:53,3,0.06,0,0,,0.574,review
TXN-003746,CUST-0426,49402.6,USD,WIRE,UK,UK,cash_services,api,2025-05-17T00:22,1,0.23,0,0,,0.22,normal
TXN-003747,CUST-0195,1280.45,USD,WIRE,Brazil,UK,electronics,web,2025-08-18T02:06,1,0.22,0,0,,0.129,normal
TXN-003748,CUST-0444,2939.75,USD,INTERNATIONAL_REMITTANCE,Turkey,Canada,luxury_goods,advisor,2025-09-01T02:40,1,0.17,0,0,,0.484,review
TXN-003749,CUST-0444,789.89,USD,CHECK,Turkey,Turkey,electronics,web,2026-03-21T21:38,3,0.05,0,0,,0.543,review
TXN-003750,CUST-0122,2915.49,USD,WIRE,India,Canada,consulting,web,2025-02-13T06:15,1,0.57,0,0,,0.374,normal
TXN-003751,CUST-0441,11320.75,USD,CARD,China,South Africa,electronics,web,2025-04-10T00:48,3,0.51,0,0,,0.397,normal
TXN-003752,CUST-0196,316.98,USD,ACH,Turkey,USA,consulting,web,2025-06-16T06:07,1,0.18,0,0,,0.24,normal
TXN-003753,CUST-0163,108.07,USD,CHECK,UAE,Cyprus,electronics,api,2026-02-04T23:09,3,0.06,0,0,,0.347,normal
TXN-003754,CUST-0260,549.32,USD,CHECK,UAE,UAE,electronics,advisor,2026-01-30T19:55,2,0.3,0,0,,0.219,normal
TXN-003755,CUST-0421,9401.1,USD,CARD,France,France,import_export,branch,2025-01-21T12:55,1,0.13,0,0,,0.26,normal
TXN-003756,CUST-0307,15000000,USD,INTERNATIONAL_REMITTANCE,France,Russia,luxury_goods,api,2025-03-16T15:33,5,48.97,1,0,R-002 high-risk jurisdiction|R-003 customer behavior deviation,0.99,suspicious
TXN-003757,CUST-0018,1299.51,USD,CARD,Turkey,Turkey,consulting,advisor,2025-12-31T00:52,3,0.21,0,1,,0.493,review
TXN-003758,CUST-0288,85210.67,USD,CASH_PAYMENT,France,Russia,luxury_goods,api,2025-07-16T07:12,5,73.07,1,1,R-002 high-risk jurisdiction|R-003 customer behavior deviation,0.99,suspicious
TXN-003759,CUST-0347,416.38,USD,CARD,France,Turkey,import_export,mobile,2025-07-04T16:42,3,0.09,1,0,,0.542,review
TXN-003760,CUST-0062,61184.4,USD,CRYPTO_TRANSFER,Hong Kong,China,unknown,api,2025-03-13T17:26,3,64.02,1,1,R-003 customer behavior deviation,0.99,suspicious
TXN-003761,CUST-0466,568.28,USD,CARD,India,Singapore,travel,web,2025-08-01T16:51,1,0.09,0,1,,0.307,normal
TXN-003762,CUST-0253,510.0,USD,CHECK,Germany,India,charity,mobile,2025-10-17T04:11,2,0.14,0,0,,0.263,normal
TXN-003763,CUST-0108,395.2,USD,ACH,Germany,USA,consulting,mobile,2025-12-24T21:37,1,0.06,0,0,,0.153,normal
TXN-003764,CUST-0140,339.45,USD,ACH,Mexico,Mexico,luxury_goods,advisor,2025-12-08T20:49,3,0.19,0,0,,0.375,normal
TXN-003765,CUST-0040,603.19,USD,INTERNATIONAL_REMITTANCE,UAE,UAE,cash_services,mobile,2025-04-19T17:51,2,0.08,0,0,,0.251,normal
TXN-003766,CUST-0329,174218.08,USD,WIRE,Turkey,Turkey,luxury_goods,mobile,2025-05-10T05:25,3,0.81,0,0,,0.441,normal
TXN-003767,CUST-0103,433.23,USD,CARD,Brazil,Brazil,import_export,mobile,2026-04-27T18:28,3,0.09,0,0,,0.319,normal
TXN-003768,CUST-0178,12260.21,USD,INTERNATIONAL_REMITTANCE,Canada,Singapore,consulting,web,2025-01-02T11:44,1,0.09,0,0,,0.283,normal
TXN-003769,CUST-0154,151.64,USD,INTERNATIONAL_REMITTANCE,France,China,consulting,web,2025-10-03T07:55,3,0.08,0,0,,0.382,normal
TXN-003770,CUST-0192,628366.13,USD,WIRE,South Africa,Turkey,unknown,branch,2025-12-24T20:36,3,85.8,1,0,R-003 customer behavior deviation|R-005 opaque merchant category,0.851,suspicious
TXN-003771,CUST-0163,187.23,USD,CARD,Cyprus,China,investment,api,2025-08-05T06:04,3,0.11,0,0,,0.332,normal
TXN-003772,CUST-0366,4342257.79,USD,CRYPTO_TRANSFER,China,British Virgin Islands,consulting,branch,2025-12-04T15:18,4,65.0,1,1,R-002 high-risk jurisdiction|R-003 customer behavior deviation|R-004 large crypto transfer|R-005 opaque merchant category,0.99,suspicious
TXN-003773,CUST-0064,2816.77,USD,CHECK,South Africa,Turkey,electronics,mobile,2025-06-28T05:52,3,0.54,0,0,,0.406,normal
TXN-003774,CUST-0447,286.02,USD,CARD,Cyprus,Cyprus,luxury_goods,advisor,2026-01-06T16:10,3,0.11,0,0,,0.381,normal
TXN-003775,CUST-0438,6344756.59,USD,CRYPTO_TRANSFER,UAE,British Virgin Islands,unknown,branch,2025-07-02T06:02,4,47.63,1,1,R-002 high-risk jurisdiction|R-003 customer behavior deviation|R-004 large crypto transfer|R-005 opaque merchant category,0.99,suspicious
TXN-003776,CUST-0003,28539.7,USD,WIRE,Switzerland,UK,real_estate,api,2025-01-26T05:21,1,0.31,0,0,,0.22,normal
TXN-003777,CUST-0399,116.77,USD,CARD,Switzerland,Cyprus,import_export,api,2026-03-09T12:19,3,0.06,0,1,,0.513,review
TXN-003778,CUST-0293,1623.44,USD,INTERNATIONAL_REMITTANCE,Mexico,Brazil,charity,web,2025-08-09T01:09,3,0.21,0,0,,0.314,normal
TXN-003779,CUST-0431,2030.56,USD,CHECK,UAE,UAE,cash_services,branch,2026-02-07T11:50,2,0.25,0,0,,0.204,normal
TXN-003780,CUST-0195,433.44,USD,INTERNATIONAL_REMITTANCE,Brazil,Brazil,import_export,branch,2025-03-01T12:13,3,0.07,0,0,,0.289,normal
TXN-003781,CUST-0096,254017.48,USD,INTERNATIONAL_REMITTANCE,Turkey,Mexico,luxury_goods,branch,2026-05-10T23:32,3,78.11,1,0,R-003 customer behavior deviation,0.79,suspicious
TXN-003782,CUST-0144,3787.57,USD,CHECK,Germany,Germany,cash_services,advisor,2025-08-30T04:17,1,0.06,0,0,,0.251,normal
TXN-003783,CUST-0315,1046.04,USD,CHECK,UAE,Brazil,consulting,advisor,2025-05-18T07:49,3,0.21,0,0,,0.407,normal
TXN-003784,CUST-0289,990.03,USD,WIRE,Turkey,Turkey,luxury_goods,web,2026-02-25T19:21,3,0.3,0,0,,0.382,normal
TXN-003785,CUST-0460,4803.08,USD,CHECK,Canada,Canada,consulting,advisor,2025-12-10T22:21,1,0.8,0,0,,0.241,normal
TXN-003786,CUST-0023,4676.57,USD,CARD,China,Cayman Islands,charity,api,2025-11-16T05:04,4,0.55,1,0,R-002 high-risk jurisdiction,0.54,review
TXN-003787,CUST-0478,20762.7,USD,CHECK,Turkey,Turkey,charity,web,2025-01-29T12:48,3,0.09,0,0,,0.456,review
TXN-003788,CUST-0176,58136.67,USD,INTERNATIONAL_REMITTANCE,Germany,Germany,luxury_goods,advisor,2025-12-30T13:11,1,0.18,0,0,,0.238,normal
TXN-003789,CUST-0298,1385.27,USD,CHECK,Singapore,France,charity,web,2025-04-22T15:22,1,0.16,0,0,,0.368,normal
TXN-003790,CUST-0012,4705.0,USD,WIRE,Switzerland,Switzerland,electronics,branch,2025-10-12T05:37,2,0.55,0,0,,0.294,normal
TXN-003791,CUST-0429,699.02,USD,INTERNATIONAL_REMITTANCE,India,India,import_export,branch,2025-11-17T22:24,2,0.08,0,0,,0.287,normal
TXN-003792,CUST-0329,35919.66,USD,CRYPTO_TRANSFER,Switzerland,China,travel,branch,2026-03-23T08:08,3,0.17,0,1,,0.554,review
TXN-003793,CUST-0286,40744.77,USD,CASH_PAYMENT,Switzerland,Switzerland,consulting,branch,2025-05-20T01:41,2,0.09,0,1,,0.505,review
TXN-003794,CUST-0312,1414.67,USD,INTERNATIONAL_REMITTANCE,USA,South Africa,charity,mobile,2025-07-23T16:03,3,0.21,0,0,,0.36,normal
TXN-003795,CUST-0389,26191.88,USD,CARD,UAE,Turkey,travel,api,2025-06-22T19:14,3,0.31,0,0,,0.504,review
TXN-003796,CUST-0291,484983.52,USD,CASH_PAYMENT,UK,Nigeria,luxury_goods,branch,2025-08-18T03:45,4,85.44,1,1,R-002 high-risk jurisdiction|R-003 customer behavior deviation,0.99,suspicious
TXN-003797,CUST-0054,628.58,USD,CARD,Brazil,Brazil,electronics,advisor,2025-04-21T17:01,3,0.14,0,0,,0.343,normal
TXN-003798,CUST-0140,192.63,USD,ACH,Singapore,Turkey,travel,api,2026-03-29T19:16,3,0.11,0,0,,0.424,normal
TXN-003799,CUST-0131,709.16,USD,CARD,Turkey,Canada,luxury_goods,mobile,2025-02-11T20:25,1,0.18,0,0,,0.221,normal
TXN-003800,CUST-0322,115133.47,USD,CASH_PAYMENT,China,Mexico,travel,web,2025-02-13T22:04,3,0.18,0,1,,0.568,review
TXN-003801,CUST-0428,691.0,USD,CHECK,Mexico,India,consulting,advisor,2025-03-06T08:59,2,0.16,0,0,,0.292,normal
TXN-003802,CUST-0223,201.55,USD,WIRE,India,Switzerland,cash_services,web,2025-04-05T11:33,2,0.06,0,0,,0.288,normal
TXN-003803,CUST-0448,13947.55,USD,WIRE,Singapore,Singapore,investment,web,2025-06-21T10:21,1,0.1,0,1,,0.395,normal
TXN-003804,CUST-0154,350.41,USD,WIRE,China,South Africa,travel,api,2025-10-10T20:59,3,0.19,0,0,,0.406,normal
TXN-003805,CUST-0398,3060.16,USD,ACH,UAE,UK,electronics,api,2025-07-02T23:56,1,0.91,1,0,,0.296,normal
TXN-003806,CUST-0132,86706.32,USD,INTERNATIONAL_REMITTANCE,Turkey,Turkey,real_estate,advisor,2025-03-09T09:28,3,0.35,0,0,,0.338,normal
TXN-003807,CUST-0030,524.2,USD,WIRE,Germany,Germany,import_export,api,2026-03-24T03:30,1,0.15,0,0,,0.235,normal
TXN-003808,CUST-0075,1677.38,USD,WIRE,Switzerland,Germany,electronics,mobile,2025-02-13T15:44,1,0.32,0,0,,0.279,normal
TXN-003809,CUST-0491,2559.49,USD,ACH,Singapore,France,charity,branch,2025-12-02T08:52,1,0.37,0,0,,0.293,normal
TXN-003810,CUST-0423,17612.25,USD,WIRE,Canada,Switzerland,luxury_goods,branch,2026-03-18T23:20,2,0.3,0,0,,0.269,normal
TXN-003811,CUST-0142,109350.79,USD,CHECK,UAE,UAE,travel,advisor,2025-04-30T03:51,2,0.41,0,0,,0.396,normal
TXN-003812,CUST-0175,21052.55,USD,CRYPTO_TRANSFER,India,Hong Kong,cash_services,advisor,2025-04-09T23:25,2,0.24,0,1,,0.45,review
TXN-003813,CUST-0261,179.25,USD,ACH,India,Brazil,travel,web,2026-01-20T02:09,3,0.1,0,0,,0.371,normal
TXN-003814,CUST-0100,2478.81,USD,CHECK,India,Brazil,travel,web,2025-05-15T22:58,3,0.32,0,0,,0.322,normal
TXN-003815,CUST-0069,1958.09,USD,CRYPTO_TRANSFER,China,France,consulting,mobile,2026-03-14T22:14,1,0.25,0,1,,0.332,normal
TXN-003816,CUST-0295,1566.39,USD,ACH,Germany,Hong Kong,electronics,api,2025-03-19T11:44,2,0.2,1,0,,0.407,normal
TXN-003817,CUST-0232,659.15,USD,CHECK,Mexico,China,travel,api,2025-06-26T21:07,3,0.08,1,0,,0.499,review
TXN-003818,CUST-0089,850.86,USD,CRYPTO_TRANSFER,Singapore,Singapore,travel,mobile,2026-02-20T20:27,1,0.15,0,1,,0.441,normal
TXN-003819,CUST-0232,3988.89,USD,ACH,Germany,Brazil,electronics,api,2025-03-06T01:37,3,0.51,0,0,,0.378,normal
TXN-003820,CUST-0366,11043.63,USD,WIRE,China,China,real_estate,branch,2026-05-05T23:14,3,0.17,0,0,,0.432,normal
TXN-003821,CUST-0201,209653.11,USD,CASH_PAYMENT,China,British Virgin Islands,unknown,api,2026-02-28T13:12,4,74.76,1,1,R-002 high-risk jurisdiction|R-003 customer behavior deviation|R-005 opaque merchant category,0.99,suspicious
TXN-003822,CUST-0274,1997.75,USD,CHECK,UK,Turkey,luxury_goods,mobile,2026-01-31T18:04,3,0.23,0,0,,0.364,normal
TXN-003823,CUST-0294,23765.15,USD,WIRE,Mexico,Mexico,electronics,api,2026-02-23T14:52,3,0.12,0,0,,0.416,normal
TXN-003824,CUST-0243,909.87,USD,CARD,UAE,UAE,electronics,web,2026-01-26T02:29,2,0.12,0,0,,0.281,normal
TXN-003825,CUST-0336,1090.77,USD,CRYPTO_TRANSFER,Turkey,Switzerland,import_export,branch,2025-12-14T15:53,2,0.12,0,1,,0.489,review
TXN-003826,CUST-0486,141796.29,USD,CRYPTO_TRANSFER,Cyprus,British Virgin Islands,real_estate,api,2025-11-21T19:33,4,18.44,1,1,R-002 high-risk jurisdiction|R-003 customer behavior deviation,0.99,suspicious
TXN-003827,CUST-0143,1171.62,USD,ACH,Turkey,China,travel,web,2025-12-25T08:57,3,0.19,0,0,,0.361,normal
TXN-003828,CUST-0323,2341.14,USD,ACH,South Africa,China,cash_services,mobile,2026-02-07T09:36,3,0.31,0,0,,0.431,normal
TXN-003829,CUST-0060,251.56,USD,CARD,China,China,cash_services,mobile,2026-03-06T00:21,3,0.12,0,0,,0.455,review
TXN-003830,CUST-0407,1940.89,USD,CHECK,Hong Kong,Mexico,investment,advisor,2026-03-13T20:52,3,0.31,0,1,,0.469,review
TXN-003831,CUST-0110,7615.28,USD,CASH_PAYMENT,Brazil,USA,real_estate,advisor,2026-01-25T22:30,1,0.18,0,1,,0.5,review
TXN-003832,CUST-0299,1017.78,USD,CHECK,Turkey,Iran,investment,web,2025-05-01T21:14,5,0.18,1,0,R-002 high-risk jurisdiction,0.617,review
TXN-003833,CUST-0273,2392.19,USD,WIRE,India,Turkey,import_export,api,2025-07-22T21:39,3,0.04,0,0,,0.347,normal
TXN-003834,CUST-0037,1320.92,USD,CRYPTO_TRANSFER,France,India,travel,web,2026-03-21T11:58,2,0.32,0,1,,0.459,review
TXN-003835,CUST-0434,16104.19,USD,CHECK,Canada,Mexico,charity,api,2025-10-06T08:55,3,0.21,0,0,,0.374,normal
TXN-003836,CUST-0146,11954.88,USD,ACH,UK,South Africa,luxury_goods,branch,2026-05-07T12:12,3,0.29,0,0,,0.665,review
TXN-003837,CUST-0126,2224338.55,USD,CRYPTO_TRANSFER,Cyprus,China,unknown,branch,2025-03-19T22:18,3,53.78,0,1,R-003 customer behavior deviation|R-004 large crypto transfer|R-005 opaque merchant category,0.99,suspicious
TXN-003838,CUST-0078,12911.6,USD,CHECK,Cyprus,Brazil,investment,api,2025-07-26T18:06,3,0.12,0,1,,0.447,normal
TXN-003839,CUST-0281,534672.99,USD,INTERNATIONAL_REMITTANCE,Canada,Iran,consulting,advisor,2025-12-17T00:37,5,18.99,1,0,R-002 high-risk jurisdiction|R-003 customer behavior deviation|R-005 opaque merchant category,0.99,suspicious
TXN-003840,CUST-0307,81242.42,USD,CARD,Brazil,India,travel,mobile,2026-03-01T20:24,2,0.27,0,0,,0.591,review
TXN-003841,CUST-0010,10246.49,USD,INTERNATIONAL_REMITTANCE,Cyprus,South Africa,charity,web,2025-12-17T06:46,3,0.09,0,0,,0.346,normal
TXN-003842,CUST-0133,13401.67,USD,CHECK,China,UK,consulting,web,2025-04-18T21:29,1,0.21,0,0,,0.227,normal
TXN-003843,CUST-0264,1159.41,USD,CHECK,UK,UK,investment,mobile,2025-07-11T10:55,1,0.04,0,1,,0.331,normal
TXN-003844,CUST-0084,8427606.63,USD,WIRE,Canada,Iran,consulting,api,2025-03-20T13:13,5,73.89,1,1,R-002 high-risk jurisdiction|R-003 customer behavior deviation|R-005 opaque merchant category,0.99,suspicious
TXN-003845,CUST-0306,714.02,USD,CHECK,Germany,Germany,luxury_goods,api,2025-10-14T17:09,1,0.12,0,0,,0.184,normal
TXN-003846,CUST-0297,102719.97,USD,WIRE,Brazil,Brazil,investment,branch,2025-11-20T23:09,3,0.26,0,0,,0.386,normal
TXN-003847,CUST-0394,1504.44,USD,CHECK,UAE,Singapore,luxury_goods,web,2025-04-19T14:30,1,0.33,0,0,,0.258,normal
TXN-003848,CUST-0131,1331.3,USD,INTERNATIONAL_REMITTANCE,Canada,Turkey,luxury_goods,api,2026-04-13T08:53,3,0.33,0,0,,0.413,normal
TXN-003849,CUST-0459,6871345.29,USD,WIRE,USA,Russia,charity,branch,2025-11-14T10:01,5,79.37,1,1,R-002 high-risk jurisdiction|R-003 customer behavior deviation|R-005 opaque merchant category,0.99,suspicious
TXN-003850,CUST-0003,12540.49,USD,CARD,UK,France,consulting,branch,2025-07-09T19:59,1,0.13,0,0,,0.17,normal
TXN-003851,CUST-0179,10617.17,USD,CHECK,UAE,Hong Kong,consulting,advisor,2025-06-07T03:34,2,0.06,0,0,,0.343,normal
TXN-003852,CUST-0256,357.61,USD,CHECK,Mexico,Switzerland,real_estate,web,2025-12-24T13:40,2,0.06,0,0,,0.428,normal
TXN-003853,CUST-0426,273357.36,USD,ACH,Brazil,UK,import_export,advisor,2025-12-12T00:28,1,1.3,0,0,,0.218,normal
TXN-003854,CUST-0245,1666.51,USD,WIRE,Hong Kong,Hong Kong,real_estate,web,2025-12-02T19:40,2,0.24,0,0,,0.291,normal
TXN-003855,CUST-0489,449.39,USD,CARD,Cyprus,Turkey,real_estate,web,2025-06-22T08:15,3,0.1,1,0,,0.532,review
TXN-003856,CUST-0144,45492.43,USD,ACH,China,China,real_estate,api,2025-06-01T08:04,3,0.71,0,0,,0.388,normal
TXN-003857,CUST-0335,65245.01,USD,CHECK,Cyprus,Turkey,electronics,branch,2025-06-04T16:44,3,0.34,0,0,,0.391,normal
TXN-003858,CUST-0162,2872.34,USD,CHECK,France,UAE,investment,branch,2025-12-03T19:00,2,0.04,0,0,,0.318,normal
TXN-003859,CUST-0356,185186.33,USD,CASH_PAYMENT,Turkey,Russia,luxury_goods,api,2025-02-13T03:03,5,27.77,1,1,R-002 high-risk jurisdiction|R-003 customer behavior deviation,0.99,suspicious
TXN-003860,CUST-0024,2016.31,USD,CHECK,South Africa,Mexico,electronics,api,2025-10-29T09:21,3,0.52,0,0,,0.68,review
TXN-003861,CUST-0097,11582.38,USD,WIRE,Singapore,Hong Kong,import_export,branch,2026-01-19T17:00,2,0.08,0,0,,0.464,review
TXN-003862,CUST-0093,23315.17,USD,INTERNATIONAL_REMITTANCE,China,USA,travel,mobile,2025-04-02T23:06,1,0.23,0,0,,0.19,normal
TXN-003863,CUST-0237,398054.71,USD,CASH_PAYMENT,Switzerland,China,real_estate,api,2025-07-24T13:50,3,19.64,1,1,R-003 customer behavior deviation,0.99,suspicious
TXN-003864,CUST-0321,595136.94,USD,CRYPTO_TRANSFER,Brazil,Brazil,charity,advisor,2026-02-06T08:02,3,78.27,0,1,R-003 customer behavior deviation|R-004 large crypto transfer|R-005 opaque merchant category,0.938,suspicious
TXN-003865,CUST-0369,913.65,USD,CARD,India,India,travel,web,2025-10-26T15:00,2,0.17,0,0,,0.314,normal
TXN-003866,CUST-0448,27966.22,USD,CASH_PAYMENT,Singapore,UAE,import_export,api,2026-05-05T04:43,2,0.2,0,1,,0.532,review
TXN-003867,CUST-0143,525534.52,USD,CRYPTO_TRANSFER,Turkey,Brazil,real_estate,advisor,2025-12-04T12:55,3,83.47,1,1,R-003 customer behavior deviation|R-004 large crypto transfer,0.99,suspicious
TXN-003868,CUST-0465,271.04,USD,CHECK,USA,Canada,luxury_goods,api,2026-04-03T21:46,1,0.16,0,0,,0.12,normal
TXN-003869,CUST-0389,28779.71,USD,WIRE,Turkey,UAE,luxury_goods,branch,2025-08-30T18:18,2,0.34,0,1,,0.408,normal
TXN-003870,CUST-0327,2127.33,USD,INTERNATIONAL_REMITTANCE,China,Turkey,luxury_goods,branch,2025-04-03T05:48,3,0.27,0,0,,0.326,normal
TXN-003871,CUST-0264,4286.34,USD,WIRE,Mexico,UK,luxury_goods,mobile,2025-03-27T16:53,1,0.14,0,0,,0.152,normal
TXN-003872,CUST-0157,840.06,USD,CHECK,Canada,India,consulting,advisor,2026-04-26T22:50,2,0.18,1,0,,0.393,normal
TXN-003873,CUST-0344,552.15,USD,ACH,India,UAE,cash_services,branch,2025-01-24T17:21,2,0.23,0,0,,0.376,normal
TXN-003874,CUST-0393,1604.89,USD,CARD,China,China,consulting,branch,2025-12-05T12:11,3,0.36,0,0,,0.431,normal
TXN-003875,CUST-0132,16864.96,USD,INTERNATIONAL_REMITTANCE,Germany,Germany,luxury_goods,mobile,2025-11-11T23:18,1,0.07,0,0,,0.231,normal
TXN-003876,CUST-0103,225188.93,USD,WIRE,Singapore,South Africa,unknown,branch,2026-02-06T14:56,3,46.79,1,0,R-003 customer behavior deviation|R-005 opaque merchant category,0.855,suspicious
TXN-003877,CUST-0434,49793.46,USD,CARD,Mexico,Mexico,charity,advisor,2025-11-24T15:31,3,0.66,0,0,,0.403,normal
TXN-003878,CUST-0489,1227.86,USD,INTERNATIONAL_REMITTANCE,Switzerland,Canada,cash_services,api,2026-01-08T10:49,1,0.26,0,0,,0.218,normal
TXN-003879,CUST-0120,5362.14,USD,CASH_PAYMENT,Turkey,Turkey,import_export,mobile,2026-04-22T20:12,3,0.12,0,1,,0.632,review
TXN-003880,CUST-0150,452.07,USD,WIRE,Mexico,Hong Kong,luxury_goods,branch,2026-04-26T17:54,2,0.05,0,0,,0.266,normal
TXN-003881,CUST-0381,8785.24,USD,WIRE,Brazil,Brazil,cash_services,mobile,2025-08-07T03:57,3,0.14,0,0,,0.448,normal
TXN-003882,CUST-0367,121.39,USD,WIRE,Switzerland,Switzerland,consulting,api,2025-05-07T12:34,2,0.05,0,0,,0.221,normal
TXN-003883,CUST-0456,11945.34,USD,ACH,Singapore,Canada,electronics,branch,2025-11-18T16:46,1,1.75,0,0,,0.254,normal
TXN-003884,CUST-0432,4635.89,USD,CARD,France,UK,investment,mobile,2025-10-14T07:19,1,0.17,0,1,,0.252,normal
TXN-003885,CUST-0062,52.24,USD,CHECK,Hong Kong,Germany,charity,mobile,2026-02-02T07:50,1,0.05,0,0,,0.266,normal
TXN-003886,CUST-0439,680.72,USD,CARD,India,UAE,luxury_goods,branch,2026-02-12T23:42,2,0.08,0,0,,0.204,normal
TXN-003887,CUST-0397,6188.97,USD,CHECK,India,China,cash_services,web,2025-03-12T23:41,3,0.79,1,0,,0.433,normal
TXN-003888,CUST-0299,425507.88,USD,CASH_PAYMENT,Hong Kong,South Africa,unknown,web,2026-03-28T23:54,3,75.85,0,1,R-003 customer behavior deviation|R-005 opaque merchant category,0.883,suspicious
TXN-003889,CUST-0433,239.09,USD,CHECK,Mexico,Mexico,cash_services,api,2026-04-12T06:42,3,0.06,0,0,,0.451,review
TXN-003890,CUST-0394,265.74,USD,CARD,Singapore,UAE,investment,api,2025-11-29T12:57,2,0.06,0,0,,0.404,normal
TXN-003891,CUST-0486,439.17,USD,WIRE,France,Cyprus,travel,advisor,2025-01-22T03:36,3,0.06,0,0,,0.336,normal
TXN-003892,CUST-0343,16308.12,USD,CARD,Switzerland,Mexico,investment,advisor,2025-09-11T04:37,3,0.27,0,0,,0.348,normal
TXN-003893,CUST-0155,572.68,USD,ACH,China,Hong Kong,travel,api,2025-02-28T23:27,2,0.1,0,1,,0.32,normal
TXN-003894,CUST-0488,118326.87,USD,ACH,Cyprus,France,charity,web,2025-02-04T13:10,1,0.75,1,0,R-005 opaque merchant category,0.474,review
TXN-003895,CUST-0443,541.95,USD,CARD,India,France,cash_services,api,2025-12-01T19:31,1,0.07,0,0,,0.214,normal
TXN-003896,CUST-0141,232.12,USD,CRYPTO_TRANSFER,India,Singapore,consulting,api,2025-11-11T13:00,1,0.08,0,1,,0.461,review
TXN-003897,CUST-0119,2408.55,USD,CHECK,Canada,India,luxury_goods,mobile,2025-02-17T16:58,2,0.46,0,0,,0.288,normal
TXN-003898,CUST-0099,2080.06,USD,INTERNATIONAL_REMITTANCE,Singapore,Hong Kong,import_export,api,2026-05-14T03:59,2,0.64,0,0,,0.479,review
TXN-003899,CUST-0266,125.99,USD,WIRE,Switzerland,France,investment,api,2026-04-12T06:15,1,0.07,0,0,,0.182,normal
TXN-003900,CUST-0029,8623.3,USD,INTERNATIONAL_REMITTANCE,UAE,France,travel,web,2025-12-04T23:40,1,0.08,0,0,,0.403,normal
TXN-003901,CUST-0496,12173.97,USD,INTERNATIONAL_REMITTANCE,China,China,consulting,web,2026-02-23T23:06,3,0.09,0,0,,0.424,normal
TXN-003902,CUST-0236,105.57,USD,CARD,South Africa,USA,consulting,advisor,2026-03-21T00:11,1,0.07,0,0,,0.34,normal
TXN-003903,CUST-0193,246726.41,USD,CRYPTO_TRANSFER,Germany,China,cash_services,web,2025-02-13T19:08,3,45.15,1,1,R-003 customer behavior deviation,0.99,suspicious
TXN-003904,CUST-0369,3344.01,USD,INTERNATIONAL_REMITTANCE,India,Cyprus,import_export,mobile,2025-04-01T02:48,3,0.62,0,0,,0.402,normal
TXN-003905,CUST-0460,2026.23,USD,CHECK,Germany,Canada,luxury_goods,api,2025-12-30T11:04,1,0.34,0,0,,0.263,normal
TXN-003906,CUST-0377,49048.63,USD,INTERNATIONAL_REMITTANCE,India,Turkey,unknown,web,2025-05-29T07:50,3,21.98,1,0,R-003 customer behavior deviation,0.842,suspicious
TXN-003907,CUST-0094,3257.2,USD,INTERNATIONAL_REMITTANCE,Mexico,Switzerland,investment,branch,2025-05-06T06:21,2,0.05,0,0,,0.316,normal
TXN-003908,CUST-0036,13109.27,USD,INTERNATIONAL_REMITTANCE,Cyprus,Cyprus,electronics,api,2025-09-20T07:02,3,0.17,0,1,,0.459,review
TXN-003909,CUST-0498,99797.14,USD,WIRE,China,Iran,unknown,branch,2026-03-25T16:13,5,19.41,1,0,R-002 high-risk jurisdiction|R-003 customer behavior deviation,0.972,suspicious
TXN-003910,CUST-0110,40479.24,USD,CARD,USA,Cayman Islands,electronics,branch,2025-10-16T20:58,4,0.98,1,0,R-002 high-risk jurisdiction,0.705,suspicious
TXN-003911,CUST-0497,154206.8,USD,CASH_PAYMENT,UAE,Turkey,luxury_goods,web,2026-01-05T09:16,3,29.7,1,1,R-003 customer behavior deviation,0.99,suspicious
TXN-003912,CUST-0384,3805.23,USD,WIRE,Hong Kong,Germany,import_export,api,2026-01-21T23:19,1,0.08,0,0,,0.289,normal
TXN-003913,CUST-0413,1784.02,USD,CHECK,USA,Mexico,luxury_goods,web,2025-08-20T20:45,3,0.87,0,0,,0.591,review
TXN-003914,CUST-0085,503015.98,USD,INTERNATIONAL_REMITTANCE,Switzerland,Turkey,luxury_goods,api,2026-04-11T05:57,3,87.06,1,0,R-003 customer behavior deviation,0.834,suspicious
TXN-003915,CUST-0128,4207.5,USD,CASH_PAYMENT,USA,France,consulting,web,2025-12-13T19:27,1,0.64,0,1,,0.428,normal
TXN-003916,CUST-0476,654.34,USD,WIRE,Hong Kong,UK,luxury_goods,api,2025-11-13T12:48,1,0.15,0,0,,0.24,normal
TXN-003917,CUST-0249,996.72,USD,CARD,Cyprus,Cyprus,electronics,api,2025-07-27T16:28,3,1.67,0,0,,0.498,review
TXN-003918,CUST-0154,118747.63,USD,INTERNATIONAL_REMITTANCE,France,Panama,cash_services,web,2025-03-11T05:47,4,64.04,1,0,R-002 high-risk jurisdiction|R-003 customer behavior deviation,0.971,suspicious
TXN-003919,CUST-0371,254006.71,USD,CASH_PAYMENT,UK,South Africa,cash_services,web,2025-05-27T21:39,3,38.16,1,1,R-003 customer behavior deviation,0.99,suspicious
TXN-003920,CUST-0183,1488.3,USD,CHECK,Mexico,Switzerland,import_export,web,2025-10-14T10:15,2,0.82,0,0,,0.232,normal
TXN-003921,CUST-0328,124.22,USD,CHECK,South Africa,Cyprus,luxury_goods,mobile,2026-05-15T12:10,3,0.1,0,0,,0.508,review
TXN-003922,CUST-0042,1175.48,USD,CARD,Mexico,Canada,investment,api,2025-01-04T22:33,1,0.05,1,0,,0.387,normal
TXN-003923,CUST-0434,5733.69,USD,CARD,Mexico,Canada,real_estate,api,2025-10-05T22:59,1,0.08,0,0,,0.272,normal
TXN-003924,CUST-0168,2888.67,USD,ACH,India,Singapore,travel,api,2025-09-28T18:16,1,0.46,0,0,,0.217,normal
TXN-003925,CUST-0310,10.5,USD,CASH_PAYMENT,Singapore,India,electronics,api,2025-11-16T13:48,2,0.02,0,1,,0.413,normal
TXN-003926,CUST-0054,857.3,USD,CARD,Germany,Germany,cash_services,branch,2025-09-18T11:01,1,0.19,0,0,,0.184,normal
TXN-003927,CUST-0237,3040.23,USD,INTERNATIONAL_REMITTANCE,Turkey,Turkey,import_export,web,2025-06-09T18:26,3,0.15,0,0,,0.436,normal
TXN-003928,CUST-0442,1409.34,USD,ACH,China,Turkey,real_estate,branch,2025-08-07T12:25,3,0.62,1,0,,0.463,review
TXN-003929,CUST-0233,71676.08,USD,WIRE,Cyprus,Russia,charity,advisor,2025-07-25T21:17,5,12.18,1,1,R-002 high-risk jurisdiction|R-003 customer behavior deviation,0.99,suspicious
TXN-003930,CUST-0042,6661.08,USD,INTERNATIONAL_REMITTANCE,Mexico,Iran,travel,advisor,2025-07-23T08:07,5,0.29,1,0,R-002 high-risk jurisdiction,0.696,suspicious
TXN-003931,CUST-0217,83619.76,USD,CHECK,Singapore,USA,travel,api,2025-12-22T18:23,1,0.53,0,0,,0.377,normal
TXN-003932,CUST-0267,646.73,USD,CARD,Mexico,Switzerland,import_export,web,2026-04-22T19:43,2,0.29,0,0,,0.347,normal
TXN-003933,CUST-0257,1098.74,USD,ACH,Cyprus,Canada,investment,branch,2025-03-19T18:19,1,0.13,0,0,,0.38,normal
TXN-003934,CUST-0001,15993.46,USD,INTERNATIONAL_REMITTANCE,France,British Virgin Islands,cash_services,advisor,2025-08-27T19:08,4,22.44,1,0,R-002 high-risk jurisdiction|R-003 customer behavior deviation,0.845,suspicious
TXN-003935,CUST-0368,259.27,USD,INTERNATIONAL_REMITTANCE,USA,Singapore,cash_services,api,2025-06-26T00:07,1,0.14,0,0,,0.195,normal
TXN-003936,CUST-0375,98.69,USD,CHECK,Cyprus,Germany,charity,web,2025-04-14T15:34,1,0.05,0,0,,0.206,normal
TXN-003937,CUST-0300,396.84,USD,WIRE,Germany,Brazil,electronics,branch,2025-05-28T04:39,3,0.06,1,0,,0.528,review
TXN-003938,CUST-0403,678.86,USD,ACH,France,France,cash_services,branch,2026-01-22T10:01,1,0.18,0,0,,0.21,normal
TXN-003939,CUST-0011,356.15,USD,CHECK,China,Cyprus,cash_services,branch,2025-02-18T04:30,3,0.08,0,0,,0.423,normal
TXN-003940,CUST-0114,64389.82,USD,CRYPTO_TRANSFER,Mexico,Russia,unknown,api,2025-07-13T05:54,5,32.1,1,1,R-002 high-risk jurisdiction|R-003 customer behavior deviation,0.99,suspicious
TXN-003941,CUST-0251,132813.61,USD,WIRE,Turkey,Panama,real_estate,web,2025-05-24T19:09,4,0.59,1,0,R-002 high-risk jurisdiction,0.66,review
TXN-003942,CUST-0210,1055.02,USD,CHECK,USA,Hong Kong,luxury_goods,mobile,2025-09-28T13:25,2,0.18,0,0,,0.234,normal
TXN-003943,CUST-0416,77936.37,USD,CASH_PAYMENT,India,Mexico,luxury_goods,branch,2025-12-03T20:29,3,0.33,0,1,,0.596,review
TXN-003944,CUST-0291,324.12,USD,WIRE,Mexico,UK,travel,web,2026-04-29T00:15,1,0.06,0,0,,0.126,normal
TXN-003945,CUST-0294,9288.93,USD,CARD,Cyprus,Mexico,real_estate,web,2025-06-10T05:02,3,0.05,0,0,,0.464,review
TXN-003946,CUST-0037,33380.2,USD,INTERNATIONAL_REMITTANCE,France,Cyprus,real_estate,branch,2025-02-07T08:25,3,8.19,1,0,,0.727,suspicious
TXN-003947,CUST-0326,463.11,USD,WIRE,UAE,UAE,investment,branch,2025-10-10T14:43,2,0.05,0,0,,0.235,normal
TXN-003948,CUST-0090,27455.38,USD,ACH,South Africa,Singapore,consulting,web,2026-02-17T03:13,1,0.63,0,0,,0.421,normal
TXN-003949,CUST-0010,57238.73,USD,ACH,Cyprus,South Africa,investment,advisor,2025-01-05T12:58,3,0.48,0,0,,0.332,normal
TXN-003950,CUST-0265,627.08,USD,INTERNATIONAL_REMITTANCE,Switzerland,Mexico,cash_services,branch,2025-11-22T04:44,3,0.08,0,1,,0.39,normal
TXN-003951,CUST-0238,249.27,USD,INTERNATIONAL_REMITTANCE,Singapore,Singapore,luxury_goods,mobile,2025-06-25T07:16,1,0.04,0,0,,0.232,normal
TXN-003952,CUST-0236,137.08,USD,ACH,South Africa,USA,travel,mobile,2025-08-06T07:06,1,0.09,0,0,,0.295,normal
TXN-003953,CUST-0108,2781.89,USD,CASH_PAYMENT,Hong Kong,Germany,import_export,mobile,2026-02-11T20:33,1,0.44,0,1,,0.455,review
TXN-003954,CUST-0379,3037.99,USD,ACH,Canada,Canada,investment,branch,2025-12-21T00:40,1,0.59,0,0,,0.29,normal
TXN-003955,CUST-0139,11569.0,USD,CARD,South Africa,USA,electronics,advisor,2025-01-29T18:03,1,0.19,0,0,,0.403,normal
TXN-003956,CUST-0450,7613.88,USD,ACH,India,India,luxury_goods,mobile,2025-04-05T15:51,2,0.17,0,0,,0.336,normal
TXN-003957,CUST-0268,630.06,USD,INTERNATIONAL_REMITTANCE,UK,UK,luxury_goods,advisor,2025-09-10T11:38,1,0.08,0,0,,0.155,normal
TXN-003958,CUST-0309,1089.74,USD,WIRE,USA,China,luxury_goods,mobile,2025-02-16T14:29,3,0.28,0,0,,0.397,normal
TXN-003959,CUST-0314,190.58,USD,WIRE,Cyprus,Singapore,consulting,branch,2026-01-18T00:44,1,0.13,0,0,,0.236,normal
TXN-003960,CUST-0359,25.48,USD,ACH,Cyprus,Cyprus,consulting,branch,2025-09-22T13:04,3,0.02,0,0,,0.407,normal
TXN-003961,CUST-0110,17320.1,USD,WIRE,USA,Brazil,cash_services,web,2025-11-29T14:44,3,0.42,0,0,,0.417,normal
TXN-003962,CUST-0448,62791.07,USD,CARD,Hong Kong,UAE,consulting,web,2026-03-15T21:13,2,0.44,0,0,,0.36,normal
TXN-003963,CUST-0035,2123.71,USD,CARD,Brazil,Brazil,travel,advisor,2026-04-16T09:09,3,0.26,0,0,,0.532,review
TXN-003964,CUST-0347,1446.22,USD,WIRE,South Africa,Singapore,real_estate,api,2025-08-24T10:41,1,0.3,0,0,,0.179,normal
TXN-003965,CUST-0203,747990.71,USD,WIRE,Turkey,Turkey,luxury_goods,api,2025-09-10T10:12,3,84.02,0,0,R-003 customer behavior deviation,0.774,suspicious
TXN-003966,CUST-0321,1475.31,USD,WIRE,Mexico,Switzerland,import_export,web,2025-11-08T00:56,2,0.19,0,0,,0.256,normal
TXN-003967,CUST-0037,612.63,USD,ACH,Hong Kong,India,electronics,mobile,2025-11-25T03:59,2,0.15,0,0,,0.309,normal
TXN-003968,CUST-0208,3694.12,USD,ACH,Hong Kong,Hong Kong,electronics,branch,2025-08-02T20:49,2,0.33,0,0,,0.272,normal
TXN-003969,CUST-0137,1048.27,USD,CHECK,China,Singapore,investment,advisor,2025-03-09T22:44,1,0.76,0,0,,0.182,normal
TXN-003970,CUST-0255,1388.07,USD,CHECK,Singapore,UK,luxury_goods,branch,2026-02-20T01:13,1,0.16,0,0,,0.287,normal
TXN-003971,CUST-0104,711.67,USD,CHECK,USA,USA,charity,web,2025-08-15T04:41,1,0.17,0,0,,0.251,normal
TXN-003972,CUST-0041,1541.89,USD,INTERNATIONAL_REMITTANCE,Germany,Singapore,import_export,branch,2026-01-26T15:31,1,0.22,1,0,,0.399,normal
TXN-003973,CUST-0334,287657.27,USD,CRYPTO_TRANSFER,UAE,South Africa,luxury_goods,api,2025-06-04T10:04,3,50.68,1,1,R-003 customer behavior deviation|R-004 large crypto transfer,0.99,suspicious
TXN-003974,CUST-0098,1700171.25,USD,CRYPTO_TRANSFER,India,Cayman Islands,consulting,api,2025-01-02T19:42,4,14.06,1,1,R-002 high-risk jurisdiction|R-003 customer behavior deviation|R-004 large crypto transfer|R-005 opaque merchant category,0.99,suspicious
TXN-003975,CUST-0099,221.0,USD,CRYPTO_TRANSFER,China,Hong Kong,cash_services,branch,2025-05-11T16:28,2,0.07,0,1,,0.542,review
TXN-003976,CUST-0285,582.09,USD,WIRE,UK,Canada,real_estate,mobile,2026-03-26T11:22,1,0.14,0,0,,0.244,normal
TXN-003977,CUST-0483,1577.07,USD,ACH,India,France,import_export,api,2026-01-09T11:50,1,0.24,0,0,,0.264,normal
TXN-003978,CUST-0266,310.52,USD,CHECK,Singapore,China,luxury_goods,branch,2025-10-11T01:51,3,0.18,0,0,,0.373,normal
TXN-003979,CUST-0223,297.33,USD,WIRE,India,Switzerland,real_estate,web,2025-07-27T15:01,2,0.09,0,0,,0.316,normal
TXN-003980,CUST-0329,14460740.69,USD,CRYPTO_TRANSFER,Turkey,Panama,cash_services,branch,2026-01-06T09:26,4,67.27,1,1,R-002 high-risk jurisdiction|R-003 customer behavior deviation|R-004 large crypto transfer,0.99,suspicious
TXN-003981,CUST-0428,757.76,USD,ACH,India,Mexico,cash_services,mobile,2025-06-22T07:11,3,0.17,0,1,,0.489,review
TXN-003982,CUST-0290,523.82,USD,CARD,Germany,Germany,travel,mobile,2025-04-05T06:12,1,0.08,0,0,,0.238,normal
TXN-003983,CUST-0229,302.22,USD,WIRE,South Africa,France,cash_services,mobile,2025-06-23T18:01,1,0.12,0,0,,0.286,normal
TXN-003984,CUST-0451,17708.84,USD,ACH,Germany,France,investment,branch,2025-06-06T00:25,1,0.16,0,0,,0.322,normal
TXN-003985,CUST-0110,12148.55,USD,WIRE,Brazil,USA,investment,web,2025-03-06T03:18,1,0.29,0,0,,0.266,normal
TXN-003986,CUST-0373,1394.83,USD,INTERNATIONAL_REMITTANCE,India,UAE,travel,api,2026-01-10T21:15,2,0.19,0,0,,0.454,review
TXN-003987,CUST-0316,118784.31,USD,WIRE,Turkey,South Africa,charity,branch,2025-05-31T10:45,3,54.05,1,0,R-003 customer behavior deviation|R-005 opaque merchant category,0.929,suspicious
TXN-003988,CUST-0127,24781.79,USD,CARD,Turkey,Germany,charity,advisor,2025-09-15T22:05,1,0.22,0,0,,0.254,normal
TXN-003989,CUST-0337,521.84,USD,INTERNATIONAL_REMITTANCE,Hong Kong,Brazil,real_estate,advisor,2025-06-23T08:51,3,0.13,0,0,,0.419,normal
TXN-003990,CUST-0195,233.68,USD,ACH,UK,Brazil,real_estate,advisor,2026-04-19T23:01,3,0.04,0,0,,0.39,normal
TXN-003991,CUST-0134,1135.12,USD,CARD,Brazil,Brazil,electronics,mobile,2025-12-17T21:51,3,0.52,0,0,,0.382,normal
TXN-003992,CUST-0369,1032.74,USD,WIRE,Cyprus,India,charity,advisor,2026-04-25T12:28,2,0.19,0,0,,0.25,normal
TXN-003993,CUST-0421,3491.52,USD,ACH,South Africa,France,luxury_goods,advisor,2025-12-27T07:17,1,0.05,0,0,,0.248,normal
TXN-003994,CUST-0305,736.06,USD,WIRE,Hong Kong,Singapore,real_estate,api,2025-05-20T19:16,1,0.1,0,0,,0.249,normal
TXN-003995,CUST-0350,44328.77,USD,ACH,Cyprus,UAE,charity,api,2025-07-10T22:56,2,0.29,0,0,,0.295,normal
TXN-003996,CUST-0315,144391.97,USD,CRYPTO_TRANSFER,Brazil,China,charity,advisor,2025-11-24T22:15,3,29.33,1,1,R-003 customer behavior deviation|R-005 opaque merchant category,0.99,suspicious
TXN-003997,CUST-0314,125300.08,USD,CASH_PAYMENT,Singapore,Cayman Islands,real_estate,advisor,2025-08-18T23:32,4,84.42,1,1,R-002 high-risk jurisdiction|R-003 customer behavior deviation,0.99,suspicious
TXN-003998,CUST-0423,26498.83,USD,ACH,Canada,South Africa,investment,mobile,2025-02-02T18:09,3,0.44,0,1,,0.416,normal
TXN-003999,CUST-0050,32.85,USD,CHECK,Singapore,Hong Kong,import_export,branch,2025-12-18T01:56,2,0.02,0,0,,0.288,normal
TXN-004000,CUST-0176,75027.3,USD,CARD,Germany,UAE,real_estate,branch,2026-02-17T19:59,2,0.23,0,0,,0.35,normal
TXN-004001,CUST-0368,466.71,USD,ACH,USA,Singapore,luxury_goods,web,2025-02-10T10:37,1,0.25,0,0,,0.196,normal
TXN-004002,CUST-0458,55.04,USD,CARD,Brazil,India,charity,advisor,2025-01-16T19:06,2,0.06,1,0,,0.366,normal
TXN-004003,CUST-0381,9767.08,USD,INTERNATIONAL_REMITTANCE,Brazil,China,investment,branch,2025-11-27T19:52,3,0.15,1,0,,0.575,review
TXN-004004,CUST-0131,1171.97,USD,ACH,Turkey,Turkey,cash_services,web,2025-07-24T07:46,3,0.29,0,0,,0.34,normal
TXN-004005,CUST-0172,23034.78,USD,INTERNATIONAL_REMITTANCE,UAE,South Africa,cash_services,advisor,2025-05-18T23:04,3,11.06,1,0,R-003 customer behavior deviation,0.762,suspicious
TXN-004006,CUST-0378,85727.52,USD,WIRE,China,China,consulting,api,2026-01-17T22:17,3,0.39,0,0,,0.431,normal
TXN-004007,CUST-0114,408.34,USD,CASH_PAYMENT,Hong Kong,Hong Kong,real_estate,advisor,2026-01-03T14:17,2,0.2,0,1,,0.468,review
TXN-004008,CUST-0392,13312.67,USD,INTERNATIONAL_REMITTANCE,China,Germany,electronics,advisor,2025-06-29T20:33,1,0.25,1,0,,0.577,review
TXN-004009,CUST-0105,2704.02,USD,INTERNATIONAL_REMITTANCE,Canada,Mexico,charity,web,2025-02-15T03:47,3,0.06,0,0,,0.349,normal
TXN-004010,CUST-0489,1946.02,USD,CARD,Cyprus,Cyprus,import_export,mobile,2025-09-12T12:45,3,0.42,0,0,,0.435,normal
TXN-004011,CUST-0258,1307.38,USD,WIRE,Brazil,UAE,charity,advisor,2025-07-27T01:30,2,0.19,0,0,,0.254,normal
TXN-004012,CUST-0413,272.65,USD,CHECK,USA,Mexico,charity,web,2025-04-18T01:24,3,0.13,0,0,,0.53,review
TXN-004013,CUST-0201,1667.54,USD,ACH,Cyprus,Hong Kong,electronics,advisor,2025-11-20T12:40,2,0.59,0,0,,0.36,normal
TXN-004014,CUST-0451,19816.22,USD,ACH,Germany,Germany,real_estate,api,2025-08-10T10:59,1,0.18,0,0,,0.311,normal
TXN-004015,CUST-0279,2384254.35,USD,CASH_PAYMENT,Canada,Mexico,luxury_goods,web,2026-03-05T14:07,3,29.22,1,1,R-003 customer behavior deviation,0.99,suspicious
TXN-004016,CUST-0168,926.69,USD,INTERNATIONAL_REMITTANCE,UAE,UAE,real_estate,advisor,2026-04-15T21:07,2,0.15,0,0,,0.223,normal
TXN-004017,CUST-0338,332.78,USD,CRYPTO_TRANSFER,Hong Kong,Switzerland,investment,branch,2025-09-09T20:17,2,0.34,0,1,,0.489,review
TXN-004018,CUST-0496,12023.69,USD,CHECK,UK,UK,luxury_goods,branch,2025-04-13T11:26,1,0.09,0,0,,0.269,normal
TXN-004019,CUST-0427,3735.58,USD,CARD,Singapore,UK,investment,advisor,2025-04-02T20:29,1,0.99,0,0,,0.162,normal
TXN-004020,CUST-0427,332.21,USD,INTERNATIONAL_REMITTANCE,UK,Hong Kong,travel,web,2026-03-28T09:07,2,0.09,0,0,,0.294,normal
TXN-004021,CUST-0339,6319.23,USD,CHECK,Turkey,Panama,electronics,mobile,2026-01-19T10:39,4,0.2,1,0,R-002 high-risk jurisdiction,0.655,review
TXN-004022,CUST-0280,1406.1,USD,CARD,UK,UK,import_export,mobile,2026-03-02T08:01,1,0.41,0,0,,0.297,normal
TXN-004023,CUST-0384,23893.42,USD,ACH,Germany,Singapore,real_estate,api,2025-05-28T12:27,1,0.49,0,0,,0.362,normal
TXN-004024,CUST-0216,241276.94,USD,CASH_PAYMENT,Germany,Turkey,real_estate,branch,2025-01-06T13:35,3,61.92,1,1,R-003 customer behavior deviation,0.99,suspicious
TXN-004025,CUST-0313,1439.39,USD,INTERNATIONAL_REMITTANCE,China,Iran,cash_services,branch,2025-09-16T19:46,5,0.22,1,0,R-002 high-risk jurisdiction,0.782,suspicious
TXN-004026,CUST-0446,232.94,USD,ACH,Turkey,Turkey,cash_services,branch,2025-04-28T05:02,3,0.05,0,1,,0.497,review
TXN-004027,CUST-0073,4203.8,USD,CARD,France,UAE,charity,advisor,2025-02-16T21:19,2,0.91,0,1,,0.433,normal
TXN-004028,CUST-0159,89.29,USD,ACH,Hong Kong,Mexico,luxury_goods,web,2025-11-03T10:14,3,0.03,0,0,,0.33,normal
TXN-004029,CUST-0254,18836.49,USD,INTERNATIONAL_REMITTANCE,Turkey,Turkey,charity,advisor,2025-01-29T20:34,3,0.19,0,0,,0.359,normal
TXN-004030,CUST-0225,1166.25,USD,CHECK,Singapore,Singapore,luxury_goods,advisor,2026-05-12T10:35,1,0.19,0,0,,0.299,normal
TXN-004031,CUST-0015,278.29,USD,WIRE,Hong Kong,Hong Kong,luxury_goods,api,2026-03-06T19:07,2,0.11,0,0,,0.235,normal
TXN-004032,CUST-0459,4466629.0,USD,INTERNATIONAL_REMITTANCE,USA,Brazil,luxury_goods,advisor,2025-08-29T14:35,3,51.59,1,1,R-003 customer behavior deviation,0.939,suspicious
TXN-004033,CUST-0225,1167.72,USD,CHECK,India,India,import_export,web,2025-01-30T03:11,2,0.2,0,0,,0.354,normal
TXN-004034,CUST-0457,37052.48,USD,INTERNATIONAL_REMITTANCE,Canada,Cayman Islands,real_estate,web,2025-09-03T14:06,4,0.25,1,0,R-002 high-risk jurisdiction,0.615,review
TXN-004035,CUST-0433,1519.15,USD,CRYPTO_TRANSFER,UK,UK,electronics,advisor,2026-02-26T12:26,1,0.39,0,1,,0.402,normal
TXN-004036,CUST-0289,250839.01,USD,WIRE,USA,South Africa,real_estate,api,2025-09-01T00:29,3,76.66,1,0,R-003 customer behavior deviation,0.873,suspicious
TXN-004037,CUST-0065,43861.34,USD,WIRE,China,Canada,luxury_goods,web,2025-04-25T05:29,1,0.34,0,0,,0.229,normal
TXN-004038,CUST-0384,5367.57,USD,ACH,Germany,Singapore,luxury_goods,branch,2026-04-18T02:31,1,0.11,0,0,,0.255,normal
TXN-004039,CUST-0246,2408.25,USD,INTERNATIONAL_REMITTANCE,South Africa,Turkey,luxury_goods,api,2025-06-08T22:50,3,0.33,0,0,,0.327,normal
TXN-004040,CUST-0416,6158.0,USD,WIRE,India,India,consulting,branch,2025-07-14T03:24,2,0.03,0,0,,0.286,normal
TXN-004041,CUST-0175,3503.47,USD,INTERNATIONAL_REMITTANCE,India,Hong Kong,travel,web,2025-08-20T09:46,2,0.04,0,0,,0.331,normal
TXN-004042,CUST-0321,5910.86,USD,WIRE,Switzerland,Mexico,import_export,web,2025-05-01T11:42,3,0.78,0,0,,0.34,normal
TXN-004043,CUST-0448,29921.55,USD,CARD,Germany,Singapore,real_estate,advisor,2026-02-01T08:11,1,0.21,0,0,,0.259,normal
TXN-004044,CUST-0101,707.2,USD,WIRE,Canada,South Africa,luxury_goods,branch,2025-01-05T21:47,3,0.27,0,0,,0.413,normal
TXN-004045,CUST-0192,4186.47,USD,WIRE,UAE,Iran,travel,api,2025-04-19T06:17,5,0.57,1,0,R-002 high-risk jurisdiction,0.733,suspicious
TXN-004046,CUST-0381,6126.3,USD,INTERNATIONAL_REMITTANCE,UAE,UAE,investment,mobile,2026-01-09T09:03,2,0.1,0,0,,0.267,normal
TXN-004047,CUST-0233,992.95,USD,CARD,Mexico,Cyprus,investment,api,2026-01-12T01:03,3,0.17,0,0,,0.409,normal
TXN-004048,CUST-0412,1086.1,USD,WIRE,India,China,real_estate,mobile,2025-07-04T07:33,3,0.15,0,0,,0.428,normal
TXN-004049,CUST-0124,627.51,USD,CARD,Switzerland,France,luxury_goods,branch,2025-03-23T08:43,1,0.12,1,0,,0.378,normal
TXN-004050,CUST-0460,1296.4,USD,CARD,Germany,Germany,real_estate,advisor,2025-06-25T01:18,1,0.22,0,0,,0.247,normal
TXN-004051,CUST-0095,72543.61,USD,WIRE,Switzerland,Iran,real_estate,branch,2025-07-10T22:01,5,45.2,1,0,R-002 high-risk jurisdiction|R-003 customer behavior deviation,0.98,suspicious
TXN-004052,CUST-0361,7724.49,USD,INTERNATIONAL_REMITTANCE,UAE,Turkey,electronics,mobile,2025-04-03T03:46,3,0.11,0,0,,0.45,normal
TXN-004053,CUST-0300,314440.25,USD,WIRE,Cyprus,South Africa,cash_services,branch,2025-04-30T09:30,3,50.26,1,0,R-003 customer behavior deviation,0.909,suspicious
TXN-004054,CUST-0252,348.71,USD,CARD,Brazil,Germany,luxury_goods,mobile,2025-06-27T12:35,1,0.2,0,0,,0.286,normal
TXN-004055,CUST-0428,420.99,USD,INTERNATIONAL_REMITTANCE,Mexico,Mexico,investment,mobile,2025-04-23T08:32,3,0.1,0,0,,0.399,normal
TXN-004056,CUST-0285,346888.94,USD,CRYPTO_TRANSFER,UK,South Africa,unknown,advisor,2025-05-30T09:56,3,81.86,1,1,R-003 customer behavior deviation|R-004 large crypto transfer|R-005 opaque merchant category,0.969,suspicious
TXN-004057,CUST-0345,186.77,USD,ACH,Mexico,Turkey,real_estate,mobile,2026-04-10T07:20,3,0.06,1,0,,0.446,normal
TXN-004058,CUST-0157,1860.25,USD,INTERNATIONAL_REMITTANCE,UK,Germany,travel,api,2025-01-11T17:34,1,0.39,0,0,,0.195,normal
TXN-004059,CUST-0118,899.9,USD,WIRE,South Africa,UAE,travel,branch,2025-09-21T18:16,2,0.18,0,0,,0.311,normal
TXN-004060,CUST-0015,332.79,USD,INTERNATIONAL_REMITTANCE,Hong Kong,Hong Kong,import_export,mobile,2025-04-01T01:47,2,0.13,0,0,,0.225,normal
TXN-004061,CUST-0444,3376.38,USD,INTERNATIONAL_REMITTANCE,Brazil,USA,charity,web,2025-09-02T23:42,1,0.19,0,0,,0.411,normal
TXN-004062,CUST-0082,349.75,USD,CARD,South Africa,India,charity,mobile,2025-03-03T00:59,2,0.12,0,0,,0.377,normal
TXN-004063,CUST-0259,248.11,USD,ACH,Singapore,India,charity,web,2025-09-22T17:48,2,0.08,0,0,,0.343,normal
TXN-004064,CUST-0243,4310.36,USD,WIRE,UAE,Canada,cash_services,web,2025-10-01T21:53,1,0.56,1,0,,0.403,normal
TXN-004065,CUST-0485,8919.94,USD,CHECK,Switzerland,Switzerland,electronics,web,2025-04-29T07:23,2,1.08,0,0,,0.286,normal
TXN-004066,CUST-0225,1851.03,USD,CHECK,India,France,consulting,mobile,2026-04-07T09:03,1,0.31,0,0,,0.207,normal
TXN-004067,CUST-0450,6788.8,USD,ACH,UK,Germany,luxury_goods,advisor,2026-01-20T22:35,1,0.15,0,0,,0.281,normal
TXN-004068,CUST-0453,2554.22,USD,ACH,UK,UK,real_estate,web,2025-01-01T17:29,1,0.39,0,0,,0.239,normal
TXN-004069,CUST-0472,2922.1,USD,CHECK,Germany,Germany,luxury_goods,advisor,2025-01-10T16:39,1,0.44,0,0,,0.219,normal
TXN-004070,CUST-0098,17923.0,USD,WIRE,India,China,charity,web,2025-02-27T06:10,3,0.15,0,0,,0.312,normal
TXN-004071,CUST-0202,30771.32,USD,ACH,UK,UK,luxury_goods,web,2025-04-22T05:05,1,0.17,0,0,,0.202,normal
TXN-004072,CUST-0026,22578.98,USD,CHECK,Cyprus,British Virgin Islands,charity,web,2025-07-21T16:44,4,0.12,1,0,R-002 high-risk jurisdiction,0.664,review
TXN-004073,CUST-0485,322147.66,USD,CRYPTO_TRANSFER,Mexico,South Africa,luxury_goods,api,2026-04-12T17:19,3,39.0,1,1,R-003 customer behavior deviation|R-004 large crypto transfer,0.99,suspicious
TXN-004074,CUST-0413,1120.12,USD,CHECK,USA,USA,cash_services,web,2026-04-25T06:42,1,0.55,0,0,,0.394,normal
TXN-004075,CUST-0318,4036.39,USD,WIRE,China,Singapore,electronics,mobile,2026-03-09T02:46,1,0.1,0,0,,0.323,normal
TXN-004076,CUST-0276,1132.35,USD,ACH,Switzerland,Turkey,real_estate,api,2025-07-31T13:13,3,0.21,0,0,,0.4,normal
TXN-004077,CUST-0096,414.44,USD,INTERNATIONAL_REMITTANCE,Turkey,Turkey,consulting,web,2025-09-03T06:05,3,0.13,0,0,,0.291,normal
TXN-004078,CUST-0144,7225.8,USD,CHECK,China,China,cash_services,mobile,2025-03-18T09:19,3,0.11,0,0,,0.357,normal
TXN-004079,CUST-0210,320.04,USD,CARD,Hong Kong,USA,charity,mobile,2025-08-31T17:04,1,0.06,0,0,,0.207,normal
TXN-004080,CUST-0105,5774.31,USD,INTERNATIONAL_REMITTANCE,Canada,Mexico,real_estate,advisor,2025-03-14T13:04,3,0.12,0,0,,0.398,normal
TXN-004081,CUST-0441,3572.25,USD,CRYPTO_TRANSFER,Brazil,France,cash_services,advisor,2025-06-03T10:14,1,0.16,0,1,,0.421,normal
TXN-004082,CUST-0211,50013.55,USD,CHECK,India,India,charity,advisor,2026-02-02T22:13,2,0.23,0,0,,0.491,review
TXN-004083,CUST-0438,3404.44,USD,ACH,Hong Kong,Canada,electronics,advisor,2026-03-28T13:04,1,0.03,1,0,,0.296,normal
TXN-004084,CUST-0413,661.82,USD,CHECK,Mexico,Mexico,travel,mobile,2025-09-01T08:08,3,0.32,0,0,,0.555,review
TXN-004085,CUST-0010,17936.04,USD,WIRE,South Africa,France,import_export,mobile,2026-02-04T17:05,1,0.15,0,0,,0.204,normal
TXN-004086,CUST-0051,4731538.05,USD,CRYPTO_TRANSFER,UAE,British Virgin Islands,real_estate,branch,2025-11-02T00:24,4,31.98,1,1,R-002 high-risk jurisdiction|R-003 customer behavior deviation|R-004 large crypto transfer,0.99,suspicious
TXN-004087,CUST-0248,876.48,USD,WIRE,Hong Kong,South Africa,electronics,api,2025-01-21T05:50,3,0.34,0,0,,0.415,normal
TXN-004088,CUST-0002,196814.37,USD,CRYPTO_TRANSFER,Turkey,Panama,charity,web,2025-05-31T13:14,4,83.45,1,1,R-002 high-risk jurisdiction|R-003 customer behavior deviation|R-005 opaque merchant category,0.99,suspicious
TXN-004089,CUST-0498,529.22,USD,WIRE,Turkey,Turkey,travel,api,2026-02-21T01:47,3,0.1,0,0,,0.338,normal
TXN-004090,CUST-0112,686.98,USD,CHECK,India,Switzerland,investment,web,2025-10-23T04:02,2,0.18,0,1,,0.304,normal
TXN-004091,CUST-0203,526.84,USD,CARD,USA,Canada,cash_services,mobile,2026-03-06T10:45,1,0.06,0,0,,0.236,normal
TXN-004092,CUST-0489,2199.98,USD,ACH,Cyprus,Cyprus,luxury_goods,branch,2025-05-18T13:15,3,0.47,0,0,,0.409,normal
TXN-004093,CUST-0413,175319.99,USD,WIRE,USA,Brazil,luxury_goods,advisor,2025-11-06T02:39,3,85.79,0,1,R-003 customer behavior deviation,0.99,suspicious
TXN-004094,CUST-0210,848.91,USD,CARD,USA,Hong Kong,cash_services,api,2025-07-25T13:04,2,0.15,0,0,,0.343,normal
TXN-004095,CUST-0024,71923.83,USD,CRYPTO_TRANSFER,South Africa,Panama,consulting,advisor,2025-04-22T17:27,4,18.61,1,1,R-002 high-risk jurisdiction|R-003 customer behavior deviation,0.99,suspicious
TXN-004096,CUST-0128,787.43,USD,ACH,France,USA,real_estate,mobile,2026-01-15T00:47,1,0.12,0,0,,0.16,normal
TXN-004097,CUST-0133,13369.73,USD,CHECK,Switzerland,China,consulting,web,2025-03-23T11:14,3,0.21,0,0,,0.46,review
TXN-004098,CUST-0050,227.08,USD,WIRE,Singapore,Hong Kong,luxury_goods,branch,2025-03-17T17:27,2,0.13,0,0,,0.316,normal
TXN-004099,CUST-0415,2339.7,USD,CARD,France,France,consulting,branch,2025-04-11T00:20,1,0.28,0,0,,0.206,normal
TXN-004100,CUST-0154,120.52,USD,INTERNATIONAL_REMITTANCE,France,France,investment,api,2025-12-04T19:53,1,0.06,0,0,,0.286,normal
TXN-004101,CUST-0011,1069.93,USD,INTERNATIONAL_REMITTANCE,Mexico,China,investment,branch,2025-06-05T19:44,3,0.26,0,0,,0.319,normal
TXN-004102,CUST-0050,148.93,USD,CHECK,Singapore,Germany,import_export,advisor,2025-09-21T10:43,1,0.08,0,0,,0.188,normal
TXN-004103,CUST-0014,89.14,USD,ACH,Cyprus,South Africa,charity,web,2025-10-05T17:03,3,0.03,0,0,,0.459,review
TXN-004104,CUST-0369,1898.4,USD,CHECK,India,Cyprus,investment,api,2025-10-19T15:47,3,0.35,0,1,,0.452,review
TXN-004105,CUST-0403,289.09,USD,CRYPTO_TRANSFER,France,France,luxury_goods,mobile,2026-01-09T23:24,1,0.07,0,1,,0.429,normal
TXN-004106,CUST-0313,1366.81,USD,INTERNATIONAL_REMITTANCE,Cyprus,Mexico,investment,mobile,2026-04-03T23:46,3,0.21,0,0,,0.521,review
TXN-004107,CUST-0283,364.7,USD,CRYPTO_TRANSFER,China,Germany,cash_services,advisor,2025-11-12T07:49,1,0.12,0,1,,0.38,normal
TXN-004108,CUST-0086,563.6,USD,ACH,UK,Germany,luxury_goods,mobile,2025-06-12T02:53,1,0.07,0,0,,0.383,normal
TXN-004109,CUST-0129,93897.53,USD,INTERNATIONAL_REMITTANCE,Brazil,Cayman Islands,luxury_goods,web,2025-05-24T07:43,4,80.02,1,1,R-002 high-risk jurisdiction|R-003 customer behavior deviation,0.94,suspicious
TXN-004110,CUST-0374,1328.13,USD,CHECK,UAE,Mexico,investment,web,2025-06-17T21:43,3,0.19,1,1,,0.668,review
TXN-004111,CUST-0363,556816.07,USD,WIRE,India,Mexico,cash_services,branch,2025-09-08T07:10,3,70.36,1,0,R-003 customer behavior deviation,0.786,suspicious
TXN-004112,CUST-0201,298.7,USD,WIRE,Cyprus,Hong Kong,travel,branch,2026-04-12T18:49,2,0.11,0,0,,0.378,normal
TXN-004113,CUST-0386,11014.66,USD,CHECK,South Africa,South Africa,cash_services,mobile,2025-05-10T22:47,3,0.06,0,0,,0.433,normal
TXN-004114,CUST-0359,85655.51,USD,INTERNATIONAL_REMITTANCE,Cyprus,South Africa,cash_services,branch,2025-11-14T10:11,3,60.11,1,0,R-003 customer behavior deviation,0.814,suspicious
TXN-004115,CUST-0211,9584014.17,USD,WIRE,India,Nigeria,charity,branch,2026-02-28T03:59,4,43.88,1,0,R-002 high-risk jurisdiction|R-003 customer behavior deviation|R-005 opaque merchant category,0.99,suspicious
TXN-004116,CUST-0346,202.36,USD,CHECK,Switzerland,UAE,electronics,branch,2025-11-27T05:16,2,0.02,0,0,,0.268,normal
TXN-004117,CUST-0218,845.3,USD,CHECK,China,Nigeria,real_estate,api,2025-09-29T01:53,4,0.27,1,0,R-002 high-risk jurisdiction,0.631,review
TXN-004118,CUST-0479,1120.23,USD,INTERNATIONAL_REMITTANCE,India,India,travel,branch,2025-02-10T13:34,2,0.36,0,0,,0.306,normal
TXN-004119,CUST-0172,197.54,USD,CHECK,UAE,Hong Kong,consulting,mobile,2025-02-28T04:27,2,0.09,0,0,,0.323,normal
TXN-004120,CUST-0324,10.6,USD,ACH,Brazil,Brazil,electronics,api,2025-12-19T12:12,3,0.02,0,0,,0.373,normal
TXN-004121,CUST-0182,419834.79,USD,WIRE,Hong Kong,Turkey,unknown,api,2025-07-18T19:35,3,47.6,1,1,R-003 customer behavior deviation|R-005 opaque merchant category,0.891,suspicious
TXN-004122,CUST-0124,972.16,USD,ACH,India,Switzerland,import_export,advisor,2026-01-28T09:33,2,0.19,0,0,,0.321,normal
TXN-004123,CUST-0203,641061.63,USD,CASH_PAYMENT,Canada,China,unknown,api,2025-01-25T11:47,3,72.01,1,1,R-003 customer behavior deviation|R-005 opaque merchant category,0.99,suspicious
TXN-004124,CUST-0068,6946551.55,USD,CASH_PAYMENT,Hong Kong,China,luxury_goods,web,2025-08-27T17:01,3,53.08,1,1,R-001 high-value cash payment|R-003 customer behavior deviation,0.99,suspicious
TXN-004125,CUST-0273,9523.79,USD,CASH_PAYMENT,China,Canada,charity,mobile,2026-02-13T15:52,1,0.17,0,1,,0.375,normal
TXN-004126,CUST-0177,248465.07,USD,WIRE,Cyprus,British Virgin Islands,unknown,web,2025-02-21T04:55,4,46.92,1,1,R-002 high-risk jurisdiction|R-003 customer behavior deviation|R-005 opaque merchant category,0.99,suspicious
TXN-004127,CUST-0357,2367.0,USD,CARD,South Africa,Hong Kong,import_export,web,2026-01-30T22:00,2,0.41,0,1,,0.397,normal
TXN-004128,CUST-0354,267254.57,USD,CRYPTO_TRANSFER,Hong Kong,Mexico,consulting,advisor,2025-03-12T03:19,3,69.42,1,1,R-003 customer behavior deviation|R-004 large crypto transfer|R-005 opaque merchant category,0.979,suspicious
TXN-004129,CUST-0424,91448.49,USD,WIRE,Hong Kong,Turkey,consulting,api,2026-04-17T17:33,3,68.28,1,0,R-003 customer behavior deviation,0.876,suspicious
TXN-004130,CUST-0008,69686.64,USD,CASH_PAYMENT,Switzerland,Mexico,real_estate,branch,2025-07-19T18:13,3,30.39,1,1,R-003 customer behavior deviation,0.99,suspicious
TXN-004131,CUST-0002,192.71,USD,WIRE,Turkey,Turkey,consulting,branch,2025-01-06T15:15,3,0.08,0,0,,0.335,normal
TXN-004132,CUST-0253,422.09,USD,INTERNATIONAL_REMITTANCE,India,Germany,real_estate,branch,2025-02-08T15:11,1,0.12,0,0,,0.219,normal
TXN-004133,CUST-0489,1792.33,USD,ACH,Cyprus,Canada,real_estate,api,2025-06-22T12:26,1,0.39,0,0,,0.264,normal
TXN-004134,CUST-0044,21289.82,USD,CASH_PAYMENT,UK,Cyprus,unknown,web,2025-10-02T14:30,3,6.35,1,1,,0.818,suspicious
TXN-004135,CUST-0225,1637.52,USD,CHECK,UK,Singapore,real_estate,advisor,2025-09-17T12:06,1,0.27,0,0,,0.216,normal
TXN-004136,CUST-0453,1451.11,USD,WIRE,Singapore,Singapore,consulting,branch,2025-02-27T17:35,1,0.22,0,1,,0.281,normal
TXN-004137,CUST-0494,339580.24,USD,INTERNATIONAL_REMITTANCE,Mexico,British Virgin Islands,unknown,web,2025-05-17T13:18,4,58.4,1,1,R-002 high-risk jurisdiction|R-003 customer behavior deviation|R-005 opaque merchant category,0.99,suspicious
TXN-004138,CUST-0400,115.27,USD,CHECK,Hong Kong,Brazil,import_export,advisor,2025-03-31T08:06,3,0.07,0,0,,0.303,normal
TXN-004139,CUST-0136,2351.16,USD,INTERNATIONAL_REMITTANCE,Mexico,Canada,charity,api,2025-05-08T16:47,1,0.5,0,1,,0.291,normal
TXN-004140,CUST-0443,1983.79,USD,INTERNATIONAL_REMITTANCE,USA,India,investment,web,2025-02-06T17:38,2,0.24,0,0,,0.285,normal
TXN-004141,CUST-0315,660.1,USD,CARD,Brazil,UAE,investment,web,2026-01-05T23:58,2,0.13,0,1,,0.371,normal
TXN-004142,CUST-0184,1778.14,USD,CHECK,Singapore,Singapore,real_estate,advisor,2026-01-27T11:34,1,0.41,0,0,,0.239,normal
TXN-004143,CUST-0025,39342.53,USD,ACH,France,South Africa,consulting,web,2025-06-02T05:01,3,0.32,0,0,,0.345,normal
TXN-004144,CUST-0148,4197143.02,USD,INTERNATIONAL_REMITTANCE,Cyprus,Turkey,cash_services,web,2026-03-22T13:29,3,62.57,1,0,R-003 customer behavior deviation,0.806,suspicious
TXN-004145,CUST-0207,182.0,USD,ACH,Brazil,South Africa,charity,web,2026-03-07T07:26,3,0.15,0,1,,0.462,review
TXN-004146,CUST-0247,768.63,USD,ACH,Switzerland,Switzerland,consulting,mobile,2026-04-04T08:46,2,0.09,0,0,,0.448,normal
TXN-004147,CUST-0262,711.52,USD,INTERNATIONAL_REMITTANCE,USA,UAE,import_export,mobile,2025-08-07T03:36,2,0.23,0,0,,0.278,normal
TXN-004148,CUST-0428,2034.4,USD,INTERNATIONAL_REMITTANCE,India,Mexico,consulting,advisor,2025-07-28T18:49,3,0.46,0,0,,0.346,normal
TXN-004149,CUST-0434,10745.31,USD,CHECK,China,Mexico,luxury_goods,mobile,2026-02-10T17:47,3,0.14,0,0,,0.447,normal
TXN-004150,CUST-0258,1178.87,USD,WIRE,Switzerland,Brazil,electronics,web,2025-11-19T23:50,3,0.17,0,0,,0.414,normal
TXN-004151,CUST-0275,131.25,USD,CARD,China,Brazil,electronics,advisor,2025-08-26T16:30,3,0.08,0,0,,0.49,review
TXN-004152,CUST-0216,525.9,USD,ACH,Germany,Canada,electronics,mobile,2025-09-09T01:02,1,0.13,0,0,,0.22,normal
TXN-004153,CUST-0394,838.55,USD,CARD,Singapore,UAE,charity,mobile,2025-05-31T07:42,2,0.19,0,0,,0.366,normal
TXN-004154,CUST-0477,264113.97,USD,WIRE,Singapore,Panama,unknown,api,2025-04-23T18:49,4,55.01,1,0,R-002 high-risk jurisdiction|R-003 customer behavior deviation|R-005 opaque merchant category,0.99,suspicious
TXN-004155,CUST-0309,3453.47,USD,WIRE,Cyprus,Nigeria,travel,branch,2025-09-20T01:30,4,0.88,1,0,R-002 high-risk jurisdiction,0.632,review
TXN-004156,CUST-0292,6312730.88,USD,CASH_PAYMENT,Switzerland,China,unknown,api,2025-03-25T05:17,3,27.19,1,1,R-001 high-value cash payment|R-003 customer behavior deviation|R-005 opaque merchant category,0.99,suspicious
TXN-004157,CUST-0424,129.91,USD,INTERNATIONAL_REMITTANCE,Hong Kong,Cyprus,import_export,mobile,2025-12-08T23:54,3,0.1,0,0,,0.339,normal
TXN-004158,CUST-0450,3658.31,USD,WIRE,Germany,India,import_export,api,2026-05-04T12:29,2,0.08,0,0,,0.401,normal
TXN-004159,CUST-0346,7600.51,USD,CHECK,UAE,Switzerland,electronics,api,2025-05-26T20:08,2,0.91,0,0,,0.253,normal
TXN-004160,CUST-0239,638.19,USD,CRYPTO_TRANSFER,Singapore,Singapore,consulting,advisor,2026-02-15T13:30,1,0.1,0,1,,0.408,normal
TXN-004161,CUST-0496,9582.04,USD,CHECK,China,UK,electronics,advisor,2025-12-10T01:57,1,0.07,0,0,,0.22,normal
TXN-004162,CUST-0262,454.71,USD,WIRE,USA,USA,electronics,mobile,2026-03-20T09:42,1,0.15,0,0,,0.267,normal
TXN-004163,CUST-0242,261.1,USD,CHECK,France,France,cash_services,mobile,2025-01-07T03:49,1,0.07,0,0,,0.445,normal
TXN-004164,CUST-0460,4000.34,USD,CHECK,Canada,Canada,cash_services,branch,2026-03-24T12:41,1,0.67,0,0,,0.257,normal
TXN-004165,CUST-0161,96636.29,USD,WIRE,China,Switzerland,import_export,mobile,2025-12-08T13:22,2,0.62,0,0,,0.405,normal
TXN-004166,CUST-0141,88392.35,USD,WIRE,Singapore,Brazil,real_estate,api,2025-04-11T18:52,3,30.81,1,0,R-003 customer behavior deviation,0.918,suspicious
TXN-004167,CUST-0176,115482.97,USD,INTERNATIONAL_REMITTANCE,UAE,Mexico,electronics,web,2025-04-07T22:08,3,0.35,0,0,,0.365,normal
TXN-004168,CUST-0405,682.45,USD,CARD,Hong Kong,India,cash_services,advisor,2026-05-13T19:43,2,0.41,0,0,,0.326,normal
TXN-004169,CUST-0268,2152.72,USD,CHECK,Cyprus,Hong Kong,import_export,branch,2025-12-12T16:27,2,0.26,1,1,,0.478,review
TXN-004170,CUST-0117,1643.79,USD,ACH,Cyprus,Switzerland,real_estate,branch,2025-06-11T14:18,2,0.19,0,0,,0.344,normal
TXN-004171,CUST-0421,36761.29,USD,CARD,France,South Africa,electronics,advisor,2025-03-25T15:31,3,0.52,0,0,,0.41,normal
TXN-004172,CUST-0259,939.48,USD,ACH,Switzerland,Switzerland,charity,api,2025-10-17T14:05,2,0.32,0,0,,0.358,normal
TXN-004173,CUST-0090,5745.29,USD,ACH,South Africa,Singapore,cash_services,api,2025-03-22T14:24,1,0.13,0,0,,0.411,normal
TXN-004174,CUST-0190,10173.75,USD,CHECK,UAE,Turkey,luxury_goods,branch,2026-05-03T23:03,3,0.23,0,0,,0.497,review
TXN-004175,CUST-0384,11803.72,USD,CHECK,Hong Kong,Hong Kong,real_estate,api,2025-01-22T00:02,2,0.24,0,0,,0.382,normal
TXN-004176,CUST-0356,850.84,USD,INTERNATIONAL_REMITTANCE,UK,Turkey,travel,web,2025-12-22T22:18,3,0.13,0,0,,0.373,normal
TXN-004177,CUST-0205,3299.21,USD,WIRE,Mexico,Hong Kong,electronics,branch,2026-01-05T23:10,2,0.53,0,0,,0.327,normal
TXN-004178,CUST-0245,845.04,USD,WIRE,USA,USA,consulting,mobile,2025-01-01T12:55,1,0.12,0,0,,0.306,normal
TXN-004179,CUST-0477,1477.88,USD,WIRE,Singapore,USA,import_export,api,2025-11-25T00:56,1,0.31,1,0,,0.494,review
TXN-004180,CUST-0412,1613.45,USD,WIRE,Canada,India,cash_services,api,2025-03-17T08:01,2,0.22,0,0,,0.277,normal
TXN-004181,CUST-0200,1355.24,USD,ACH,Cyprus,South Africa,electronics,branch,2025-08-01T12:13,3,0.29,0,0,,0.376,normal
TXN-004182,CUST-0351,121588.82,USD,CRYPTO_TRANSFER,UK,Mexico,charity,web,2025-10-06T12:50,3,24.1,0,1,R-003 customer behavior deviation|R-005 opaque merchant category,0.954,suspicious
TXN-004183,CUST-0351,68325.76,USD,WIRE,Hong Kong,Panama,unknown,branch,2026-03-02T08:03,4,13.54,1,0,R-002 high-risk jurisdiction|R-003 customer behavior deviation,0.864,suspicious
TXN-004184,CUST-0134,194.45,USD,CARD,Brazil,Cyprus,luxury_goods,advisor,2025-12-23T15:09,3,0.09,0,0,,0.314,normal
TXN-004185,CUST-0380,259.29,USD,CHECK,Turkey,Turkey,travel,api,2025-08-08T13:09,3,0.25,0,0,,0.305,normal
TXN-004186,CUST-0493,277.43,USD,WIRE,Canada,Cayman Islands,travel,advisor,2025-02-28T23:03,4,0.09,1,0,R-002 high-risk jurisdiction,0.616,review
TXN-004187,CUST-0301,70968.94,USD,ACH,Hong Kong,Hong Kong,cash_services,advisor,2025-07-13T22:49,2,0.14,0,0,,0.351,normal
TXN-004188,CUST-0018,774.11,USD,INTERNATIONAL_REMITTANCE,Mexico,Mexico,investment,mobile,2025-05-19T11:39,3,0.13,0,0,,0.399,normal
TXN-004189,CUST-0045,648.18,USD,CHECK,Brazil,USA,import_export,branch,2025-10-27T02:05,1,0.2,1,0,,0.364,normal
TXN-004190,CUST-0082,423.35,USD,WIRE,South Africa,India,real_estate,web,2025-09-19T13:17,2,0.14,0,1,,0.507,review
TXN-004191,CUST-0373,196726.62,USD,WIRE,Brazil,South Africa,luxury_goods,branch,2026-04-26T23:05,3,26.11,1,1,R-003 customer behavior deviation,0.99,suspicious
TXN-004192,CUST-0413,194.96,USD,CHECK,USA,USA,investment,web,2026-01-16T13:39,1,0.1,0,0,,0.394,normal
TXN-004193,CUST-0464,2524.61,USD,INTERNATIONAL_REMITTANCE,Germany,USA,consulting,api,2025-02-03T18:49,1,0.56,0,0,,0.177,normal
TXN-004194,CUST-0481,16.56,USD,INTERNATIONAL_REMITTANCE,India,Germany,real_estate,branch,2025-03-29T09:32,1,0.03,0,0,,0.202,normal
TXN-004195,CUST-0377,76416.48,USD,CRYPTO_TRANSFER,China,South Africa,unknown,branch,2025-10-10T14:07,3,34.25,1,1,R-003 customer behavior deviation,0.978,suspicious
TXN-004196,CUST-0490,967.09,USD,ACH,China,UAE,charity,api,2025-05-16T05:17,2,0.17,1,0,,0.486,review
TXN-004197,CUST-0456,4334.41,USD,ACH,China,Singapore,luxury_goods,advisor,2025-09-02T00:52,1,0.64,0,0,,0.229,normal
TXN-004198,CUST-0096,497.08,USD,CARD,France,France,import_export,api,2026-04-05T02:22,1,0.15,0,0,,0.216,normal
TXN-004199,CUST-0074,1865.57,USD,CHECK,Turkey,Turkey,real_estate,api,2026-04-12T23:33,3,0.22,0,0,,0.372,normal
TXN-004200,CUST-0419,150.74,USD,CARD,UAE,UAE,import_export,branch,2025-01-07T18:45,2,0.03,0,0,,0.244,normal
TXN-004201,CUST-0096,233230.27,USD,CASH_PAYMENT,France,China,real_estate,api,2025-11-23T04:10,3,71.72,1,1,R-003 customer behavior deviation,0.99,suspicious
TXN-004202,CUST-0122,1624.0,USD,CHECK,Switzerland,India,real_estate,branch,2025-04-28T01:49,2,0.32,0,0,,0.392,normal
TXN-004203,CUST-0119,288297.97,USD,INTERNATIONAL_REMITTANCE,India,British Virgin Islands,unknown,web,2026-04-22T15:44,4,54.99,1,0,R-002 high-risk jurisdiction|R-003 customer behavior deviation|R-005 opaque merchant category,0.86,suspicious
TXN-004204,CUST-0469,87894.77,USD,CARD,China,Switzerland,investment,branch,2026-01-15T16:31,2,0.28,0,0,,0.321,normal
TXN-004205,CUST-0379,760.74,USD,ACH,UK,Switzerland,travel,advisor,2025-07-11T08:23,2,0.15,0,0,,0.429,normal
TXN-004206,CUST-0394,945.84,USD,CARD,UAE,British Virgin Islands,consulting,web,2025-12-11T21:59,4,0.21,1,0,R-002 high-risk jurisdiction,0.643,review
TXN-004207,CUST-0358,370007.57,USD,WIRE,France,Nigeria,real_estate,web,2025-04-16T08:52,4,54.51,1,1,R-002 high-risk jurisdiction|R-003 customer behavior deviation,0.966,suspicious
TXN-004208,CUST-0090,8560.38,USD,WIRE,Singapore,South Africa,import_export,advisor,2025-11-21T03:31,3,0.2,0,1,,0.65,review
TXN-004209,CUST-0001,165.19,USD,WIRE,France,France,electronics,web,2025-10-14T15:18,1,0.23,0,0,,0.22,normal
TXN-004210,CUST-0423,27888.94,USD,CARD,Switzerland,Russia,import_export,api,2025-07-08T06:28,5,0.47,1,0,R-002 high-risk jurisdiction,0.622,review
TXN-004211,CUST-0242,3053.42,USD,CRYPTO_TRANSFER,China,China,real_estate,mobile,2025-09-24T19:25,3,0.81,0,1,,0.805,suspicious
TXN-004212,CUST-0246,4217.72,USD,INTERNATIONAL_REMITTANCE,South Africa,UAE,real_estate,web,2025-05-28T21:01,2,0.59,0,0,,0.256,normal
TXN-004213,CUST-0315,44345.64,USD,WIRE,Canada,Nigeria,luxury_goods,api,2025-05-28T19:39,4,9.01,1,0,R-002 high-risk jurisdiction,0.804,suspicious
TXN-004214,CUST-0123,41823.39,USD,CASH_PAYMENT,Canada,India,travel,mobile,2025-05-18T13:57,2,0.2,0,1,,0.509,review
TXN-004215,CUST-0473,354.24,USD,ACH,UAE,Mexico,investment,mobile,2025-06-30T06:34,3,0.19,0,0,,0.352,normal
TXN-004216,CUST-0335,6667.52,USD,WIRE,Turkey,British Virgin Islands,charity,branch,2025-04-26T02:21,4,0.03,1,0,R-002 high-risk jurisdiction,0.628,review
TXN-004217,CUST-0478,182705.65,USD,INTERNATIONAL_REMITTANCE,Turkey,UAE,charity,advisor,2025-07-02T04:12,2,0.77,0,0,R-005 opaque merchant category,0.427,normal
TXN-004218,CUST-0255,5052.61,USD,CHECK,Singapore,UK,consulting,branch,2026-04-19T19:12,1,0.58,0,0,,0.318,normal
TXN-004219,CUST-0439,405969.81,USD,WIRE,Brazil,Russia,cash_services,web,2026-01-13T12:49,5,48.59,1,1,R-002 high-risk jurisdiction|R-003 customer behavior deviation,0.99,suspicious
TXN-004220,CUST-0218,320.66,USD,WIRE,India,China,consulting,mobile,2025-08-10T20:24,3,0.1,0,0,,0.357,normal
TXN-004221,CUST-0380,19.81,USD,INTERNATIONAL_REMITTANCE,Canada,Turkey,consulting,advisor,2025-06-24T07:23,3,0.02,0,0,,0.309,normal
TXN-004222,CUST-0097,3994.22,USD,CARD,Hong Kong,Hong Kong,import_export,advisor,2026-01-09T00:34,2,0.03,0,0,,0.568,review
TXN-004223,CUST-0019,454.87,USD,CHECK,South Africa,South Africa,electronics,branch,2025-02-09T18:36,3,0.22,0,0,,0.49,review
TXN-004224,CUST-0036,27468.1,USD,CHECK,Hong Kong,Cyprus,travel,api,2026-02-05T12:19,3,0.35,0,0,,0.469,review
TXN-004225,CUST-0039,376.85,USD,ACH,Germany,Germany,real_estate,mobile,2025-10-28T15:42,1,0.11,0,0,,0.276,normal
TXN-004226,CUST-0033,825.64,USD,INTERNATIONAL_REMITTANCE,Cyprus,Singapore,electronics,api,2025-01-03T06:16,1,0.11,1,0,,0.414,normal
TXN-004227,CUST-0076,1985.76,USD,CASH_PAYMENT,Singapore,Singapore,import_export,branch,2026-05-06T18:14,1,0.24,0,1,,0.395,normal
TXN-004228,CUST-0127,7251266.23,USD,CASH_PAYMENT,Turkey,Cayman Islands,cash_services,web,2025-11-09T00:36,4,64.54,1,1,R-001 high-value cash payment|R-002 high-risk jurisdiction|R-003 customer behavior deviation,0.99,suspicious
TXN-004229,CUST-0329,49071.55,USD,WIRE,Switzerland,Switzerland,investment,mobile,2025-08-23T19:41,2,0.23,0,0,,0.336,normal
TXN-004230,CUST-0363,988.05,USD,INTERNATIONAL_REMITTANCE,USA,USA,consulting,api,2025-09-17T05:18,1,0.12,0,0,,0.199,normal
TXN-004231,CUST-0133,10261.18,USD,WIRE,China,Canada,cash_services,web,2025-07-15T22:47,1,0.16,1,0,,0.385,normal
TXN-004232,CUST-0452,80769.16,USD,CRYPTO_TRANSFER,Singapore,Russia,charity,api,2025-03-03T04:17,5,29.18,1,1,R-002 high-risk jurisdiction|R-003 customer behavior deviation,0.99,suspicious
TXN-004233,CUST-0414,643.22,USD,ACH,Germany,Germany,luxury_goods,web,2025-09-07T22:39,1,0.07,0,0,,0.216,normal
TXN-004234,CUST-0053,13149.78,USD,CARD,South Africa,UK,cash_services,mobile,2025-09-10T01:16,1,0.27,0,0,,0.314,normal
TXN-004235,CUST-0393,1085.08,USD,WIRE,China,China,charity,web,2026-05-07T08:10,3,0.25,0,0,,0.432,normal
TXN-004236,CUST-0180,148.76,USD,CHECK,France,UAE,electronics,api,2025-01-19T01:55,2,0.15,0,0,,0.576,review
TXN-004237,CUST-0158,3218.43,USD,ACH,UK,Canada,charity,branch,2025-10-12T03:21,1,0.67,0,0,,0.208,normal
TXN-004238,CUST-0153,187281.91,USD,WIRE,Brazil,Turkey,luxury_goods,branch,2026-05-04T17:23,3,71.83,1,1,R-003 customer behavior deviation,0.949,suspicious
TXN-004239,CUST-0412,983.15,USD,CARD,India,India,travel,advisor,2026-01-17T23:55,2,0.13,0,0,,0.379,normal
TXN-004240,CUST-0423,9119.01,USD,CHECK,Switzerland,Germany,investment,branch,2026-01-22T23:48,1,0.15,1,0,,0.319,normal
TXN-004241,CUST-0092,554.35,USD,WIRE,Germany,Germany,cash_services,branch,2026-02-02T06:19,1,0.13,0,0,,0.351,normal
TXN-004242,CUST-0154,745.12,USD,ACH,South Africa,China,cash_services,web,2026-01-08T17:28,3,0.4,0,0,,0.412,normal
TXN-004243,CUST-0148,4413480.92,USD,CRYPTO_TRANSFER,Germany,Brazil,luxury_goods,web,2025-04-26T10:45,3,65.8,1,1,R-003 customer behavior deviation|R-004 large crypto transfer,0.99,suspicious
TXN-004244,CUST-0327,2581.43,USD,ACH,China,Turkey,travel,mobile,2025-06-14T18:12,3,0.33,0,0,,0.351,normal
TXN-004245,CUST-0127,7045.43,USD,CARD,Germany,Turkey,charity,web,2026-04-21T01:50,3,0.06,0,0,,0.38,normal
TXN-004246,CUST-0281,9867.6,USD,INTERNATIONAL_REMITTANCE,China,Brazil,electronics,branch,2025-11-29T04:03,3,0.35,1,0,,0.636,review
TXN-004247,CUST-0153,59.47,USD,CHECK,Mexico,Mexico,charity,api,2026-02-04T16:57,3,0.02,0,0,,0.32,normal
TXN-004248,CUST-0249,37.43,USD,CARD,India,Cyprus,charity,api,2025-06-23T17:46,3,0.06,0,0,,0.426,normal
TXN-004249,CUST-0140,1827.11,USD,CHECK,Turkey,Turkey,travel,api,2025-09-05T01:34,3,1.01,0,1,,0.508,review
TXN-004250,CUST-0472,854.63,USD,INTERNATIONAL_REMITTANCE,Germany,Germany,charity,advisor,2025-01-28T12:07,1,0.13,0,1,,0.253,normal
TXN-004251,CUST-0270,960.91,USD,WIRE,UK,UK,real_estate,branch,2025-04-01T20:07,1,0.12,0,0,,0.215,normal
TXN-004252,CUST-0124,730.6,USD,CHECK,India,India,investment,branch,2025-06-27T10:10,2,0.14,0,0,,0.309,normal
TXN-004253,CUST-0267,127938.44,USD,WIRE,Cyprus,Russia,luxury_goods,advisor,2025-07-04T06:24,5,58.28,1,1,R-002 high-risk jurisdiction|R-003 customer behavior deviation,0.99,suspicious
TXN-004254,CUST-0325,187.15,USD,CHECK,Canada,USA,electronics,api,2025-07-11T11:01,1,0.05,0,0,,0.236,normal
TXN-004255,CUST-0494,1356.56,USD,CHECK,Mexico,Cyprus,charity,mobile,2025-02-11T20:29,3,0.23,0,0,,0.449,normal
TXN-004256,CUST-0402,2796.42,USD,WIRE,UAE,UK,import_export,mobile,2025-08-30T06:31,1,0.42,0,0,,0.282,normal
TXN-004257,CUST-0496,41993.22,USD,CHECK,China,Mexico,electronics,advisor,2026-04-15T00:22,3,0.31,1,0,,0.544,review
TXN-004258,CUST-0214,1638.71,USD,CHECK,Mexico,Mexico,travel,api,2025-11-02T18:31,3,0.62,0,0,,0.322,normal
TXN-004259,CUST-0461,1924.07,USD,ACH,Cyprus,Mexico,travel,branch,2025-04-13T20:20,3,0.27,0,0,,0.424,normal
TXN-004260,CUST-0193,958.12,USD,ACH,France,France,travel,mobile,2026-03-15T16:37,1,0.18,0,0,,0.191,normal
TXN-004261,CUST-0189,813.21,USD,CARD,Mexico,China,investment,mobile,2025-04-15T06:13,3,0.12,1,0,,0.51,review
TXN-004262,CUST-0019,73.15,USD,WIRE,Mexico,Hong Kong,charity,api,2025-06-15T23:32,2,0.04,1,0,,0.472,review
TXN-004263,CUST-0182,115428.61,USD,CASH_PAYMENT,Singapore,South Africa,real_estate,advisor,2026-04-25T03:07,3,13.09,1,1,R-003 customer behavior deviation,0.933,suspicious
TXN-004264,CUST-0198,388.11,USD,CHECK,Mexico,Canada,real_estate,web,2025-01-09T17:06,1,0.08,0,0,,0.18,normal
TXN-004265,CUST-0324,142.61,USD,ACH,Brazil,Singapore,cash_services,advisor,2026-03-09T17:57,1,0.24,0,0,,0.253,normal
TXN-004266,CUST-0484,20830.87,USD,CARD,Hong Kong,Hong Kong,real_estate,advisor,2025-07-05T07:52,2,0.09,0,0,,0.393,normal
TXN-004267,CUST-0184,146.3,USD,INTERNATIONAL_REMITTANCE,Singapore,Turkey,import_export,advisor,2025-11-13T02:03,3,0.03,0,0,,0.327,normal
TXN-004268,CUST-0426,302172.74,USD,ACH,Brazil,Brazil,luxury_goods,api,2025-12-09T19:52,3,1.44,0,0,,0.388,normal
TXN-004269,CUST-0389,13397.76,USD,ACH,Germany,Turkey,real_estate,mobile,2026-05-14T05:59,3,0.16,0,0,,0.522,review
TXN-004270,CUST-0249,484.15,USD,CARD,India,India,cash_services,web,2026-01-06T19:13,2,0.81,0,0,,0.428,normal
TXN-004271,CUST-0344,98972.49,USD,INTERNATIONAL_REMITTANCE,UAE,Cayman Islands,real_estate,branch,2025-09-26T10:03,4,41.77,1,0,R-002 high-risk jurisdiction|R-003 customer behavior deviation,0.99,suspicious
TXN-004272,CUST-0343,65826.09,USD,ACH,Switzerland,Canada,import_export,mobile,2026-02-20T04:19,1,1.1,0,0,,0.218,normal
TXN-004273,CUST-0305,541.45,USD,CHECK,Hong Kong,Hong Kong,charity,mobile,2025-11-05T17:47,2,0.08,0,0,,0.276,normal
TXN-004274,CUST-0114,358.13,USD,CARD,Mexico,Hong Kong,investment,api,2025-11-11T15:13,2,0.18,0,0,,0.329,normal
TXN-004275,CUST-0119,713.15,USD,INTERNATIONAL_REMITTANCE,India,India,electronics,advisor,2025-10-18T04:08,2,0.14,0,0,,0.254,normal
TXN-004276,CUST-0043,231555.12,USD,CRYPTO_TRANSFER,Cyprus,Turkey,real_estate,web,2026-03-19T21:20,3,85.66,1,1,R-003 customer behavior deviation,0.99,suspicious
TXN-004277,CUST-0180,1228.91,USD,CHECK,UAE,Canada,investment,api,2025-12-03T18:51,1,1.21,0,0,,0.561,review
TXN-004278,CUST-0119,444544.43,USD,CASH_PAYMENT,Canada,Cayman Islands,real_estate,web,2025-06-18T05:38,4,84.79,1,1,R-002 high-risk jurisdiction|R-003 customer behavior deviation,0.99,suspicious
TXN-004279,CUST-0369,1297.59,USD,ACH,India,India,real_estate,advisor,2026-02-24T02:57,2,0.24,0,0,,0.321,normal
TXN-004280,CUST-0335,12594.98,USD,ACH,South Africa,Turkey,real_estate,web,2025-04-03T07:36,3,0.07,0,0,,0.373,normal
TXN-004281,CUST-0225,2585.18,USD,CARD,Singapore,Turkey,charity,api,2025-01-03T02:17,3,0.43,1,0,,0.525,review
TXN-004282,CUST-0358,2820.28,USD,INTERNATIONAL_REMITTANCE,Switzerland,Turkey,real_estate,advisor,2025-07-20T12:03,3,0.42,0,0,,0.354,normal
TXN-004283,CUST-0345,906.84,USD,INTERNATIONAL_REMITTANCE,China,Brazil,investment,api,2025-09-03T03:10,3,0.27,0,0,,0.336,normal
TXN-004284,CUST-0248,727.31,USD,WIRE,Hong Kong,Cayman Islands,electronics,advisor,2025-02-11T13:07,4,0.28,1,0,R-002 high-risk jurisdiction,0.581,review
TXN-004285,CUST-0149,57.05,USD,INTERNATIONAL_REMITTANCE,India,Switzerland,travel,advisor,2025-09-23T00:27,2,0.03,0,0,,0.423,normal
TXN-004286,CUST-0310,92.02,USD,INTERNATIONAL_REMITTANCE,India,Singapore,import_export,api,2025-06-18T19:39,1,0.14,0,0,,0.199,normal
TXN-004287,CUST-0116,312490.97,USD,CASH_PAYMENT,Mexico,Brazil,unknown,advisor,2025-06-20T15:16,3,52.26,1,1,R-003 customer behavior deviation|R-005 opaque merchant category,0.99,suspicious
TXN-004288,CUST-0356,1755.58,USD,CHECK,Switzerland,UK,investment,api,2025-10-22T17:57,1,0.26,0,0,,0.262,normal
TXN-004289,CUST-0221,1021.8,USD,CARD,Turkey,Turkey,import_export,mobile,2025-03-16T22:20,3,0.47,0,0,,0.388,normal
TXN-004290,CUST-0240,216.37,USD,INTERNATIONAL_REMITTANCE,South Africa,France,real_estate,branch,2025-10-11T21:52,1,0.06,0,0,,0.147,normal
TXN-004291,CUST-0195,2140.78,USD,WIRE,UK,Brazil,travel,advisor,2025-12-24T08:36,3,0.36,0,0,,0.358,normal
TXN-004292,CUST-0207,182.32,USD,WIRE,Canada,South Africa,luxury_goods,branch,2025-02-18T06:51,3,0.15,0,0,,0.399,normal
TXN-004293,CUST-0148,20738.29,USD,WIRE,Cyprus,Germany,real_estate,api,2026-02-21T21:40,1,0.31,0,0,,0.252,normal
TXN-004294,CUST-0420,551.79,USD,CHECK,India,India,luxury_goods,branch,2025-09-23T15:11,2,0.18,0,0,,0.425,normal
TXN-004295,CUST-0275,459.62,USD,WIRE,Hong Kong,Hong Kong,investment,web,2026-03-24T23:51,2,0.29,0,1,,0.598,review
TXN-004296,CUST-0378,11044.9,USD,ACH,Turkey,Mexico,cash_services,mobile,2025-03-28T04:03,3,0.05,0,0,,0.463,review
TXN-004297,CUST-0371,2123.04,USD,ACH,Germany,UK,electronics,branch,2025-08-26T12:34,1,0.32,0,0,,0.261,normal
TXN-004298,CUST-0451,16527.31,USD,INTERNATIONAL_REMITTANCE,Germany,Mexico,travel,web,2026-04-05T02:04,3,0.15,0,0,,0.519,review
TXN-004299,CUST-0394,162.3,USD,CHECK,Singapore,India,investment,api,2026-04-28T19:45,2,0.04,0,0,,0.402,normal
TXN-004300,CUST-0250,126045.83,USD,CASH_PAYMENT,UK,Brazil,cash_services,branch,2025-08-20T23:40,3,30.38,1,1,R-003 customer behavior deviation,0.99,suspicious
TXN-004301,CUST-0400,525.23,USD,WIRE,Hong Kong,Hong Kong,cash_services,advisor,2026-04-16T16:39,2,0.3,0,0,,0.211,normal
TXN-004302,CUST-0288,177.53,USD,CHECK,Brazil,France,consulting,mobile,2025-05-08T02:58,1,0.15,0,0,,0.172,normal
TXN-004303,CUST-0489,249199.49,USD,CASH_PAYMENT,Cyprus,British Virgin Islands,charity,branch,2025-08-30T22:17,4,53.75,1,1,R-002 high-risk jurisdiction|R-003 customer behavior deviation|R-005 opaque merchant category,0.99,suspicious
TXN-004304,CUST-0419,329097.58,USD,WIRE,USA,Iran,charity,api,2025-01-13T20:06,5,55.04,1,1,R-002 high-risk jurisdiction|R-003 customer behavior deviation|R-005 opaque merchant category,0.99,suspicious
TXN-004305,CUST-0056,1361.61,USD,CHECK,UAE,Canada,cash_services,branch,2025-06-04T18:28,1,0.17,0,0,,0.252,normal
TXN-004306,CUST-0329,13209.72,USD,WIRE,India,Hong Kong,travel,api,2025-09-23T12:35,2,0.06,1,0,,0.483,review
TXN-004307,CUST-0050,293.28,USD,CHECK,Hong Kong,China,import_export,web,2025-03-29T06:29,3,0.16,0,0,,0.306,normal
TXN-004308,CUST-0276,625.99,USD,CARD,Turkey,Turkey,luxury_goods,web,2025-07-05T18:34,3,0.12,0,0,,0.41,normal
TXN-004309,CUST-0411,235.02,USD,WIRE,Singapore,Canada,investment,api,2025-03-22T21:44,1,0.15,0,0,,0.181,normal
TXN-004310,CUST-0436,1846.75,USD,WIRE,Hong Kong,Mexico,investment,branch,2025-11-09T22:09,3,0.29,0,0,,0.399,normal
TXN-004311,CUST-0084,9016.42,USD,CARD,South Africa,South Africa,electronics,branch,2025-02-05T10:38,3,0.08,0,0,,0.296,normal
TXN-004312,CUST-0018,488.97,USD,ACH,Turkey,Turkey,travel,branch,2026-03-16T18:07,3,0.08,0,0,,0.407,normal
TXN-004313,CUST-0147,442748.71,USD,CASH_PAYMENT,China,Mexico,charity,advisor,2026-02-10T15:37,3,53.72,1,1,R-003 customer behavior deviation|R-005 opaque merchant category,0.99,suspicious
TXN-004314,CUST-0071,1525.34,USD,CHECK,Singapore,Singapore,consulting,web,2025-03-14T00:35,1,0.22,0,0,,0.157,normal
TXN-004315,CUST-0145,1418.95,USD,CARD,Canada,UK,charity,api,2025-12-24T05:03,1,0.32,0,0,,0.295,normal
TXN-004316,CUST-0038,86225.59,USD,ACH,Germany,South Africa,charity,advisor,2025-05-30T05:54,3,0.53,0,0,,0.387,normal
TXN-004317,CUST-0436,1577.7,USD,CHECK,Singapore,Hong Kong,luxury_goods,advisor,2026-03-02T04:21,2,0.25,0,0,,0.247,normal
TXN-004318,CUST-0228,890.48,USD,ACH,Canada,Canada,travel,advisor,2025-05-15T04:00,1,0.32,0,0,,0.192,normal
TXN-004319,CUST-0327,6640.25,USD,CARD,China,Turkey,cash_services,mobile,2026-02-21T17:05,3,0.85,0,0,,0.328,normal
TXN-004320,CUST-0047,327658.38,USD,CRYPTO_TRANSFER,Hong Kong,Mexico,consulting,web,2025-07-02T21:43,3,83.23,1,1,R-003 customer behavior deviation|R-004 large crypto transfer|R-005 opaque merchant category,0.99,suspicious
TXN-004321,CUST-0365,676.28,USD,WIRE,UAE,UAE,electronics,api,2025-07-13T13:32,2,0.09,0,0,,0.369,normal
TXN-004322,CUST-0412,1371.72,USD,CARD,Canada,China,charity,branch,2025-06-04T04:50,3,0.19,0,0,,0.37,normal
TXN-004323,CUST-0217,15132.75,USD,WIRE,Singapore,Canada,real_estate,mobile,2025-07-24T03:14,1,0.1,0,0,,0.345,normal
TXN-004324,CUST-0146,10259.86,USD,WIRE,South Africa,UK,investment,advisor,2025-11-01T22:44,1,0.25,0,0,,0.41,normal
TXN-004325,CUST-0465,246.52,USD,ACH,Canada,Hong Kong,charity,advisor,2025-02-16T00:34,2,0.14,0,0,,0.263,normal
TXN-004326,CUST-0255,784.32,USD,WIRE,Singapore,Switzerland,investment,web,2026-01-07T23:50,2,0.09,1,0,,0.462,review
TXN-004327,CUST-0153,1263.49,USD,CHECK,Mexico,Hong Kong,investment,web,2026-02-10T03:24,2,0.48,0,0,,0.227,normal
TXN-004328,CUST-0388,267.19,USD,WIRE,Cyprus,China,luxury_goods,web,2025-02-05T20:44,3,0.07,0,0,,0.413,normal
TXN-004329,CUST-0057,89.39,USD,CARD,Mexico,Mexico,cash_services,branch,2025-04-15T04:25,3,0.01,0,0,,0.345,normal
TXN-004330,CUST-0344,562.62,USD,WIRE,UAE,India,real_estate,advisor,2025-10-24T05:19,2,0.24,0,0,,0.39,normal
TXN-004331,CUST-0336,1128.98,USD,CARD,Switzerland,Switzerland,investment,api,2025-03-04T12:47,2,0.13,0,0,,0.269,normal
TXN-004332,CUST-0427,331.8,USD,ACH,Singapore,UK,charity,branch,2025-03-19T04:00,1,0.09,0,1,,0.233,normal
TXN-004333,CUST-0442,810.65,USD,ACH,Cyprus,China,real_estate,mobile,2026-04-18T23:42,3,0.36,0,0,,0.417,normal
TXN-004334,CUST-0499,22715.2,USD,ACH,Cyprus,Cayman Islands,real_estate,branch,2025-08-03T03:51,4,0.09,1,0,R-002 high-risk jurisdiction,0.681,suspicious
TXN-004335,CUST-0005,1498.85,USD,CHECK,USA,UK,investment,branch,2025-06-01T17:36,1,0.19,0,0,,0.156,normal
TXN-004336,CUST-0104,381.83,USD,CRYPTO_TRANSFER,Switzerland,Panama,cash_services,branch,2025-02-26T17:06,4,0.09,1,1,R-002 high-risk jurisdiction,0.7,suspicious
TXN-004337,CUST-0002,278.04,USD,CHECK,Turkey,Turkey,electronics,advisor,2025-02-15T04:48,3,0.12,0,0,,0.337,normal
TXN-004338,CUST-0349,16515.34,USD,CARD,USA,Canada,investment,branch,2026-03-20T04:20,1,0.18,1,0,,0.378,normal
TXN-004339,CUST-0490,994.09,USD,ACH,China,Switzerland,real_estate,mobile,2026-01-23T20:32,2,0.18,0,0,,0.346,normal
TXN-004340,CUST-0384,8351.15,USD,WIRE,Germany,Hong Kong,real_estate,branch,2025-02-10T06:11,2,0.17,0,0,,0.339,normal
TXN-004341,CUST-0101,136.84,USD,CHECK,Canada,Canada,luxury_goods,api,2026-04-12T18:10,1,0.05,0,0,,0.291,normal
TXN-004342,CUST-0062,386.56,USD,CHECK,South Africa,South Africa,import_export,mobile,2025-05-25T10:24,3,0.4,0,0,,0.427,normal
TXN-004343,CUST-0469,9054407.07,USD,CRYPTO_TRANSFER,Switzerland,Cayman Islands,consulting,web,2025-09-25T05:24,4,28.85,1,1,R-002 high-risk jurisdiction|R-003 customer behavior deviation|R-004 large crypto transfer|R-005 opaque merchant category,0.99,suspicious
TXN-004344,CUST-0302,31.53,USD,CHECK,UAE,Panama,import_export,api,2025-06-09T07:20,4,0.04,1,0,R-002 high-risk jurisdiction,0.842,suspicious
TXN-004345,CUST-0127,36787.69,USD,CARD,Germany,Turkey,consulting,advisor,2026-04-18T23:50,3,0.33,0,0,,0.44,normal
TXN-004346,CUST-0352,3317.18,USD,WIRE,Brazil,UAE,real_estate,mobile,2025-11-22T18:31,2,0.04,0,0,,0.265,normal
TXN-004347,CUST-0460,781.41,USD,WIRE,Canada,Canada,electronics,mobile,2025-06-14T09:42,1,0.13,0,1,,0.311,normal
TXN-004348,CUST-0458,45402.2,USD,WIRE,South Africa,China,real_estate,branch,2025-11-16T20:02,3,47.11,1,0,R-003 customer behavior deviation,0.813,suspicious
TXN-004349,CUST-0425,1132.38,USD,WIRE,Singapore,UK,import_export,advisor,2026-03-18T10:35,1,0.13,0,0,,0.136,normal
TXN-004350,CUST-0396,4704961.1,USD,CASH_PAYMENT,Brazil,Iran,charity,web,2025-12-17T20:11,5,26.74,1,1,R-002 high-risk jurisdiction|R-003 customer behavior deviation|R-005 opaque merchant category,0.99,suspicious
TXN-004351,CUST-0057,415.44,USD,CARD,Mexico,Turkey,real_estate,api,2025-05-16T12:19,3,0.06,0,0,,0.32,normal
TXN-004352,CUST-0479,62676.08,USD,WIRE,UK,South Africa,charity,branch,2025-11-22T23:00,3,19.94,1,1,R-003 customer behavior deviation,0.945,suspicious
TXN-004353,CUST-0463,23127.19,USD,WIRE,Singapore,South Africa,consulting,branch,2025-01-22T05:35,3,0.3,0,0,,0.391,normal
TXN-004354,CUST-0233,1287.16,USD,INTERNATIONAL_REMITTANCE,Cyprus,Mexico,charity,branch,2025-09-21T04:05,3,0.22,0,0,,0.437,normal
TXN-004355,CUST-0499,67685.83,USD,ACH,Cyprus,Hong Kong,consulting,mobile,2025-03-18T09:01,2,0.27,1,0,,0.445,normal
TXN-004356,CUST-0186,627.2,USD,ACH,Switzerland,India,luxury_goods,web,2025-11-04T05:19,2,0.16,0,0,,0.29,normal
TXN-004357,CUST-0248,122.43,USD,CHECK,South Africa,Hong Kong,consulting,web,2025-03-22T01:17,2,0.05,0,0,,0.301,normal
TXN-004358,CUST-0374,2134.3,USD,INTERNATIONAL_REMITTANCE,France,Germany,electronics,advisor,2025-05-03T08:28,1,0.3,0,0,,0.303,normal
TXN-004359,CUST-0347,1740.77,USD,ACH,USA,South Africa,real_estate,api,2026-05-10T12:09,3,0.36,0,0,,0.442,normal
TXN-004360,CUST-0245,379.3,USD,CARD,Hong Kong,USA,real_estate,mobile,2025-12-20T14:26,1,0.05,0,0,,0.261,normal
TXN-004361,CUST-0429,7826.0,USD,CHECK,Switzerland,Cyprus,investment,mobile,2025-07-31T13:25,3,0.87,0,0,,0.352,normal
TXN-004362,CUST-0440,13617.4,USD,ACH,USA,USA,travel,api,2025-05-13T00:40,1,0.22,0,0,,0.209,normal
TXN-004363,CUST-0496,24830.83,USD,ACH,China,China,real_estate,api,2025-03-22T15:46,3,0.18,0,0,,0.371,normal
TXN-004364,CUST-0214,68583.0,USD,CASH_PAYMENT,Singapore,Nigeria,consulting,branch,2026-04-28T19:00,4,25.9,1,1,R-002 high-risk jurisdiction|R-003 customer behavior deviation,0.99,suspicious
TXN-004365,CUST-0271,26484.47,USD,WIRE,Cyprus,Cyprus,cash_services,advisor,2025-06-23T00:30,3,0.37,0,0,,0.47,review
TXN-004366,CUST-0011,285.38,USD,INTERNATIONAL_REMITTANCE,Mexico,Mexico,luxury_goods,branch,2025-04-28T09:49,3,0.07,0,0,,0.424,normal
TXN-004367,CUST-0055,475143.56,USD,WIRE,Singapore,Turkey,consulting,web,2025-01-16T04:41,3,76.89,1,1,R-003 customer behavior deviation|R-005 opaque merchant category,0.961,suspicious
TXN-004368,CUST-0287,20952.97,USD,ACH,Mexico,France,charity,advisor,2025-04-08T03:47,1,0.24,0,0,,0.208,normal
TXN-004369,CUST-0223,252.71,USD,INTERNATIONAL_REMITTANCE,Switzerland,Switzerland,consulting,mobile,2026-02-10T01:52,2,0.07,0,0,,0.357,normal
TXN-004370,CUST-0282,11214.13,USD,CHECK,Singapore,Singapore,cash_services,api,2025-12-03T19:08,1,0.16,0,0,,0.32,normal
TXN-004371,CUST-0197,22.55,USD,WIRE,Hong Kong,Hong Kong,travel,branch,2025-02-15T18:26,2,0.04,0,0,,0.26,normal
TXN-004372,CUST-0283,217.91,USD,CARD,Germany,USA,import_export,mobile,2025-06-14T07:41,1,0.07,0,0,,0.176,normal
TXN-004373,CUST-0098,51437.33,USD,CHECK,Canada,China,real_estate,branch,2026-04-22T08:53,3,0.43,0,0,,0.315,normal
TXN-004374,CUST-0450,16335.57,USD,CARD,South Africa,South Africa,luxury_goods,web,2025-05-03T18:19,3,0.36,0,0,,0.392,normal
TXN-004375,CUST-0494,2950.05,USD,CHECK,UAE,UAE,consulting,advisor,2026-01-22T13:50,2,0.51,0,0,,0.317,normal
TXN-004376,CUST-0435,20500.19,USD,INTERNATIONAL_REMITTANCE,USA,USA,charity,mobile,2026-03-22T08:45,1,0.11,0,0,,0.321,normal
TXN-004377,CUST-0332,8910.36,USD,CHECK,Mexico,Singapore,investment,web,2026-02-19T07:58,1,0.25,0,0,,0.208,normal
TXN-004378,CUST-0419,633.95,USD,CHECK,USA,Turkey,import_export,mobile,2025-01-07T02:33,3,0.11,0,0,,0.42,normal
TXN-004379,CUST-0260,214.46,USD,CARD,Canada,Canada,cash_services,mobile,2025-01-29T03:50,1,0.12,0,0,,0.14,normal
TXN-004380,CUST-0146,7181.74,USD,ACH,Switzerland,South Africa,travel,mobile,2025-08-29T04:34,3,0.17,0,0,,0.569,review
TXN-004381,CUST-0424,55.24,USD,CARD,Hong Kong,Hong Kong,travel,api,2025-11-24T04:31,2,0.04,0,0,,0.245,normal
TXN-004382,CUST-0175,8704.21,USD,ACH,India,Hong Kong,import_export,advisor,2025-11-25T14:22,2,0.1,0,0,,0.29,normal
TXN-004383,CUST-0404,3167253.12,USD,CRYPTO_TRANSFER,South Africa,Brazil,charity,web,2025-06-16T14:39,3,25.4,1,1,R-003 customer behavior deviation|R-004 large crypto transfer|R-005 opaque merchant category,0.99,suspicious
TXN-004384,CUST-0494,637.01,USD,ACH,Mexico,Cyprus,charity,api,2025-08-26T14:12,3,0.11,0,0,,0.432,normal
TXN-004385,CUST-0483,1273.65,USD,ACH,Hong Kong,France,investment,branch,2026-02-23T10:53,1,0.2,0,0,,0.266,normal
TXN-004386,CUST-0099,1531.36,USD,CARD,Cyprus,Panama,real_estate,web,2025-12-08T02:19,4,0.47,1,0,R-002 high-risk jurisdiction,0.711,suspicious
TXN-004387,CUST-0295,2071.92,USD,ACH,Germany,Turkey,charity,mobile,2026-01-31T21:15,3,0.27,1,0,,0.561,review
TXN-004388,CUST-0480,1427.36,USD,CARD,Hong Kong,Hong Kong,electronics,api,2025-06-15T22:44,2,0.18,0,0,,0.338,normal
TXN-004389,CUST-0296,49919.05,USD,WIRE,Switzerland,Canada,luxury_goods,web,2025-04-25T23:37,1,0.57,0,0,,0.232,normal
TXN-004390,CUST-0240,1027.28,USD,INTERNATIONAL_REMITTANCE,Switzerland,France,electronics,advisor,2025-01-16T16:35,1,0.28,0,0,,0.235,normal
TXN-004391,CUST-0091,330.83,USD,CHECK,France,South Africa,cash_services,web,2026-05-15T05:19,3,0.06,0,0,,0.332,normal
TXN-004392,CUST-0437,442.13,USD,CHECK,UAE,France,charity,api,2025-03-28T17:52,1,0.13,0,0,,0.219,normal
TXN-004393,CUST-0031,6129.6,USD,ACH,Mexico,Mexico,import_export,api,2026-04-25T17:17,3,0.09,0,0,,0.45,normal
TXN-004394,CUST-0312,734.35,USD,INTERNATIONAL_REMITTANCE,Germany,South Africa,investment,mobile,2025-06-02T04:19,3,0.11,0,0,,0.298,normal
TXN-004395,CUST-0310,116.76,USD,WIRE,Germany,Turkey,electronics,web,2025-05-13T00:50,3,0.18,0,0,,0.379,normal
TXN-004396,CUST-0159,1598.9,USD,INTERNATIONAL_REMITTANCE,Hong Kong,Germany,electronics,branch,2026-01-29T09:49,1,0.49,1,0,,0.389,normal
TXN-004397,CUST-0250,42754.88,USD,INTERNATIONAL_REMITTANCE,Singapore,Cyprus,consulting,branch,2025-05-17T04:16,3,10.3,1,1,R-003 customer behavior deviation,0.732,suspicious
TXN-004398,CUST-0384,3414.24,USD,ACH,Hong Kong,Hong Kong,import_export,branch,2025-08-03T20:15,2,0.07,0,0,,0.438,normal
TXN-004399,CUST-0386,10265810.87,USD,CASH_PAYMENT,Hong Kong,China,luxury_goods,advisor,2026-03-27T17:18,3,52.53,0,1,R-001 high-value cash payment|R-003 customer behavior deviation,0.983,suspicious
TXN-004400,CUST-0225,955.34,USD,CRYPTO_TRANSFER,Singapore,Iran,luxury_goods,api,2025-07-14T20:25,5,0.16,1,1,R-002 high-risk jurisdiction,0.862,suspicious
TXN-004401,CUST-0470,11343.29,USD,CASH_PAYMENT,Germany,China,investment,web,2025-09-28T12:41,3,0.15,0,1,,0.565,review
TXN-004402,CUST-0166,150830.98,USD,INTERNATIONAL_REMITTANCE,UK,India,luxury_goods,advisor,2025-03-15T15:03,2,0.24,0,0,,0.247,normal
TXN-004403,CUST-0309,421.14,USD,CARD,Cyprus,Cyprus,electronics,advisor,2025-05-04T23:50,3,0.11,0,0,,0.433,normal
TXN-004404,CUST-0410,1240.17,USD,CRYPTO_TRANSFER,Germany,India,charity,branch,2025-03-10T22:43,2,0.28,0,1,,0.611,review
TXN-004405,CUST-0047,956.68,USD,CHECK,Hong Kong,France,charity,web,2026-03-26T04:54,1,0.24,0,0,,0.247,normal
TXN-004406,CUST-0329,48119.11,USD,CHECK,India,Turkey,cash_services,advisor,2025-03-26T09:37,3,0.22,0,0,,0.327,normal
TXN-004407,CUST-0473,458.59,USD,CARD,UAE,UAE,import_export,mobile,2025-06-16T06:35,2,0.25,0,0,,0.352,normal
TXN-004408,CUST-0198,791.28,USD,ACH,India,Mexico,electronics,mobile,2025-02-08T06:02,3,0.16,0,0,,0.378,normal
TXN-004409,CUST-0146,26875.35,USD,CHECK,Singapore,UK,real_estate,advisor,2025-06-09T02:09,1,0.65,0,1,,0.527,review
TXN-004410,CUST-0366,1217293.62,USD,CRYPTO_TRANSFER,Mexico,Russia,unknown,web,2025-04-16T00:35,5,18.22,1,1,R-002 high-risk jurisdiction|R-003 customer behavior deviation|R-004 large crypto transfer|R-005 opaque merchant category,0.99,suspicious
TXN-004411,CUST-0198,124208.53,USD,INTERNATIONAL_REMITTANCE,Mexico,British Virgin Islands,cash_services,api,2025-08-28T15:45,4,24.97,1,1,R-002 high-risk jurisdiction|R-003 customer behavior deviation,0.99,suspicious
TXN-004412,CUST-0487,1560.77,USD,INTERNATIONAL_REMITTANCE,Singapore,Singapore,luxury_goods,web,2025-09-03T04:18,1,0.35,0,0,,0.28,normal
TXN-004413,CUST-0173,1460.37,USD,ACH,France,USA,import_export,branch,2026-01-10T10:54,1,0.17,0,0,,0.195,normal
TXN-004414,CUST-0366,22332.46,USD,ACH,China,Cayman Islands,travel,advisor,2025-05-13T03:06,4,0.33,1,0,R-002 high-risk jurisdiction,0.651,review
TXN-004415,CUST-0386,16696.88,USD,CHECK,Hong Kong,China,charity,mobile,2025-04-20T00:22,3,0.09,0,0,,0.437,normal
TXN-004416,CUST-0051,31436.45,USD,WIRE,Mexico,Turkey,luxury_goods,api,2025-12-23T14:21,3,0.21,0,0,,0.348,normal
TXN-004417,CUST-0353,38473.71,USD,INTERNATIONAL_REMITTANCE,France,China,luxury_goods,mobile,2026-02-21T04:00,3,0.18,0,0,,0.331,normal
TXN-004418,CUST-0265,5255.93,USD,WIRE,Mexico,Mexico,charity,advisor,2025-04-16T01:35,3,0.7,0,0,,0.388,normal
TXN-004419,CUST-0422,329281.49,USD,CASH_PAYMENT,Mexico,Russia,luxury_goods,advisor,2025-01-10T17:24,5,48.88,1,1,R-002 high-risk jurisdiction|R-003 customer behavior deviation,0.99,suspicious
TXN-004420,CUST-0289,843.3,USD,ACH,USA,USA,import_export,mobile,2026-03-29T12:36,1,0.26,0,0,,0.199,normal
TXN-004421,CUST-0288,102838.13,USD,INTERNATIONAL_REMITTANCE,Brazil,South Africa,real_estate,advisor,2025-09-14T01:14,3,88.19,1,0,R-003 customer behavior deviation,0.849,suspicious
TXN-004422,CUST-0285,284.95,USD,INTERNATIONAL_REMITTANCE,Mexico,UK,import_export,web,2025-11-21T13:01,1,0.07,0,0,,0.166,normal
TXN-004423,CUST-0140,120293.43,USD,CRYPTO_TRANSFER,Turkey,China,luxury_goods,advisor,2025-10-23T01:22,3,66.67,1,1,R-003 customer behavior deviation,0.99,suspicious
TXN-004424,CUST-0465,458.1,USD,ACH,India,Hong Kong,import_export,advisor,2026-02-27T13:42,2,0.26,0,0,,0.223,normal
TXN-004425,CUST-0345,282.27,USD,INTERNATIONAL_REMITTANCE,Brazil,China,import_export,web,2026-03-31T11:37,3,0.09,0,0,,0.412,normal
TXN-004426,CUST-0167,10058.58,USD,CASH_PAYMENT,USA,Germany,consulting,mobile,2025-12-16T15:11,1,0.12,0,1,,0.342,normal
TXN-004427,CUST-0343,4985310.75,USD,INTERNATIONAL_REMITTANCE,Switzerland,Turkey,luxury_goods,advisor,2025-05-30T10:26,3,83.32,1,0,R-003 customer behavior deviation,0.851,suspicious
TXN-004428,CUST-0200,3635.22,USD,INTERNATIONAL_REMITTANCE,South Africa,Germany,real_estate,branch,2026-03-21T00:29,1,0.77,0,0,,0.273,normal
TXN-004429,CUST-0086,2819.11,USD,ACH,Germany,UK,import_export,web,2026-03-14T12:00,1,0.34,0,0,,0.325,normal
TXN-004430,CUST-0455,315.13,USD,CHECK,Brazil,UAE,electronics,advisor,2025-09-30T03:43,2,0.1,0,0,,0.288,normal
TXN-004431,CUST-0166,65777.95,USD,INTERNATIONAL_REMITTANCE,Singapore,Mexico,investment,advisor,2025-01-19T17:18,3,0.11,1,0,,0.506,review
TXN-004432,CUST-0244,313.84,USD,CHECK,South Africa,Canada,cash_services,api,2025-04-21T06:39,1,0.05,1,0,,0.275,normal
TXN-004433,CUST-0004,755.39,USD,CHECK,Cyprus,South Africa,charity,mobile,2026-03-19T07:45,3,0.22,0,0,,0.386,normal
TXN-004434,CUST-0393,135.63,USD,WIRE,China,China,import_export,advisor,2025-05-01T08:47,3,0.03,0,0,,0.327,normal
TXN-004435,CUST-0075,157.35,USD,WIRE,Switzerland,Germany,electronics,mobile,2026-04-08T05:46,1,0.03,0,0,,0.179,normal
TXN-004436,CUST-0043,174972.41,USD,WIRE,South Africa,South Africa,cash_services,advisor,2025-08-03T04:48,3,64.73,0,1,R-003 customer behavior deviation,0.837,suspicious
TXN-004437,CUST-0191,395.88,USD,INTERNATIONAL_REMITTANCE,Cyprus,Cyprus,charity,api,2025-06-05T01:34,3,0.05,0,0,,0.405,normal
TXN-004438,CUST-0261,174.45,USD,WIRE,India,Brazil,luxury_goods,advisor,2025-02-10T22:04,3,0.09,0,0,,0.369,normal
TXN-004439,CUST-0462,11288.15,USD,CARD,France,UAE,charity,web,2025-08-10T07:57,2,0.41,0,0,,0.366,normal
TXN-004440,CUST-0376,102378.89,USD,INTERNATIONAL_REMITTANCE,Brazil,South Africa,consulting,web,2025-08-30T07:52,3,72.82,1,0,R-003 customer behavior deviation|R-005 opaque merchant category,0.99,suspicious
TXN-004441,CUST-0147,4857.0,USD,ACH,France,China,import_export,branch,2025-08-15T02:31,3,0.59,0,0,,0.304,normal
TXN-004442,CUST-0098,21373.43,USD,WIRE,Canada,China,cash_services,mobile,2025-10-29T23:19,3,0.18,0,0,,0.372,normal
TXN-004443,CUST-0232,3157.47,USD,CRYPTO_TRANSFER,Switzerland,Germany,electronics,advisor,2025-04-21T13:28,1,0.4,0,1,,0.352,normal
TXN-004444,CUST-0078,38163.94,USD,WIRE,Brazil,Switzerland,travel,api,2026-04-28T08:52,2,0.37,1,0,,0.474,review
TXN-004445,CUST-0257,2901.46,USD,INTERNATIONAL_REMITTANCE,Canada,Cyprus,cash_services,advisor,2025-08-24T13:54,3,0.33,0,1,,0.597,review
TXN-004446,CUST-0036,10344.93,USD,ACH,Cyprus,Cyprus,luxury_goods,mobile,2026-04-18T18:20,3,0.13,0,0,,0.456,review
TXN-004447,CUST-0100,14029.99,USD,CARD,Brazil,India,cash_services,branch,2026-02-21T00:33,2,1.79,0,0,,0.32,normal
TXN-004448,CUST-0464,774.11,USD,CARD,Germany,Cayman Islands,charity,branch,2026-03-27T04:26,4,0.17,1,0,R-002 high-risk jurisdiction,0.54,review
TXN-004449,CUST-0260,121.41,USD,CASH_PAYMENT,UAE,Canada,electronics,web,2025-05-27T08:36,1,0.07,0,1,,0.417,normal
TXN-004450,CUST-0211,7214.41,USD,INTERNATIONAL_REMITTANCE,India,India,cash_services,api,2025-09-14T18:58,2,0.03,0,0,,0.576,review
TXN-004451,CUST-0423,4508436.3,USD,WIRE,Canada,Turkey,cash_services,api,2025-04-03T00:15,3,75.54,1,0,R-003 customer behavior deviation,0.79,suspicious
TXN-004452,CUST-0273,14762.31,USD,CHECK,India,Canada,luxury_goods,web,2025-04-09T23:04,1,0.26,0,0,,0.203,normal
TXN-004453,CUST-0264,461541.06,USD,INTERNATIONAL_REMITTANCE,UK,Iran,real_estate,web,2025-11-08T05:21,5,15.43,1,0,R-002 high-risk jurisdiction|R-003 customer behavior deviation,0.945,suspicious
TXN-004454,CUST-0444,3768.39,USD,INTERNATIONAL_REMITTANCE,USA,USA,charity,web,2025-06-11T03:43,1,0.22,0,0,,0.397,normal
TXN-004455,CUST-0078,1741121.46,USD,CASH_PAYMENT,China,Turkey,cash_services,api,2025-04-01T06:16,3,16.66,1,1,R-003 customer behavior deviation,0.99,suspicious
TXN-004456,CUST-0254,5513.05,USD,CHECK,Turkey,UK,cash_services,mobile,2025-01-31T13:15,1,0.06,1,0,,0.373,normal
TXN-004457,CUST-0006,1776.23,USD,CARD,Turkey,Turkey,luxury_goods,mobile,2025-01-20T23:30,3,0.3,0,0,,0.391,normal
TXN-004458,CUST-0272,10626.35,USD,WIRE,UAE,Nigeria,charity,branch,2025-11-18T13:05,4,15.87,1,0,R-002 high-risk jurisdiction|R-003 customer behavior deviation,0.927,suspicious
TXN-004459,CUST-0001,29.46,USD,WIRE,Turkey,France,investment,web,2025-05-21T03:21,1,0.04,0,0,,0.179,normal
TXN-004460,CUST-0056,704.78,USD,CARD,UAE,UAE,travel,mobile,2025-02-09T00:52,2,0.09,0,0,,0.251,normal
TXN-004461,CUST-0092,2489.76,USD,WIRE,India,Germany,travel,advisor,2026-04-03T04:06,1,0.58,0,0,,0.389,normal
TXN-004462,CUST-0096,392.63,USD,CARD,France,Turkey,electronics,branch,2025-01-27T23:33,3,0.12,0,0,,0.379,normal
TXN-004463,CUST-0308,192.62,USD,WIRE,India,India,consulting,advisor,2026-02-21T22:35,2,0.19,0,0,,0.295,normal
TXN-004464,CUST-0409,1635.91,USD,WIRE,Cyprus,Cyprus,cash_services,branch,2025-09-06T13:52,3,0.22,0,0,,0.352,normal
TXN-004465,CUST-0341,485114.58,USD,CASH_PAYMENT,Turkey,Iran,consulting,branch,2026-02-15T07:08,5,74.28,1,1,R-002 high-risk jurisdiction|R-003 customer behavior deviation|R-005 opaque merchant category,0.99,suspicious
TXN-004466,CUST-0417,71651.16,USD,WIRE,India,France,import_export,web,2026-02-22T00:56,1,0.15,0,1,,0.326,normal
TXN-004467,CUST-0341,1311.67,USD,ACH,Germany,Mexico,charity,mobile,2025-03-08T12:44,3,0.2,0,0,,0.422,normal
TXN-004468,CUST-0374,774.41,USD,ACH,Germany,France,cash_services,api,2026-04-03T04:51,1,0.11,0,0,,0.277,normal
TXN-004469,CUST-0414,3547.34,USD,CARD,Cyprus,Germany,cash_services,advisor,2025-06-14T06:53,1,0.4,0,0,,0.165,normal
TXN-004470,CUST-0383,1705.67,USD,INTERNATIONAL_REMITTANCE,South Africa,South Africa,import_export,api,2026-03-20T18:42,3,0.43,0,0,,0.437,normal
TXN-004471,CUST-0494,873.31,USD,ACH,Cyprus,Mexico,import_export,mobile,2025-06-26T09:51,3,0.15,0,0,,0.334,normal
TXN-004472,CUST-0008,157720.53,USD,INTERNATIONAL_REMITTANCE,Switzerland,Mexico,consulting,api,2025-02-21T10:53,3,68.77,1,0,R-003 customer behavior deviation|R-005 opaque merchant category,0.909,suspicious
TXN-004473,CUST-0384,5436.57,USD,WIRE,Singapore,Hong Kong,import_export,advisor,2025-12-28T14:58,2,0.11,0,0,,0.394,normal
TXN-004474,CUST-0145,2138.9,USD,INTERNATIONAL_REMITTANCE,UK,Canada,cash_services,branch,2025-10-25T04:13,1,0.48,0,0,,0.216,normal
TXN-004475,CUST-0289,380.7,USD,WIRE,Turkey,Mexico,investment,mobile,2025-11-23T04:43,3,0.12,0,0,,0.346,normal
TXN-004476,CUST-0233,1297.9,USD,WIRE,Mexico,Mexico,travel,advisor,2025-01-23T21:56,3,0.22,0,1,,0.466,review
TXN-004477,CUST-0133,73963.25,USD,CHECK,UK,China,travel,api,2025-11-12T12:26,3,1.15,0,0,,0.405,normal
TXN-004478,CUST-0418,912.09,USD,CARD,Canada,India,consulting,web,2026-01-22T23:25,2,0.1,0,1,,0.334,normal
TXN-004479,CUST-0191,1592.52,USD,WIRE,Mexico,Singapore,import_export,mobile,2025-03-14T21:18,1,0.19,0,1,,0.394,normal
TXN-004480,CUST-0172,204.35,USD,CHECK,Hong Kong,Mexico,travel,web,2025-06-24T00:47,3,0.1,1,0,,0.518,review
TXN-004481,CUST-0406,914.52,USD,ACH,France,France,import_export,mobile,2026-03-02T05:45,1,0.73,0,0,,0.211,normal
TXN-004482,CUST-0471,53516.88,USD,CRYPTO_TRANSFER,Cyprus,Turkey,luxury_goods,api,2025-02-23T04:06,3,89.79,1,1,R-003 customer behavior deviation,0.99,suspicious
TXN-004483,CUST-0259,1202.83,USD,INTERNATIONAL_REMITTANCE,India,Switzerland,travel,api,2025-07-19T07:36,2,0.4,0,1,,0.451,review
TXN-004484,CUST-0219,57.86,USD,ACH,China,China,travel,branch,2026-02-25T10:04,3,0.07,0,0,,0.329,normal
TXN-004485,CUST-0342,534.84,USD,CARD,China,Cyprus,charity,api,2025-11-13T04:58,3,0.11,0,0,,0.386,normal
TXN-004486,CUST-0100,2883.92,USD,INTERNATIONAL_REMITTANCE,Brazil,India,electronics,branch,2026-02-18T14:27,2,0.37,0,0,,0.343,normal
TXN-004487,CUST-0187,527.15,USD,CARD,Germany,Germany,electronics,mobile,2025-06-24T17:21,1,0.13,0,0,,0.185,normal
TXN-004488,CUST-0230,65887.11,USD,INTERNATIONAL_REMITTANCE,South Africa,China,unknown,advisor,2025-11-03T07:41,3,9.73,1,1,,0.793,suspicious
TXN-004489,CUST-0497,4275.5,USD,CHECK,UAE,British Virgin Islands,luxury_goods,api,2026-04-11T10:46,4,0.82,1,0,R-002 high-risk jurisdiction,0.533,review
TXN-004490,CUST-0213,1282.27,USD,CARD,Turkey,Germany,charity,mobile,2025-08-01T01:54,1,0.2,0,0,,0.172,normal
TXN-004491,CUST-0490,1021.56,USD,WIRE,China,South Africa,travel,web,2025-04-15T11:12,3,0.18,0,0,,0.449,normal
TXN-004492,CUST-0430,1288.41,USD,CASH_PAYMENT,Singapore,Singapore,real_estate,api,2025-07-15T10:17,1,0.56,0,1,,0.428,normal
TXN-004493,CUST-0437,1301.16,USD,INTERNATIONAL_REMITTANCE,UAE,Canada,luxury_goods,mobile,2025-03-08T18:20,1,0.39,0,0,,0.25,normal
TXN-004494,CUST-0208,1870.95,USD,CHECK,Hong Kong,France,electronics,api,2025-08-11T14:17,1,0.16,1,0,,0.362,normal
TXN-004495,CUST-0311,619715.87,USD,INTERNATIONAL_REMITTANCE,Cyprus,Panama,cash_services,web,2025-09-11T05:34,4,82.6,1,0,R-002 high-risk jurisdiction|R-003 customer behavior deviation,0.99,suspicious
TXN-004496,CUST-0342,581.37,USD,CARD,France,China,travel,api,2026-02-15T16:01,3,0.12,0,0,,0.379,normal
TXN-004497,CUST-0214,878.9,USD,INTERNATIONAL_REMITTANCE,Singapore,Singapore,consulting,mobile,2025-12-28T08:42,1,0.33,0,0,,0.228,normal
TXN-004498,CUST-0174,997.3,USD,ACH,Canada,Singapore,luxury_goods,advisor,2025-02-19T10:16,1,0.04,0,0,,0.295,normal
TXN-004499,CUST-0326,473646.24,USD,INTERNATIONAL_REMITTANCE,Mexico,Turkey,unknown,branch,2025-04-15T17:43,3,54.15,1,1,R-003 customer behavior deviation|R-005 opaque merchant category,0.903,suspicious
TXN-004500,CUST-0009,796.4,USD,WIRE,Germany,UK,investment,mobile,2025-02-14T20:27,1,0.29,0,0,,0.226,normal
TXN-004501,CUST-0279,3047.36,USD,CHECK,Canada,Canada,travel,advisor,2026-01-15T19:31,1,0.04,0,1,,0.306,normal
TXN-004502,CUST-0022,18394.36,USD,WIRE,Cyprus,Canada,investment,web,2026-01-30T09:08,1,0.49,0,0,,0.292,normal
TXN-004503,CUST-0200,187531.29,USD,CASH_PAYMENT,South Africa,Russia,luxury_goods,web,2025-04-13T11:11,5,39.49,1,1,R-002 high-risk jurisdiction|R-003 customer behavior deviation,0.99,suspicious
TXN-004504,CUST-0179,247038.24,USD,WIRE,UAE,British Virgin Islands,import_export,advisor,2025-06-11T22:16,4,1.32,1,0,R-002 high-risk jurisdiction,0.613,review
TXN-004505,CUST-0135,4407.09,USD,INTERNATIONAL_REMITTANCE,Mexico,Mexico,luxury_goods,branch,2026-01-26T20:08,3,0.29,0,0,,0.566,review
TXN-004506,CUST-0236,36283.19,USD,CRYPTO_TRANSFER,UAE,China,unknown,advisor,2025-04-28T11:32,3,23.32,1,1,R-003 customer behavior deviation,0.99,suspicious
TXN-004507,CUST-0388,404.37,USD,ACH,UK,China,cash_services,web,2025-11-30T02:07,3,0.1,0,1,,0.526,review
TXN-004508,CUST-0303,11096.39,USD,WIRE,Switzerland,Switzerland,luxury_goods,advisor,2025-07-08T21:50,2,0.11,0,0,,0.336,normal
TXN-004509,CUST-0117,1479.29,USD,ACH,Cyprus,Cyprus,real_estate,mobile,2025-05-05T06:43,3,0.17,0,0,,0.4,normal
TXN-004510,CUST-0102,28641.71,USD,ACH,Switzerland,China,cash_services,web,2026-01-10T21:35,3,0.19,0,0,,0.463,review
TXN-004511,CUST-0407,396731.91,USD,CRYPTO_TRANSFER,Hong Kong,Iran,charity,api,2026-03-11T14:37,5,62.52,1,1,R-002 high-risk jurisdiction|R-003 customer behavior deviation|R-004 large crypto transfer|R-005 opaque merchant category,0.99,suspicious
TXN-004512,CUST-0091,617.05,USD,CHECK,France,UAE,cash_services,web,2026-02-01T05:54,2,0.12,0,0,,0.241,normal
TXN-004513,CUST-0166,265865.83,USD,INTERNATIONAL_REMITTANCE,Singapore,Singapore,luxury_goods,advisor,2025-11-10T15:23,1,0.43,0,0,,0.255,normal
TXN-004514,CUST-0404,21137.69,USD,ACH,India,Nigeria,charity,web,2025-12-12T01:42,4,0.17,1,0,R-002 high-risk jurisdiction,0.639,review
TXN-004515,CUST-0328,694.77,USD,CARD,South Africa,Brazil,travel,mobile,2025-05-23T12:25,3,0.55,0,0,,0.523,review
TXN-004516,CUST-0478,184858.22,USD,INTERNATIONAL_REMITTANCE,UAE,UAE,investment,branch,2026-03-09T08:16,2,0.78,0,0,,0.459,review
TXN-004517,CUST-0110,871515.42,USD,INTERNATIONAL_REMITTANCE,USA,Cyprus,charity,advisor,2025-09-15T09:39,3,21.14,1,1,R-003 customer behavior deviation|R-005 opaque merchant category,0.985,suspicious
TXN-004518,CUST-0021,1872.14,USD,CARD,Germany,UK,travel,advisor,2025-09-27T00:18,1,0.26,0,0,,0.185,normal
TXN-004519,CUST-0150,2186.12,USD,ACH,Hong Kong,UK,charity,advisor,2025-03-23T02:29,1,0.26,1,0,,0.393,normal
TXN-004520,CUST-0450,4133.58,USD,ACH,South Africa,South Africa,electronics,api,2025-08-08T13:37,3,0.09,0,0,,0.426,normal
TXN-004521,CUST-0316,671.78,USD,CARD,India,Turkey,investment,web,2025-07-10T22:57,3,0.31,0,0,,0.432,normal
TXN-004522,CUST-0145,1249.94,USD,INTERNATIONAL_REMITTANCE,Canada,UK,import_export,advisor,2025-11-18T08:40,1,0.28,0,0,,0.212,normal
TXN-004523,CUST-0025,8844.1,USD,CARD,India,South Africa,consulting,advisor,2025-09-19T20:08,3,0.07,0,0,,0.369,normal
TXN-004524,CUST-0004,683.42,USD,WIRE,South Africa,South Africa,charity,web,2025-12-05T00:00,3,0.2,0,0,,0.383,normal
TXN-004525,CUST-0283,1016.52,USD,ACH,USA,USA,luxury_goods,web,2025-01-21T20:08,1,0.34,0,0,,0.231,normal
TXN-004526,CUST-0309,1133.95,USD,WIRE,Cyprus,Cyprus,charity,mobile,2025-11-27T00:16,3,0.29,0,0,,0.461,review
TXN-004527,CUST-0188,1420.91,USD,INTERNATIONAL_REMITTANCE,France,France,import_export,api,2025-05-12T15:09,1,0.35,0,1,,0.389,normal
TXN-004528,CUST-0412,2304.88,USD,CARD,India,Canada,luxury_goods,advisor,2025-10-25T03:40,1,0.32,0,0,,0.228,normal
TXN-004529,CUST-0004,251.04,USD,CHECK,Cyprus,South Africa,import_export,web,2025-07-19T17:46,3,0.07,0,0,,0.342,normal
TXN-004530,CUST-0308,87.88,USD,WIRE,India,India,real_estate,web,2025-06-17T13:41,2,0.09,0,0,,0.278,normal
TXN-004531,CUST-0451,8870969.56,USD,INTERNATIONAL_REMITTANCE,France,Nigeria,luxury_goods,web,2026-04-26T11:36,4,81.87,1,0,R-002 high-risk jurisdiction|R-003 customer behavior deviation,0.99,suspicious
TXN-004532,CUST-0377,1520.18,USD,INTERNATIONAL_REMITTANCE,Cyprus,UK,electronics,api,2026-04-07T07:17,1,0.68,0,0,,0.219,normal
TXN-004533,CUST-0399,165189.18,USD,CASH_PAYMENT,China,Cayman Islands,consulting,web,2025-10-15T14:39,4,83.28,1,1,R-002 high-risk jurisdiction|R-003 customer behavior deviation|R-005 opaque merchant category,0.99,suspicious
TXN-004534,CUST-0451,37978.81,USD,INTERNATIONAL_REMITTANCE,Germany,Germany,electronics,branch,2025-04-15T23:34,1,0.35,0,0,,0.269,normal
TXN-004535,CUST-0380,557.92,USD,CRYPTO_TRANSFER,Turkey,Canada,investment,branch,2025-10-31T14:17,1,0.53,0,1,,0.321,normal
TXN-004536,CUST-0085,1695.17,USD,INTERNATIONAL_REMITTANCE,Canada,Switzerland,luxury_goods,mobile,2025-04-08T23:51,2,0.29,0,0,,0.358,normal
TXN-004537,CUST-0251,53746.57,USD,CRYPTO_TRANSFER,Turkey,Turkey,real_estate,api,2025-02-06T04:03,3,0.24,0,1,,0.578,review
TXN-004538,CUST-0465,172.92,USD,CHECK,USA,Hong Kong,investment,advisor,2025-03-14T22:12,2,0.1,0,0,,0.285,normal
TXN-004539,CUST-0238,501.24,USD,ACH,UAE,UAE,consulting,web,2026-03-05T04:27,2,0.08,0,0,,0.299,normal
TXN-004540,CUST-0366,97327.49,USD,INTERNATIONAL_REMITTANCE,Mexico,Singapore,charity,web,2025-11-27T10:25,1,1.46,0,0,,0.214,normal
TXN-004541,CUST-0475,959.75,USD,WIRE,Turkey,Cayman Islands,travel,web,2026-04-18T21:03,4,0.17,1,0,R-002 high-risk jurisdiction,0.511,review
TXN-004542,CUST-0254,15307.38,USD,CARD,Turkey,Turkey,import_export,api,2025-06-09T11:41,3,0.16,0,0,,0.47,review
TXN-004543,CUST-0109,64039.7,USD,INTERNATIONAL_REMITTANCE,Brazil,Brazil,charity,api,2026-02-16T05:54,3,0.71,0,0,,0.508,review
TXN-004544,CUST-0338,217.81,USD,ACH,Switzerland,Hong Kong,import_export,branch,2025-03-13T15:57,2,0.22,0,0,,0.245,normal
TXN-004545,CUST-0313,1229.68,USD,CARD,Cyprus,China,import_export,web,2025-10-16T14:47,3,0.19,0,0,,0.425,normal
TXN-004546,CUST-0086,714013.73,USD,INTERNATIONAL_REMITTANCE,India,British Virgin Islands,luxury_goods,branch,2025-10-22T01:37,4,86.74,1,0,R-002 high-risk jurisdiction|R-003 customer behavior deviation,0.99,suspicious
TXN-004547,CUST-0147,2121.75,USD,CARD,China,India,luxury_goods,api,2025-05-29T07:28,2,0.26,1,0,,0.377,normal
TXN-004548,CUST-0410,248292.22,USD,CASH_PAYMENT,India,British Virgin Islands,cash_services,advisor,2025-05-14T12:31,4,56.81,1,1,R-002 high-risk jurisdiction|R-003 customer behavior deviation,0.99,suspicious
TXN-004549,CUST-0452,1159.04,USD,WIRE,Singapore,Singapore,investment,api,2026-02-27T01:44,1,0.42,0,0,,0.231,normal
TXN-004550,CUST-0469,152654.2,USD,CASH_PAYMENT,Turkey,Singapore,cash_services,web,2025-12-19T07:01,1,0.49,1,1,,0.503,review
TXN-004551,CUST-0500,7662034.63,USD,WIRE,Hong Kong,Cayman Islands,unknown,advisor,2025-12-19T02:08,4,60.0,1,0,R-002 high-risk jurisdiction|R-003 customer behavior deviation|R-005 opaque merchant category,0.984,suspicious
TXN-004552,CUST-0242,718.71,USD,INTERNATIONAL_REMITTANCE,China,Germany,travel,branch,2025-10-29T04:04,1,0.19,0,1,,0.492,review
TXN-004553,CUST-0463,7942.96,USD,WIRE,Singapore,South Africa,travel,branch,2025-02-10T11:45,3,0.1,0,0,,0.467,review
TXN-004554,CUST-0425,324.54,USD,ACH,Mexico,Singapore,travel,advisor,2025-01-20T01:52,1,0.04,0,0,,0.152,normal
TXN-004555,CUST-0228,1128.47,USD,INTERNATIONAL_REMITTANCE,Canada,Turkey,consulting,api,2025-04-22T16:04,3,0.41,0,0,,0.417,normal
TXN-004556,CUST-0260,1036.14,USD,CHECK,Switzerland,France,investment,api,2026-05-13T04:58,1,0.57,1,0,,0.303,normal
TXN-004557,CUST-0010,16446.68,USD,WIRE,South Africa,South Africa,consulting,mobile,2026-03-21T03:28,3,0.14,0,0,,0.325,normal
TXN-004558,CUST-0261,278.94,USD,CHECK,Canada,India,real_estate,branch,2025-04-14T04:05,2,0.15,0,1,,0.398,normal
TXN-004559,CUST-0353,24372.51,USD,ACH,Mexico,Switzerland,charity,api,2026-04-11T09:37,2,0.11,0,1,,0.374,normal
TXN-004560,CUST-0471,38.76,USD,WIRE,Cyprus,Canada,charity,branch,2025-10-18T04:06,1,0.07,0,0,,0.223,normal
TXN-004561,CUST-0077,360.82,USD,INTERNATIONAL_REMITTANCE,Singapore,Canada,travel,api,2025-02-17T06:56,1,0.05,0,0,,0.33,normal
TXN-004562,CUST-0242,314066.14,USD,WIRE,China,Nigeria,consulting,branch,2025-06-02T16:35,4,83.43,1,0,R-002 high-risk jurisdiction|R-003 customer behavior deviation|R-005 opaque merchant category,0.99,suspicious
TXN-004563,CUST-0099,271.74,USD,WIRE,Cyprus,China,real_estate,web,2025-12-12T03:35,3,0.08,0,0,,0.43,normal
TXN-004564,CUST-0241,1010.49,USD,WIRE,Brazil,Hong Kong,electronics,mobile,2025-01-01T09:25,2,0.15,0,0,,0.343,normal
TXN-004565,CUST-0488,77521.69,USD,WIRE,Switzerland,Switzerland,cash_services,mobile,2025-08-21T07:05,2,0.49,0,0,,0.403,normal
TXN-004566,CUST-0204,503640.28,USD,ACH,Cyprus,Cyprus,cash_services,advisor,2025-03-25T05:25,3,1.47,0,0,,0.597,review
TXN-004567,CUST-0303,22179.2,USD,CARD,Switzerland,China,travel,mobile,2025-05-01T10:38,3,0.22,0,0,,0.459,review
TXN-004568,CUST-0027,2769664.55,USD,WIRE,Germany,Panama,unknown,web,2025-01-12T14:51,4,46.18,1,0,R-002 high-risk jurisdiction|R-003 customer behavior deviation|R-005 opaque merchant category,0.946,suspicious
TXN-004569,CUST-0018,539766.76,USD,WIRE,Mexico,Brazil,cash_services,advisor,2025-08-08T07:35,3,89.15,1,0,R-003 customer behavior deviation,0.9,suspicious
TXN-004570,CUST-0195,684.6,USD,WIRE,Brazil,UK,consulting,web,2025-11-08T09:43,1,0.11,0,0,,0.238,normal
TXN-004571,CUST-0168,426900.25,USD,WIRE,Switzerland,Iran,consulting,branch,2025-11-06T00:26,5,67.87,1,1,R-002 high-risk jurisdiction|R-003 customer behavior deviation|R-005 opaque merchant category,0.99,suspicious
TXN-004572,CUST-0032,70.29,USD,CHECK,India,Turkey,investment,branch,2025-01-21T01:59,3,0.08,1,1,,0.628,review
TXN-004573,CUST-0307,15000000,USD,WIRE,France,China,cash_services,web,2025-10-12T03:16,3,48.97,1,0,R-003 customer behavior deviation,0.99,suspicious
TXN-004574,CUST-0383,796.33,USD,INTERNATIONAL_REMITTANCE,South Africa,South Africa,real_estate,branch,2026-01-13T09:54,3,0.2,0,0,,0.41,normal
TXN-004575,CUST-0383,120015.8,USD,CRYPTO_TRANSFER,UK,Iran,unknown,web,2025-07-17T15:45,5,30.41,1,1,R-002 high-risk jurisdiction|R-003 customer behavior deviation|R-005 opaque merchant category,0.99,suspicious
TXN-004576,CUST-0021,797.36,USD,ACH,Germany,Germany,cash_services,advisor,2025-06-30T16:42,1,0.11,0,0,,0.26,normal
TXN-004577,CUST-0301,94692.86,USD,INTERNATIONAL_REMITTANCE,Germany,UK,travel,web,2026-03-01T18:44,1,0.19,0,0,,0.264,normal
TXN-004578,CUST-0333,133368.01,USD,WIRE,Turkey,South Africa,real_estate,branch,2026-03-04T00:13,3,31.91,1,0,R-003 customer behavior deviation,0.871,suspicious
TXN-004579,CUST-0434,10047.06,USD,ACH,USA,USA,charity,advisor,2026-02-04T02:53,1,0.13,0,0,,0.245,normal
TXN-004580,CUST-0157,4567.3,USD,CARD,Germany,Germany,investment,advisor,2025-08-12T10:39,1,0.95,0,0,,0.28,normal
TXN-004581,CUST-0447,501.61,USD,CHECK,Cyprus,Cyprus,import_export,web,2025-12-25T15:04,3,0.19,0,0,,0.361,normal
TXN-004582,CUST-0298,2007.18,USD,INTERNATIONAL_REMITTANCE,Switzerland,France,real_estate,advisor,2025-04-24T00:35,1,0.23,0,0,,0.3,normal
TXN-004583,CUST-0113,1589621.85,USD,CASH_PAYMENT,France,Mexico,luxury_goods,branch,2025-10-04T21:48,3,32.82,1,1,R-003 customer behavior deviation,0.99,suspicious
TXN-004584,CUST-0095,110.38,USD,CASH_PAYMENT,Germany,Germany,luxury_goods,mobile,2025-03-11T09:00,1,0.07,0,1,,0.388,normal
TXN-004585,CUST-0383,2741.77,USD,WIRE,UK,UK,real_estate,branch,2025-08-15T21:48,1,0.69,0,1,,0.334,normal
TXN-004586,CUST-0092,258.37,USD,CASH_PAYMENT,Germany,India,cash_services,branch,2025-06-14T17:13,2,0.06,0,1,,0.608,review
TXN-004587,CUST-0412,3153.31,USD,WIRE,Canada,India,investment,web,2025-02-28T05:41,2,0.43,0,0,,0.385,normal
TXN-004588,CUST-0234,18104.29,USD,WIRE,Turkey,Turkey,import_export,mobile,2025-08-13T21:02,3,0.18,0,0,,0.382,normal
TXN-004589,CUST-0146,2344.46,USD,CARD,Switzerland,South Africa,travel,api,2025-02-02T01:26,3,0.06,0,0,,0.624,review
TXN-004590,CUST-0285,3121.21,USD,INTERNATIONAL_REMITTANCE,Canada,Mexico,travel,api,2026-05-07T14:14,3,0.74,0,0,,0.396,normal
TXN-004591,CUST-0155,120.23,USD,CARD,Hong Kong,Hong Kong,consulting,mobile,2025-06-22T00:27,2,0.02,0,0,,0.293,normal
TXN-004592,CUST-0389,15915.03,USD,ACH,Turkey,Turkey,travel,branch,2026-04-27T11:17,3,0.19,0,0,,0.464,review
TXN-004593,CUST-0038,5901814.18,USD,INTERNATIONAL_REMITTANCE,South Africa,Brazil,cash_services,branch,2025-08-15T15:24,3,36.54,1,1,R-003 customer behavior deviation,0.915,suspicious
TXN-004594,CUST-0219,131.12,USD,INTERNATIONAL_REMITTANCE,China,UK,investment,branch,2025-03-30T01:07,1,0.15,1,0,,0.319,normal
TXN-004595,CUST-0243,2027.04,USD,CARD,UAE,UAE,cash_services,web,2025-01-05T15:56,2,0.26,0,0,,0.375,normal
TXN-004596,CUST-0334,781.41,USD,WIRE,UAE,Cyprus,charity,web,2026-01-01T15:55,3,0.14,0,0,,0.367,normal
TXN-004597,CUST-0032,74.24,USD,WIRE,India,India,consulting,web,2026-01-17T20:33,2,0.09,0,0,,0.25,normal
TXN-004598,CUST-0205,2792.42,USD,WIRE,Hong Kong,Hong Kong,charity,advisor,2025-05-24T23:54,2,0.44,0,0,,0.356,normal
TXN-004599,CUST-0331,32334.1,USD,CHECK,Germany,Germany,real_estate,api,2025-07-09T18:12,1,0.66,0,0,,0.281,normal
TXN-004600,CUST-0494,203.74,USD,ACH,Cyprus,Mexico,charity,branch,2025-11-17T16:48,3,0.04,0,0,,0.387,normal
TXN-004601,CUST-0035,1617.03,USD,ACH,USA,Brazil,investment,branch,2026-05-03T16:06,3,0.2,0,0,,0.468,review
TXN-004602,CUST-0164,1126.2,USD,INTERNATIONAL_REMITTANCE,Singapore,Singapore,investment,api,2026-03-29T00:03,1,0.14,0,0,,0.376,normal
TXN-004603,CUST-0291,416296.0,USD,WIRE,Mexico,British Virgin Islands,real_estate,api,2026-03-18T17:15,4,73.34,1,0,R-002 high-risk jurisdiction|R-003 customer behavior deviation,0.888,suspicious
TXN-004604,CUST-0385,54.94,USD,CHECK,Cyprus,South Africa,investment,branch,2025-05-18T04:07,3,0.05,0,0,,0.345,normal
TXN-004605,CUST-0348,25672.92,USD,CARD,UAE,Switzerland,investment,mobile,2025-06-18T07:39,2,0.06,0,0,,0.384,normal
TXN-004606,CUST-0100,333.0,USD,CHECK,India,India,import_export,web,2026-01-15T10:50,2,0.04,0,0,,0.231,normal
TXN-004607,CUST-0105,3467109.7,USD,WIRE,Mexico,Iran,cash_services,api,2026-03-14T11:45,5,71.32,1,0,R-002 high-risk jurisdiction|R-003 customer behavior deviation,0.99,suspicious
TXN-004608,CUST-0184,321151.68,USD,WIRE,Turkey,Cayman Islands,luxury_goods,branch,2025-05-12T18:56,4,74.78,1,1,R-002 high-risk jurisdiction|R-003 customer behavior deviation,0.99,suspicious
TXN-004609,CUST-0457,22495.05,USD,ACH,Germany,Germany,travel,branch,2025-07-27T05:55,1,0.15,0,0,,0.192,normal
TXN-004610,CUST-0338,592.14,USD,WIRE,Switzerland,Switzerland,import_export,branch,2026-03-30T20:28,2,0.6,0,0,,0.319,normal
TXN-004611,CUST-0230,42890.77,USD,INTERNATIONAL_REMITTANCE,South Africa,Panama,charity,advisor,2025-06-25T17:34,4,6.34,1,1,R-002 high-risk jurisdiction,0.785,suspicious
TXN-004612,CUST-0368,418.36,USD,ACH,Singapore,Singapore,real_estate,branch,2026-03-25T21:36,1,0.22,0,0,,0.246,normal
TXN-004613,CUST-0413,215.47,USD,ACH,USA,UK,electronics,api,2025-02-26T16:31,1,0.11,1,0,,0.58,review
TXN-004614,CUST-0185,34019.53,USD,ACH,Singapore,Singapore,electronics,branch,2025-11-29T23:58,1,0.17,0,0,,0.438,normal
TXN-004615,CUST-0068,17071.87,USD,WIRE,UAE,UAE,real_estate,advisor,2025-09-03T18:16,2,0.13,0,0,,0.3,normal
TXN-004616,CUST-0429,1042.58,USD,CARD,Switzerland,Switzerland,consulting,web,2025-05-21T02:05,2,0.12,0,0,,0.25,normal
TXN-004617,CUST-0265,7821.86,USD,CARD,Switzerland,Mexico,real_estate,api,2025-06-10T14:54,3,1.05,0,0,,0.368,normal
TXN-004618,CUST-0350,24725.65,USD,ACH,Cyprus,Cyprus,luxury_goods,mobile,2025-01-05T15:57,3,0.16,0,0,,0.468,review
TXN-004619,CUST-0105,12108.69,USD,WIRE,Mexico,Canada,electronics,mobile,2025-09-26T20:47,1,0.25,0,0,,0.218,normal
TXN-004620,CUST-0070,15000000,USD,INTERNATIONAL_REMITTANCE,South Africa,Brazil,unknown,branch,2025-06-08T18:15,3,43.13,1,1,R-003 customer behavior deviation|R-005 opaque merchant category,0.946,suspicious
TXN-004621,CUST-0330,32495.29,USD,CHECK,USA,Canada,luxury_goods,advisor,2025-06-21T04:35,1,0.13,0,0,,0.182,normal
TXN-004622,CUST-0234,597790.0,USD,WIRE,Brazil,South Africa,cash_services,advisor,2025-07-02T14:14,3,5.79,1,0,,0.588,review
TXN-004623,CUST-0129,24181.51,USD,CASH_PAYMENT,Canada,Iran,charity,branch,2025-05-17T19:54,5,20.61,1,1,R-002 high-risk jurisdiction|R-003 customer behavior deviation,0.99,suspicious
TXN-004624,CUST-0100,881.44,USD,INTERNATIONAL_REMITTANCE,India,Brazil,import_export,advisor,2025-08-10T21:50,3,0.11,0,0,,0.414,normal
TXN-004625,CUST-0039,420.66,USD,ACH,Hong Kong,Hong Kong,real_estate,branch,2025-10-26T12:55,2,0.13,0,0,,0.32,normal
TXN-004626,CUST-0124,340.14,USD,CHECK,Switzerland,UAE,real_estate,api,2025-02-09T07:21,2,0.07,0,0,,0.331,normal
TXN-004627,CUST-0015,635.89,USD,INTERNATIONAL_REMITTANCE,Hong Kong,Hong Kong,luxury_goods,advisor,2025-10-14T07:01,2,0.24,0,0,,0.253,normal
TXN-004628,CUST-0247,1364.67,USD,CHECK,UAE,UAE,consulting,web,2025-10-04T08:38,2,0.16,0,0,,0.486,review
TXN-004629,CUST-0234,5245.47,USD,CRYPTO_TRANSFER,Brazil,Brazil,consulting,web,2025-04-05T22:03,3,0.05,0,1,,0.602,review
TXN-004630,CUST-0097,36609.03,USD,INTERNATIONAL_REMITTANCE,Singapore,France,charity,api,2025-07-16T18:57,1,0.26,1,0,,0.508,review
TXN-004631,CUST-0023,1599.82,USD,WIRE,Hong Kong,UAE,travel,api,2025-03-07T21:17,2,0.19,0,0,,0.307,normal
TXN-004632,CUST-0275,86.1,USD,CARD,Brazil,Canada,consulting,branch,2025-05-22T14:14,1,0.05,1,0,,0.547,review
TXN-004633,CUST-0350,38302.2,USD,ACH,UAE,Cyprus,electronics,web,2025-01-24T23:58,3,0.25,0,0,,0.357,normal
TXN-004634,CUST-0055,1422.77,USD,CARD,UK,Switzerland,charity,api,2026-03-11T00:09,2,0.23,0,0,,0.334,normal
TXN-004635,CUST-0225,1095.7,USD,CARD,France,UK,investment,web,2025-05-25T13:18,1,0.18,0,0,,0.225,normal
TXN-004636,CUST-0260,617.63,USD,CARD,UAE,Cyprus,cash_services,branch,2025-07-05T00:50,3,0.34,1,0,,0.447,normal
TXN-004637,CUST-0341,1002.25,USD,WIRE,Mexico,Germany,travel,branch,2025-04-10T17:46,1,0.15,0,1,,0.282,normal
TXN-004638,CUST-0475,286940.33,USD,CRYPTO_TRANSFER,Hong Kong,China,charity,branch,2025-09-15T22:56,3,50.8,1,1,R-003 customer behavior deviation|R-004 large crypto transfer|R-005 opaque merchant category,0.951,suspicious
TXN-004639,CUST-0462,1448292.54,USD,WIRE,Brazil,Brazil,luxury_goods,branch,2025-05-10T07:37,3,52.03,0,0,R-003 customer behavior deviation,0.834,suspicious
TXN-004640,CUST-0198,4047.57,USD,ACH,Canada,Mexico,charity,branch,2025-07-13T16:10,3,0.81,0,0,,0.466,review
TXN-004641,CUST-0304,1028.34,USD,CARD,Switzerland,Switzerland,cash_services,web,2025-09-14T08:26,2,0.38,0,0,,0.338,normal
TXN-004642,CUST-0113,2830.23,USD,ACH,UK,Germany,travel,api,2025-02-21T17:01,1,0.06,0,0,,0.298,normal
TXN-004643,CUST-0474,804.06,USD,CRYPTO_TRANSFER,France,France,investment,mobile,2026-02-21T17:18,1,0.13,0,1,,0.451,review
TXN-004644,CUST-0357,415461.04,USD,CRYPTO_TRANSFER,Hong Kong,Cayman Islands,real_estate,api,2025-05-24T03:44,4,72.39,1,1,R-002 high-risk jurisdiction|R-003 customer behavior deviation|R-004 large crypto transfer,0.99,suspicious
TXN-004645,CUST-0088,3578.92,USD,CHECK,Singapore,India,investment,mobile,2025-10-29T16:43,2,0.5,0,0,,0.296,normal
TXN-004646,CUST-0317,1137.74,USD,INTERNATIONAL_REMITTANCE,South Africa,South Africa,travel,web,2025-05-19T20:16,3,0.25,0,0,,0.492,review
TXN-004647,CUST-0140,900.71,USD,INTERNATIONAL_REMITTANCE,Turkey,Turkey,charity,mobile,2026-05-15T08:39,3,0.5,0,0,,0.38,normal
TXN-004648,CUST-0104,560.98,USD,ACH,Hong Kong,Hong Kong,charity,branch,2026-05-16T02:36,2,0.14,0,0,,0.25,normal
TXN-004649,CUST-0466,803.45,USD,INTERNATIONAL_REMITTANCE,Hong Kong,Hong Kong,electronics,advisor,2026-04-12T12:00,2,0.13,0,0,,0.34,normal
TXN-004650,CUST-0018,210.34,USD,CARD,Turkey,Mexico,travel,mobile,2025-03-27T21:34,3,0.03,0,1,,0.48,review
TXN-004651,CUST-0191,602.67,USD,CARD,Mexico,Mexico,consulting,mobile,2025-02-09T07:57,3,0.07,0,0,,0.448,normal
TXN-004652,CUST-0421,15356.45,USD,ACH,France,France,luxury_goods,mobile,2026-02-01T01:20,1,0.22,0,0,,0.265,normal
TXN-004653,CUST-0204,247514.33,USD,CHECK,Mexico,Mexico,investment,api,2026-02-18T09:41,3,0.72,0,0,,0.602,review
TXN-004654,CUST-0277,1238.58,USD,WIRE,Singapore,France,real_estate,advisor,2025-11-16T19:25,1,0.06,0,0,,0.31,normal
TXN-004655,CUST-0294,14200.08,USD,WIRE,Cyprus,Canada,cash_services,mobile,2025-04-08T04:23,1,0.07,0,0,,0.286,normal
TXN-004656,CUST-0199,1703.16,USD,WIRE,UAE,Canada,electronics,branch,2026-02-04T06:43,1,0.04,0,0,,0.261,normal
TXN-004657,CUST-0122,224.87,USD,CRYPTO_TRANSFER,India,Canada,electronics,branch,2026-03-01T23:57,1,0.04,0,1,,0.522,review
TXN-004658,CUST-0421,9779.4,USD,CARD,South Africa,South Africa,cash_services,advisor,2025-08-10T19:57,3,0.14,0,0,,0.31,normal
TXN-004659,CUST-0270,222809.41,USD,CRYPTO_TRANSFER,UK,Panama,charity,web,2025-01-21T00:26,4,28.95,1,1,R-002 high-risk jurisdiction|R-003 customer behavior deviation|R-005 opaque merchant category,0.99,suspicious
TXN-004660,CUST-0259,686.5,USD,CHECK,Switzerland,Singapore,cash_services,web,2025-03-02T00:43,1,0.23,0,0,,0.297,normal
TXN-004661,CUST-0109,17006.2,USD,INTERNATIONAL_REMITTANCE,Brazil,Brazil,consulting,web,2025-09-15T04:56,3,0.19,0,0,,0.411,normal
TXN-004662,CUST-0216,30499.11,USD,CASH_PAYMENT,Canada,Cayman Islands,charity,advisor,2026-03-07T19:04,4,7.83,1,1,R-002 high-risk jurisdiction,0.94,suspicious
TXN-004663,CUST-0486,1346.58,USD,WIRE,France,Canada,real_estate,web,2026-04-14T14:09,1,0.18,0,0,,0.254,normal
TXN-004664,CUST-0436,1040.57,USD,WIRE,Hong Kong,Mexico,cash_services,branch,2026-03-03T22:58,3,0.16,0,0,,0.336,normal
TXN-004665,CUST-0466,1799.6,USD,WIRE,Singapore,Turkey,consulting,advisor,2025-03-10T07:19,3,0.28,0,0,,0.369,normal
TXN-004666,CUST-0381,32047.9,USD,CHECK,UAE,Brazil,charity,mobile,2026-02-24T04:20,3,0.5,0,0,,0.468,review
TXN-004667,CUST-0235,10791.58,USD,INTERNATIONAL_REMITTANCE,China,India,charity,advisor,2025-09-11T22:43,2,0.11,0,0,,0.39,normal
TXN-004668,CUST-0383,505.5,USD,INTERNATIONAL_REMITTANCE,South Africa,South Africa,charity,api,2025-03-25T05:11,3,0.13,0,0,,0.471,review
TXN-004669,CUST-0337,524.28,USD,WIRE,South Africa,South Africa,real_estate,branch,2026-02-08T17:31,3,0.13,0,0,,0.405,normal
TXN-004670,CUST-0280,58591.7,USD,INTERNATIONAL_REMITTANCE,UK,Turkey,charity,web,2026-04-23T07:55,3,17.21,1,1,R-003 customer behavior deviation,0.964,suspicious
TXN-004671,CUST-0438,55911.68,USD,ACH,Cyprus,UAE,charity,mobile,2026-04-11T04:28,2,0.42,0,0,,0.253,normal
TXN-004672,CUST-0155,83716.06,USD,WIRE,China,Russia,charity,web,2025-07-05T13:00,5,15.34,1,0,R-002 high-risk jurisdiction|R-003 customer behavior deviation,0.962,suspicious
TXN-004673,CUST-0402,953.09,USD,WIRE,UAE,UAE,real_estate,web,2025-05-13T08:07,2,0.14,0,0,,0.281,normal
TXN-004674,CUST-0064,163284.73,USD,CRYPTO_TRANSFER,Hong Kong,China,charity,branch,2025-02-21T14:51,3,31.45,1,1,R-003 customer behavior deviation|R-005 opaque merchant category,0.99,suspicious
TXN-004675,CUST-0134,114.69,USD,WIRE,Brazil,Brazil,real_estate,branch,2026-02-28T14:28,3,0.05,0,0,,0.356,normal
TXN-004676,CUST-0366,5098.36,USD,CRYPTO_TRANSFER,Mexico,Switzerland,cash_services,web,2025-08-06T10:18,2,0.08,1,1,,0.653,review
TXN-004677,CUST-0289,136792.33,USD,CASH_PAYMENT,USA,China,unknown,web,2025-08-31T15:31,3,41.81,1,1,R-003 customer behavior deviation|R-005 opaque merchant category,0.99,suspicious
TXN-004678,CUST-0211,40135.93,USD,CHECK,India,India,consulting,web,2025-12-09T19:03,2,0.18,0,0,,0.598,review
TXN-004679,CUST-0021,152488.59,USD,INTERNATIONAL_REMITTANCE,China,Russia,consulting,web,2026-05-12T23:00,5,21.28,1,1,R-002 high-risk jurisdiction|R-003 customer behavior deviation|R-005 opaque merchant category,0.99,suspicious
TXN-004680,CUST-0121,461.36,USD,CARD,UAE,Germany,travel,mobile,2025-02-04T22:22,1,0.23,0,0,,0.192,normal
TXN-004681,CUST-0032,119.24,USD,WIRE,South Africa,South Africa,charity,branch,2025-05-18T06:30,3,0.14,0,0,,0.335,normal
TXN-004682,CUST-0472,796.62,USD,CARD,India,India,charity,web,2025-05-07T17:09,2,0.12,0,0,,0.306,normal
TXN-004683,CUST-0032,179.09,USD,INTERNATIONAL_REMITTANCE,South Africa,India,import_export,branch,2025-01-27T13:06,2,0.22,0,0,,0.256,normal
TXN-004684,CUST-0306,280.23,USD,WIRE,Germany,Brazil,electronics,web,2025-11-22T20:53,3,0.05,0,0,,0.404,normal
TXN-004685,CUST-0494,459015.48,USD,INTERNATIONAL_REMITTANCE,UAE,Iran,luxury_goods,api,2025-06-28T02:54,5,78.95,1,1,R-002 high-risk jurisdiction|R-003 customer behavior deviation,0.99,suspicious
TXN-004686,CUST-0206,73076.02,USD,CHECK,Turkey,South Africa,travel,branch,2025-05-01T18:56,3,0.44,0,0,,0.431,normal
TXN-004687,CUST-0483,1329.16,USD,WIRE,South Africa,South Africa,travel,web,2025-07-28T21:44,3,0.2,0,0,,0.415,normal
TXN-004688,CUST-0413,324.53,USD,ACH,USA,USA,consulting,web,2026-04-30T06:36,1,0.16,0,0,,0.459,review
TXN-004689,CUST-0335,10851.6,USD,CASH_PAYMENT,Cyprus,Cyprus,investment,mobile,2025-01-17T15:12,3,0.06,0,1,,0.529,review
TXN-004690,CUST-0122,657.6,USD,CARD,Mexico,Mexico,investment,api,2026-01-01T20:41,3,0.13,0,0,,0.412,normal
TXN-004691,CUST-0460,902.78,USD,CARD,Canada,Germany,charity,advisor,2025-05-18T20:55,1,0.15,0,0,,0.254,normal
TXN-004692,CUST-0035,1052.01,USD,ACH,Brazil,USA,luxury_goods,api,2026-04-29T11:04,1,0.13,0,0,,0.33,normal
TXN-004693,CUST-0171,216.5,USD,CARD,Mexico,Germany,investment,advisor,2025-07-16T00:51,1,0.05,0,0,,0.212,normal
TXN-004694,CUST-0120,8372.35,USD,CHECK,France,France,real_estate,mobile,2026-04-21T06:44,1,0.19,0,1,,0.294,normal
TXN-004695,CUST-0103,1346.34,USD,INTERNATIONAL_REMITTANCE,Brazil,Canada,consulting,api,2025-05-17T12:46,1,0.28,0,0,,0.224,normal
TXN-004696,CUST-0049,1501.85,USD,INTERNATIONAL_REMITTANCE,Germany,Nigeria,real_estate,advisor,2026-05-15T20:53,4,0.2,1,0,R-002 high-risk jurisdiction,0.525,review
TXN-004697,CUST-0212,1337.44,USD,WIRE,France,UAE,investment,advisor,2025-01-09T22:50,2,0.21,0,0,,0.321,normal
TXN-004698,CUST-0278,34.93,USD,WIRE,UK,Singapore,import_export,advisor,2026-05-02T05:02,1,0.07,0,0,,0.175,normal
TXN-004699,CUST-0282,15816.03,USD,WIRE,Singapore,Canada,travel,api,2026-02-05T00:37,1,0.23,0,0,,0.309,normal
TXN-004700,CUST-0338,75122.38,USD,INTERNATIONAL_REMITTANCE,Switzerland,Russia,real_estate,advisor,2025-06-05T22:01,5,76.57,1,1,R-002 high-risk jurisdiction|R-003 customer behavior deviation,0.99,suspicious
TXN-004701,CUST-0334,1209.34,USD,CARD,UAE,UAE,electronics,web,2025-03-10T11:20,2,0.21,0,0,,0.298,normal
TXN-004702,CUST-0298,629.97,USD,CHECK,Singapore,Switzerland,electronics,mobile,2026-02-07T09:22,2,0.07,0,0,,0.36,normal
TXN-004703,CUST-0078,17385.58,USD,INTERNATIONAL_REMITTANCE,China,Brazil,import_export,api,2025-11-07T09:21,3,0.17,0,0,,0.452,review
TXN-004704,CUST-0277,560641.35,USD,INTERNATIONAL_REMITTANCE,Switzerland,Iran,consulting,web,2026-02-24T01:27,5,28.37,1,1,R-002 high-risk jurisdiction|R-003 customer behavior deviation|R-005 opaque merchant category,0.99,suspicious
TXN-004705,CUST-0333,300606.08,USD,CASH_PAYMENT,Hong Kong,British Virgin Islands,luxury_goods,advisor,2025-03-05T03:36,4,71.93,1,1,R-002 high-risk jurisdiction|R-003 customer behavior deviation,0.99,suspicious
TXN-004706,CUST-0497,1431.16,USD,CHECK,UK,Singapore,luxury_goods,api,2025-11-19T23:46,1,0.28,0,0,,0.177,normal
TXN-004707,CUST-0397,2515.33,USD,CARD,India,USA,travel,advisor,2025-02-25T20:07,1,0.32,0,0,,0.202,normal
TXN-004708,CUST-0279,7554.14,USD,CRYPTO_TRANSFER,South Africa,South Africa,charity,mobile,2025-02-10T12:22,3,0.09,0,1,,0.661,review
TXN-004709,CUST-0160,465.07,USD,ACH,Hong Kong,Brazil,investment,mobile,2025-12-05T01:12,3,0.73,0,0,,0.349,normal
TXN-004710,CUST-0118,1808.46,USD,CRYPTO_TRANSFER,Hong Kong,Hong Kong,real_estate,web,2026-03-03T20:23,2,0.37,0,1,,0.472,review
TXN-004711,CUST-0289,479.93,USD,ACH,Mexico,USA,real_estate,web,2026-05-09T18:00,1,0.15,0,0,,0.19,normal
TXN-004712,CUST-0427,577.83,USD,INTERNATIONAL_REMITTANCE,UK,Hong Kong,import_export,advisor,2025-02-01T14:16,2,0.15,0,0,,0.287,normal
TXN-004713,CUST-0307,55053.37,USD,ACH,Brazil,India,luxury_goods,api,2026-04-22T00:41,2,0.18,0,0,,0.558,review
TXN-004714,CUST-0213,665.99,USD,CARD,Singapore,Singapore,cash_services,branch,2025-03-18T02:31,1,0.11,0,0,,0.216,normal
TXN-004715,CUST-0426,122385.98,USD,CARD,Brazil,Hong Kong,electronics,web,2026-03-29T12:38,2,0.58,1,0,,0.395,normal
TXN-004716,CUST-0500,9076.55,USD,CARD,China,Hong Kong,travel,api,2025-12-12T20:50,2,0.07,0,0,,0.372,normal
TXN-004717,CUST-0476,4024.35,USD,CARD,Hong Kong,UK,electronics,advisor,2026-03-29T09:31,1,0.93,0,0,,0.296,normal
TXN-004718,CUST-0462,13814.72,USD,CHECK,UAE,UAE,consulting,web,2025-03-22T19:51,2,0.5,0,0,,0.356,normal
TXN-004719,CUST-0409,1649.08,USD,CARD,Turkey,Turkey,travel,advisor,2025-01-19T01:41,3,0.23,0,0,,0.334,normal
TXN-004720,CUST-0011,1229.16,USD,CHECK,Mexico,UK,real_estate,api,2026-05-03T11:18,1,0.29,0,0,,0.21,normal
TXN-004721,CUST-0291,156398.94,USD,CRYPTO_TRANSFER,Mexico,Russia,consulting,advisor,2025-08-26T13:07,5,27.55,1,1,R-002 high-risk jurisdiction|R-003 customer behavior deviation|R-005 opaque merchant category,0.99,suspicious
TXN-004722,CUST-0348,139674.55,USD,CHECK,Switzerland,UAE,luxury_goods,api,2026-03-05T20:07,2,0.32,0,0,,0.388,normal
TXN-004723,CUST-0015,136.03,USD,INTERNATIONAL_REMITTANCE,Singapore,Singapore,investment,branch,2025-11-07T20:25,1,0.05,0,0,,0.235,normal
TXN-004724,CUST-0056,4054.46,USD,ACH,UAE,Cyprus,charity,branch,2025-02-19T00:00,3,0.51,1,0,,0.467,review
TXN-004725,CUST-0168,288.09,USD,ACH,Switzerland,India,investment,mobile,2026-01-03T11:39,2,0.05,0,0,,0.305,normal
TXN-004726,CUST-0298,1372.31,USD,CARD,Germany,Mexico,charity,web,2026-01-07T09:24,3,0.16,1,0,,0.643,review
TXN-004727,CUST-0280,753.89,USD,CHECK,UK,UK,electronics,mobile,2025-08-27T23:16,1,0.22,0,0,,0.3,normal
TXN-004728,CUST-0177,8654.02,USD,CARD,Hong Kong,UK,electronics,mobile,2025-07-30T02:10,1,1.63,0,0,,0.185,normal
TXN-004729,CUST-0429,323.52,USD,CHECK,Switzerland,Cyprus,investment,branch,2026-04-24T04:38,3,0.04,0,0,,0.425,normal
TXN-004730,CUST-0444,3858.96,USD,ACH,Turkey,Brazil,consulting,branch,2025-04-01T12:43,3,0.22,0,0,,0.578,review
TXN-004731,CUST-0318,1652936.56,USD,INTERNATIONAL_REMITTANCE,China,Cyprus,consulting,api,2025-05-09T00:19,3,39.46,1,0,R-003 customer behavior deviation|R-005 opaque merchant category,0.844,suspicious
TXN-004732,CUST-0472,558.76,USD,CHECK,Germany,Germany,luxury_goods,advisor,2026-02-15T05:27,1,0.08,0,0,,0.204,normal
TXN-004733,CUST-0170,6922.0,USD,WIRE,USA,USA,investment,mobile,2025-03-11T05:31,1,0.06,0,0,,0.589,review
TXN-004734,CUST-0382,185.77,USD,CASH_PAYMENT,Turkey,Cyprus,luxury_goods,branch,2025-10-20T10:11,3,0.08,1,1,,0.601,review
TXN-004735,CUST-0340,3351643.72,USD,CASH_PAYMENT,Switzerland,Panama,luxury_goods,api,2025-08-15T16:28,4,63.68,1,1,R-002 high-risk jurisdiction|R-003 customer behavior deviation,0.99,suspicious
TXN-004736,CUST-0134,1444.15,USD,INTERNATIONAL_REMITTANCE,Mexico,UAE,real_estate,web,2025-01-04T20:09,2,0.66,1,0,,0.415,normal
TXN-004737,CUST-0454,141491.86,USD,ACH,Mexico,UAE,cash_services,advisor,2025-08-01T04:52,2,0.2,0,0,,0.457,review
TXN-004738,CUST-0242,1852.16,USD,CHECK,China,France,real_estate,mobile,2026-04-04T16:34,1,0.49,0,0,,0.456,review
TXN-004739,CUST-0090,2382864.93,USD,CRYPTO_TRANSFER,Singapore,Russia,unknown,advisor,2026-01-01T01:53,5,54.8,1,1,R-002 high-risk jurisdiction|R-003 customer behavior deviation|R-004 large crypto transfer|R-005 opaque merchant category,0.99,suspicious
TXN-004740,CUST-0263,25709.74,USD,CRYPTO_TRANSFER,Germany,Germany,cash_services,web,2025-04-08T23:04,1,0.49,0,1,,0.439,normal
TXN-004741,CUST-0263,8162.19,USD,INTERNATIONAL_REMITTANCE,Germany,France,luxury_goods,advisor,2025-10-15T13:03,1,0.16,0,0,,0.191,normal
TXN-004742,CUST-0164,3331.85,USD,CARD,Cyprus,France,electronics,web,2025-04-14T14:20,1,0.42,1,0,,0.512,review
TXN-004743,CUST-0113,9715.04,USD,CARD,UK,UK,electronics,web,2026-05-15T10:09,1,0.2,0,0,,0.227,normal
TXN-004744,CUST-0069,9058.63,USD,ACH,China,UAE,cash_services,branch,2025-10-04T08:40,2,1.16,0,0,,0.307,normal
TXN-004745,CUST-0164,1787.19,USD,CARD,Germany,Hong Kong,charity,api,2025-02-12T08:09,2,0.23,0,0,,0.431,normal
TXN-004746,CUST-0156,217077.63,USD,CRYPTO_TRANSFER,Turkey,Mexico,charity,web,2025-07-18T05:52,3,78.99,1,1,R-003 customer behavior deviation|R-005 opaque merchant category,0.99,suspicious
TXN-004747,CUST-0049,2881.53,USD,WIRE,Switzerland,Canada,investment,mobile,2025-04-28T14:21,1,0.38,0,0,,0.202,normal
TXN-004748,CUST-0409,1552.91,USD,INTERNATIONAL_REMITTANCE,Cyprus,Turkey,cash_services,advisor,2025-07-14T05:54,3,0.21,0,0,,0.371,normal
TXN-004749,CUST-0251,6338748.1,USD,CRYPTO_TRANSFER,Turkey,Mexico,real_estate,advisor,2025-10-25T16:49,3,28.02,1,1,R-003 customer behavior deviation|R-004 large crypto transfer,0.99,suspicious
TXN-004750,CUST-0228,374.98,USD,INTERNATIONAL_REMITTANCE,Turkey,Germany,cash_services,advisor,2026-05-06T00:38,1,0.14,1,0,,0.349,normal
TXN-004751,CUST-0207,193.47,USD,CARD,USA,Canada,luxury_goods,advisor,2025-03-15T14:43,1,0.16,0,0,,0.206,normal
TXN-004752,CUST-0213,2704.52,USD,CHECK,South Africa,Germany,luxury_goods,branch,2025-07-28T03:36,1,0.43,0,0,,0.178,normal
TXN-004753,CUST-0194,7500.64,USD,CHECK,UK,Singapore,real_estate,api,2025-12-20T12:31,1,0.16,0,0,,0.37,normal
TXN-004754,CUST-0440,15825.9,USD,ACH,USA,South Africa,travel,mobile,2025-09-17T07:58,3,0.25,1,0,,0.475,review
TXN-004755,CUST-0289,161.99,USD,ACH,USA,Turkey,luxury_goods,web,2025-06-11T02:18,3,0.05,0,0,,0.304,normal
TXN-004756,CUST-0374,517045.32,USD,CASH_PAYMENT,UAE,Cayman Islands,real_estate,branch,2025-09-28T05:09,4,73.51,1,1,R-002 high-risk jurisdiction|R-003 customer behavior deviation,0.99,suspicious
TXN-004757,CUST-0162,23773.4,USD,INTERNATIONAL_REMITTANCE,France,Turkey,cash_services,api,2026-04-26T05:21,3,0.35,0,0,,0.392,normal
TXN-004758,CUST-0434,35000.0,USD,CARD,Canada,Mexico,travel,mobile,2025-09-06T23:02,3,0.46,0,0,,0.414,normal
TXN-004759,CUST-0138,58440.63,USD,CHECK,Mexico,Switzerland,consulting,advisor,2025-08-11T00:57,2,0.25,0,0,,0.356,normal
TXN-004760,CUST-0197,166.23,USD,CARD,USA,Hong Kong,consulting,mobile,2025-03-02T06:54,2,0.28,0,0,,0.356,normal
TXN-004761,CUST-0182,637.26,USD,INTERNATIONAL_REMITTANCE,Singapore,Singapore,travel,api,2025-12-18T00:02,1,0.07,0,0,,0.292,normal
TXN-004762,CUST-0329,5429.69,USD,CHECK,Turkey,Turkey,consulting,web,2025-03-20T06:18,3,0.03,0,0,,0.409,normal
TXN-004763,CUST-0006,948.45,USD,INTERNATIONAL_REMITTANCE,Switzerland,Switzerland,electronics,branch,2025-09-22T06:59,2,0.16,0,1,,0.417,normal
TXN-004764,CUST-0417,127139.42,USD,ACH,France,Canada,charity,mobile,2025-08-30T21:47,1,0.27,0,0,R-005 opaque merchant category,0.295,normal
TXN-004765,CUST-0023,1175.3,USD,CASH_PAYMENT,UAE,UAE,import_export,web,2025-09-11T20:50,2,0.14,0,1,,0.456,review
TXN-004766,CUST-0068,131745.62,USD,INTERNATIONAL_REMITTANCE,Hong Kong,UAE,investment,web,2025-06-19T16:47,2,1.01,0,1,,0.495,review
TXN-004767,CUST-0133,8443.18,USD,WIRE,Switzerland,China,electronics,advisor,2025-03-27T09:24,3,0.13,0,0,,0.461,review
TXN-004768,CUST-0032,264.17,USD,ACH,South Africa,India,investment,api,2025-11-24T06:02,2,0.32,0,0,,0.319,normal
TXN-004769,CUST-0078,49440.76,USD,INTERNATIONAL_REMITTANCE,China,Brazil,electronics,api,2025-06-04T07:49,3,0.47,0,0,,0.452,review
TXN-004770,CUST-0462,1869.75,USD,WIRE,Brazil,Canada,import_export,web,2025-02-22T10:11,1,0.07,0,0,,0.284,normal
TXN-004771,CUST-0078,109523.88,USD,WIRE,Brazil,Cyprus,cash_services,web,2025-02-16T05:49,3,1.05,0,0,,0.47,review
TXN-004772,CUST-0366,10021.05,USD,CASH_PAYMENT,Singapore,Mexico,electronics,advisor,2025-06-01T22:30,3,0.15,0,1,,0.528,review
TXN-004773,CUST-0459,6616.14,USD,CHECK,USA,Singapore,travel,web,2025-09-04T03:26,1,0.08,0,0,,0.188,normal
TXN-004774,CUST-0240,85247.03,USD,CASH_PAYMENT,France,Cayman Islands,real_estate,web,2025-03-19T11:27,4,23.52,1,1,R-002 high-risk jurisdiction|R-003 customer behavior deviation,0.99,suspicious
TXN-004775,CUST-0299,516.25,USD,WIRE,Turkey,South Africa,electronics,mobile,2025-07-26T23:47,3,0.09,0,1,,0.376,normal
TXN-004776,CUST-0337,213518.36,USD,INTERNATIONAL_REMITTANCE,Hong Kong,Turkey,luxury_goods,advisor,2025-12-29T05:11,3,52.74,1,0,R-003 customer behavior deviation,0.86,suspicious
TXN-004777,CUST-0170,45744.36,USD,CARD,France,France,travel,branch,2026-03-23T08:40,1,0.39,0,0,,0.576,review
TXN-004778,CUST-0238,2358.13,USD,ACH,UAE,Singapore,travel,web,2026-03-24T17:47,1,0.39,0,0,,0.237,normal
TXN-004779,CUST-0209,31.83,USD,INTERNATIONAL_REMITTANCE,Hong Kong,Mexico,travel,advisor,2025-07-14T00:56,3,0.03,0,0,,0.346,normal
TXN-004780,CUST-0449,153203.69,USD,WIRE,France,South Africa,real_estate,api,2025-05-22T03:12,3,67.87,1,0,R-003 customer behavior deviation,0.937,suspicious
TXN-004781,CUST-0249,41834.73,USD,CASH_PAYMENT,Cyprus,Cayman Islands,charity,web,2025-02-09T10:20,4,70.14,1,1,R-002 high-risk jurisdiction|R-003 customer behavior deviation,0.99,suspicious
TXN-004782,CUST-0274,719.32,USD,WIRE,Turkey,Turkey,travel,advisor,2025-12-27T21:36,3,0.08,0,0,,0.445,normal
TXN-004783,CUST-0229,753.64,USD,WIRE,South Africa,France,electronics,web,2025-09-26T23:52,1,0.29,0,0,,0.219,normal
TXN-004784,CUST-0442,455.84,USD,INTERNATIONAL_REMITTANCE,China,South Africa,investment,api,2025-04-02T20:59,3,0.2,1,0,,0.519,review
TXN-004785,CUST-0290,1443.5,USD,INTERNATIONAL_REMITTANCE,Mexico,Mexico,charity,branch,2025-05-13T21:25,3,0.21,0,0,,0.423,normal
TXN-004786,CUST-0293,689.54,USD,CRYPTO_TRANSFER,India,India,investment,branch,2025-08-27T23:21,2,0.09,0,1,,0.424,normal
TXN-004787,CUST-0474,226365.45,USD,INTERNATIONAL_REMITTANCE,UK,Turkey,real_estate,web,2025-10-22T23:20,3,35.78,1,1,R-003 customer behavior deviation,0.917,suspicious
TXN-004788,CUST-0214,842.03,USD,CARD,Singapore,Canada,investment,advisor,2025-06-22T04:05,1,0.32,0,0,,0.203,normal
TXN-004789,CUST-0282,4257.48,USD,INTERNATIONAL_REMITTANCE,Canada,Singapore,luxury_goods,mobile,2026-03-06T13:51,1,0.06,0,0,,0.305,normal
TXN-004790,CUST-0069,1002.9,USD,WIRE,China,Switzerland,cash_services,advisor,2025-05-03T07:44,2,0.13,0,0,,0.22,normal
TXN-004791,CUST-0486,224.95,USD,CHECK,Canada,Canada,cash_services,advisor,2025-01-03T14:30,1,0.03,0,0,,0.247,normal
TXN-004792,CUST-0046,408918.89,USD,CASH_PAYMENT,Germany,China,cash_services,branch,2025-03-21T19:13,3,9.54,0,1,,0.786,suspicious
TXN-004793,CUST-0223,73.93,USD,CARD,Brazil,Switzerland,investment,api,2025-05-13T06:55,2,0.02,0,0,,0.375,normal
TXN-004794,CUST-0407,500.16,USD,WIRE,Mexico,Hong Kong,cash_services,web,2025-01-21T11:25,2,0.08,0,0,,0.337,normal
TXN-004795,CUST-0117,724.5,USD,ACH,Cyprus,Switzerland,investment,web,2025-04-17T13:43,2,0.08,0,0,,0.336,normal
TXN-004796,CUST-0491,2235.53,USD,CHECK,Singapore,France,charity,api,2025-12-12T02:43,1,0.32,0,0,,0.296,normal
TXN-004797,CUST-0414,1119.81,USD,CHECK,Cyprus,China,consulting,api,2025-12-28T07:45,3,0.13,0,0,,0.39,normal
TXN-004798,CUST-0014,539.46,USD,CARD,South Africa,UAE,luxury_goods,api,2025-07-28T08:24,2,0.2,0,0,,0.452,review
TXN-004799,CUST-0127,6112957.5,USD,CRYPTO_TRANSFER,Turkey,Russia,consulting,web,2025-02-16T16:11,5,54.41,1,1,R-002 high-risk jurisdiction|R-003 customer behavior deviation|R-004 large crypto transfer|R-005 opaque merchant category,0.99,suspicious
TXN-004800,CUST-0189,306.6,USD,WIRE,Mexico,Mexico,luxury_goods,web,2026-01-28T23:42,3,0.05,0,0,,0.383,normal
TXN-004801,CUST-0298,603.01,USD,INTERNATIONAL_REMITTANCE,Switzerland,Switzerland,cash_services,branch,2026-03-20T21:03,2,0.07,0,0,,0.413,normal
TXN-004802,CUST-0187,51474.78,USD,INTERNATIONAL_REMITTANCE,Germany,Cyprus,charity,advisor,2025-11-01T10:04,3,12.97,1,1,R-003 customer behavior deviation,0.766,suspicious
TXN-004803,CUST-0116,434509.86,USD,INTERNATIONAL_REMITTANCE,Singapore,Turkey,consulting,advisor,2025-05-08T15:53,3,72.66,1,0,R-003 customer behavior deviation|R-005 opaque merchant category,0.93,suspicious
TXN-004804,CUST-0251,8733652.88,USD,CRYPTO_TRANSFER,Singapore,British Virgin Islands,cash_services,api,2025-09-18T12:25,4,38.61,1,1,R-002 high-risk jurisdiction|R-003 customer behavior deviation|R-004 large crypto transfer,0.99,suspicious
TXN-004805,CUST-0015,524.98,USD,WIRE,Hong Kong,Singapore,travel,web,2025-01-30T08:21,1,0.2,0,0,,0.138,normal
TXN-004806,CUST-0366,7426.72,USD,ACH,China,Mexico,cash_services,mobile,2026-04-07T21:17,3,0.11,0,0,,0.361,normal
TXN-004807,CUST-0323,234348.8,USD,CASH_PAYMENT,South Africa,Cayman Islands,real_estate,api,2025-03-25T20:45,4,30.72,1,1,R-002 high-risk jurisdiction|R-003 customer behavior deviation,0.99,suspicious
TXN-004808,CUST-0367,2249.14,USD,CARD,China,China,real_estate,advisor,2025-08-11T14:48,3,0.98,0,0,,0.403,normal
TXN-004809,CUST-0440,50225.03,USD,ACH,USA,USA,import_export,api,2025-08-18T01:25,1,0.8,0,0,,0.188,normal
TXN-004810,CUST-0075,188157.39,USD,WIRE,Brazil,Cayman Islands,consulting,advisor,2026-02-12T01:25,4,36.24,1,0,R-002 high-risk jurisdiction|R-003 customer behavior deviation|R-005 opaque merchant category,0.871,suspicious
TXN-004811,CUST-0163,42.02,USD,CASH_PAYMENT,China,UAE,cash_services,mobile,2025-06-02T21:39,2,0.03,0,1,,0.425,normal
TXN-004812,CUST-0352,12501.4,USD,CHECK,UAE,China,cash_services,web,2025-12-01T09:33,3,0.13,1,0,,0.532,review
TXN-004813,CUST-0300,1520.31,USD,WIRE,Germany,Germany,luxury_goods,web,2025-11-24T14:02,1,0.24,0,0,,0.27,normal
TXN-004814,CUST-0033,1435.33,USD,CARD,Switzerland,Switzerland,luxury_goods,api,2025-01-21T11:01,2,0.18,0,0,,0.39,normal
TXN-004815,CUST-0258,2760.96,USD,INTERNATIONAL_REMITTANCE,UAE,France,consulting,mobile,2025-08-24T23:20,1,0.4,0,0,,0.276,normal
TXN-004816,CUST-0141,808.6,USD,CHECK,India,Hong Kong,real_estate,branch,2026-03-25T01:51,2,0.28,1,0,,0.487,review
TXN-004817,CUST-0420,1174.39,USD,CHECK,India,Cyprus,cash_services,branch,2026-03-07T23:10,3,0.39,0,0,,0.425,normal
TXN-004818,CUST-0016,485352.81,USD,CRYPTO_TRANSFER,Singapore,China,luxury_goods,web,2025-08-12T11:07,3,59.22,1,1,R-003 customer behavior deviation|R-004 large crypto transfer,0.99,suspicious
TXN-004819,CUST-0073,1740.95,USD,CHECK,UAE,Germany,investment,branch,2025-05-11T17:50,1,0.38,0,0,,0.191,normal
TXN-004820,CUST-0141,1389.9,USD,WIRE,Singapore,India,charity,advisor,2025-03-21T04:59,2,0.48,0,0,,0.379,normal
TXN-004821,CUST-0124,400.18,USD,ACH,Switzerland,India,travel,api,2026-04-23T19:13,2,0.08,0,0,,0.326,normal
TXN-004822,CUST-0074,257879.99,USD,WIRE,Hong Kong,South Africa,cash_services,branch,2025-03-18T12:34,3,30.55,1,0,R-003 customer behavior deviation,0.836,suspicious
TXN-004823,CUST-0045,1023.73,USD,CHECK,Brazil,Brazil,luxury_goods,api,2025-04-06T07:10,3,0.31,0,0,,0.424,normal
TXN-004824,CUST-0021,1742.53,USD,ACH,China,China,investment,api,2025-03-11T01:16,3,0.24,0,0,,0.313,normal
TXN-004825,CUST-0282,6586.2,USD,CHECK,USA,Singapore,consulting,mobile,2025-06-14T20:13,1,0.09,0,0,,0.288,normal
TXN-004826,CUST-0452,134797.96,USD,INTERNATIONAL_REMITTANCE,Germany,Turkey,charity,advisor,2025-01-28T11:59,3,48.69,1,0,R-003 customer behavior deviation|R-005 opaque merchant category,0.813,suspicious
TXN-004827,CUST-0203,4924.32,USD,CARD,UAE,Turkey,cash_services,mobile,2026-04-25T16:13,3,0.55,0,0,,0.436,normal
TXN-004828,CUST-0285,324.32,USD,CHECK,Mexico,Mexico,electronics,web,2025-07-09T01:07,3,0.08,0,1,,0.384,normal
TXN-004829,CUST-0099,528.57,USD,CHECK,Singapore,Cyprus,import_export,branch,2025-06-06T01:39,3,0.16,0,1,,0.562,review
TXN-004830,CUST-0193,198516.22,USD,INTERNATIONAL_REMITTANCE,France,Cyprus,consulting,api,2025-05-19T18:23,3,36.33,1,1,R-003 customer behavior deviation|R-005 opaque merchant category,0.979,suspicious
TXN-004831,CUST-0407,2581.42,USD,WIRE,USA,Mexico,charity,advisor,2025-09-21T00:10,3,0.41,0,0,,0.383,normal
TXN-004832,CUST-0422,2693.21,USD,CHECK,Turkey,Turkey,consulting,web,2025-09-01T12:07,3,0.4,0,0,,0.461,review
TXN-004833,CUST-0182,3210.95,USD,CARD,Hong Kong,Cyprus,investment,branch,2025-01-27T18:34,3,0.36,1,0,,0.531,review
TXN-004834,CUST-0408,170.47,USD,CARD,Mexico,Mexico,cash_services,advisor,2026-05-04T06:47,3,0.03,0,0,,0.418,normal
TXN-004835,CUST-0128,475210.9,USD,WIRE,USA,Russia,real_estate,web,2025-04-17T01:21,5,72.28,1,1,R-002 high-risk jurisdiction|R-003 customer behavior deviation,0.99,suspicious
TXN-004836,CUST-0444,2958.6,USD,ACH,Turkey,USA,electronics,mobile,2025-05-30T17:11,1,0.17,0,0,,0.457,review
TXN-004837,CUST-0272,72.05,USD,CARD,Mexico,UK,investment,web,2026-04-25T01:21,1,0.11,0,0,,0.233,normal
TXN-004838,CUST-0151,179.71,USD,CARD,Mexico,Mexico,travel,advisor,2026-03-10T07:56,3,0.06,0,0,,0.302,normal
TXN-004839,CUST-0063,432.15,USD,CARD,China,Hong Kong,electronics,web,2026-01-14T06:58,2,0.08,0,0,,0.291,normal
TXN-004840,CUST-0194,27686.81,USD,CHECK,UK,China,consulting,advisor,2025-03-04T16:04,3,0.59,0,0,,0.526,review
TXN-004841,CUST-0436,1170.77,USD,WIRE,China,Mexico,investment,api,2025-11-16T03:26,3,0.18,0,0,,0.322,normal
TXN-004842,CUST-0329,15000000,USD,INTERNATIONAL_REMITTANCE,Turkey,Turkey,charity,web,2026-04-08T07:02,3,69.78,0,0,R-003 customer behavior deviation|R-005 opaque merchant category,0.736,suspicious
TXN-004843,CUST-0461,387.01,USD,WIRE,Mexico,Mexico,cash_services,web,2026-01-14T22:35,3,0.05,0,0,,0.462,review
TXN-004844,CUST-0131,230216.24,USD,CASH_PAYMENT,Canada,Turkey,luxury_goods,web,2025-06-02T11:10,3,56.97,0,1,R-003 customer behavior deviation,0.896,suspicious
TXN-004845,CUST-0481,134.1,USD,WIRE,China,China,investment,api,2025-10-25T23:16,3,0.21,0,0,,0.339,normal
TXN-004846,CUST-0338,25097.69,USD,CASH_PAYMENT,Switzerland,Iran,luxury_goods,web,2025-09-16T07:59,5,25.58,1,1,R-002 high-risk jurisdiction|R-003 customer behavior deviation,0.99,suspicious
TXN-004847,CUST-0034,757.79,USD,INTERNATIONAL_REMITTANCE,Hong Kong,Hong Kong,luxury_goods,branch,2025-11-27T16:40,2,0.14,0,0,,0.502,review
TXN-004848,CUST-0275,43.52,USD,ACH,Brazil,Mexico,investment,mobile,2025-12-14T23:00,3,0.03,0,0,,0.532,review
TXN-004849,CUST-0124,1396.94,USD,ACH,India,China,luxury_goods,branch,2026-03-08T14:05,3,0.28,1,0,,0.43,normal
TXN-004850,CUST-0457,44412.25,USD,INTERNATIONAL_REMITTANCE,Germany,Germany,luxury_goods,web,2026-01-24T07:00,1,0.3,0,0,,0.269,normal
TXN-004851,CUST-0044,963.77,USD,ACH,UK,Singapore,cash_services,mobile,2025-07-05T22:14,1,0.29,1,0,,0.357,normal
TXN-004852,CUST-0225,960.06,USD,CHECK,India,India,luxury_goods,branch,2025-05-26T06:23,2,0.16,0,0,,0.281,normal
TXN-004853,CUST-0012,2591.34,USD,CASH_PAYMENT,Singapore,Singapore,investment,branch,2026-01-23T02:11,1,0.3,0,1,,0.451,review
TXN-004854,CUST-0403,465.03,USD,CARD,Germany,Cyprus,cash_services,mobile,2025-11-16T05:11,3,0.12,1,0,,0.478,review
TXN-004855,CUST-0262,702.7,USD,INTERNATIONAL_REMITTANCE,UAE,USA,electronics,mobile,2025-08-14T00:50,1,0.23,0,0,,0.25,normal
TXN-004856,CUST-0291,511.15,USD,CARD,Mexico,Hong Kong,real_estate,branch,2026-02-19T10:48,2,0.09,0,0,,0.257,normal
TXN-004857,CUST-0438,2444484.23,USD,WIRE,Cyprus,Turkey,charity,api,2025-10-14T19:40,3,18.35,1,0,R-003 customer behavior deviation|R-005 opaque merchant category,0.852,suspicious
TXN-004858,CUST-0441,1540239.8,USD,CASH_PAYMENT,France,Brazil,luxury_goods,web,2025-07-26T03:07,3,68.88,0,1,R-003 customer behavior deviation,0.939,suspicious
TXN-004859,CUST-0268,2351.98,USD,ACH,USA,France,investment,branch,2025-12-10T23:50,1,0.28,1,0,,0.353,normal
TXN-004860,CUST-0218,2302.31,USD,INTERNATIONAL_REMITTANCE,China,India,import_export,api,2025-04-10T09:42,2,0.73,0,1,,0.39,normal
TXN-004861,CUST-0100,572840.85,USD,CRYPTO_TRANSFER,Brazil,Iran,unknown,api,2025-07-07T12:23,5,72.91,1,1,R-002 high-risk jurisdiction|R-003 customer behavior deviation|R-004 large crypto transfer|R-005 opaque merchant category,0.99,suspicious
TXN-004862,CUST-0296,2978653.06,USD,INTERNATIONAL_REMITTANCE,Switzerland,Nigeria,cash_services,branch,2025-02-24T10:54,4,34.04,1,1,R-002 high-risk jurisdiction|R-003 customer behavior deviation,0.99,suspicious
TXN-004863,CUST-0150,2069.93,USD,WIRE,UAE,Hong Kong,electronics,advisor,2025-02-24T18:13,2,0.24,0,0,,0.368,normal
TXN-004864,CUST-0052,1191.91,USD,WIRE,Cyprus,India,charity,api,2025-04-11T01:46,2,0.19,0,0,,0.409,normal
TXN-004865,CUST-0221,161327.36,USD,CRYPTO_TRANSFER,USA,South Africa,luxury_goods,api,2026-02-17T11:51,3,74.1,1,1,R-003 customer behavior deviation,0.984,suspicious
TXN-004866,CUST-0231,899.79,USD,ACH,South Africa,South Africa,consulting,mobile,2025-02-20T11:40,3,0.18,0,0,,0.459,review
TXN-004867,CUST-0175,109205.01,USD,INTERNATIONAL_REMITTANCE,Hong Kong,India,investment,advisor,2025-02-22T13:14,2,1.25,0,0,,0.346,normal
TXN-004868,CUST-0399,564.82,USD,ACH,China,Cyprus,investment,web,2025-05-04T09:52,3,0.28,0,0,,0.364,normal
TXN-004869,CUST-0293,663588.57,USD,WIRE,Mexico,Russia,real_estate,advisor,2025-05-22T13:27,5,84.15,1,0,R-002 high-risk jurisdiction|R-003 customer behavior deviation,0.987,suspicious
TXN-004870,CUST-0489,648.69,USD,ACH,Switzerland,Canada,consulting,web,2026-04-01T22:43,1,0.14,0,0,,0.176,normal
TXN-004871,CUST-0339,8979.86,USD,INTERNATIONAL_REMITTANCE,Turkey,Singapore,charity,web,2026-02-03T18:44,1,0.28,0,0,,0.319,normal
TXN-004872,CUST-0369,191.47,USD,CASH_PAYMENT,India,Cyprus,luxury_goods,advisor,2025-02-22T18:24,3,0.04,0,1,,0.514,review
TXN-004873,CUST-0212,4222.37,USD,WIRE,Singapore,UK,investment,mobile,2025-03-18T23:58,1,0.66,1,0,,0.342,normal
TXN-004874,CUST-0029,8807.89,USD,CARD,UAE,UAE,luxury_goods,api,2026-05-06T09:30,2,0.08,0,0,,0.495,review
TXN-004875,CUST-0007,769.29,USD,WIRE,Switzerland,India,electronics,branch,2025-04-30T20:10,2,0.28,0,0,,0.286,normal
TXN-004876,CUST-0457,21690.58,USD,INTERNATIONAL_REMITTANCE,Singapore,France,cash_services,web,2026-04-01T22:41,1,0.14,0,0,,0.248,normal
TXN-004877,CUST-0057,3056.94,USD,CARD,Mexico,Turkey,consulting,branch,2025-09-04T09:29,3,0.42,0,0,,0.312,normal
TXN-004878,CUST-0454,123000.9,USD,ACH,UAE,UAE,charity,advisor,2025-06-30T21:08,2,0.18,0,0,R-005 opaque merchant category,0.462,review
TXN-004879,CUST-0091,449.65,USD,CHECK,France,South Africa,investment,advisor,2026-01-16T16:05,3,0.09,0,0,,0.326,normal
TXN-004880,CUST-0204,59436.21,USD,INTERNATIONAL_REMITTANCE,Cyprus,Cyprus,charity,advisor,2025-10-27T23:23,3,0.17,0,0,,0.61,review
TXN-004881,CUST-0476,1175.38,USD,CARD,UK,UK,import_export,mobile,2025-01-29T07:26,1,0.27,0,0,,0.28,normal
TXN-004882,CUST-0135,8457.16,USD,ACH,Germany,Germany,charity,branch,2025-10-08T22:14,1,0.55,0,0,,0.438,normal
TXN-004883,CUST-0067,421.82,USD,WIRE,Canada,France,charity,mobile,2025-05-20T00:52,1,0.1,1,0,,0.34,normal
TXN-004884,CUST-0496,89902.25,USD,CRYPTO_TRANSFER,UK,UK,import_export,advisor,2025-05-05T06:42,1,0.67,0,1,,0.393,normal
TXN-004885,CUST-0348,20689.76,USD,CHECK,Switzerland,UAE,import_export,advisor,2025-10-19T17:11,2,0.05,0,0,,0.295,normal
TXN-004886,CUST-0489,532.81,USD,ACH,Switzerland,Cyprus,cash_services,mobile,2025-01-27T01:16,3,0.11,0,0,,0.369,normal
TXN-004887,CUST-0201,447.43,USD,CRYPTO_TRANSFER,South Africa,Cyprus,real_estate,advisor,2025-11-14T09:57,3,0.16,0,1,,0.633,review
TXN-004888,CUST-0139,3243.45,USD,INTERNATIONAL_REMITTANCE,South Africa,USA,investment,api,2025-05-05T00:18,1,0.05,0,0,,0.313,normal
TXN-004889,CUST-0233,2304.81,USD,CHECK,Mexico,Cyprus,real_estate,mobile,2025-09-16T01:46,3,0.39,0,0,,0.434,normal
TXN-004890,CUST-0250,1765.5,USD,CASH_PAYMENT,UK,UK,luxury_goods,mobile,2025-03-10T02:31,1,0.43,0,1,,0.354,normal
TXN-004891,CUST-0423,10259.65,USD,CARD,Switzerland,Germany,cash_services,branch,2025-11-12T10:31,1,0.17,1,0,,0.29,normal
TXN-004892,CUST-0386,132138.61,USD,INTERNATIONAL_REMITTANCE,Hong Kong,South Africa,import_export,web,2025-11-23T08:44,3,0.68,0,1,,0.529,review
TXN-004893,CUST-0408,871.91,USD,WIRE,Brazil,Mexico,investment,branch,2026-01-07T21:14,3,0.17,0,0,,0.375,normal
TXN-004894,CUST-0405,156.3,USD,INTERNATIONAL_REMITTANCE,Singapore,Hong Kong,luxury_goods,api,2025-08-21T10:15,2,0.09,0,0,,0.368,normal
TXN-004895,CUST-0430,240.95,USD,ACH,Brazil,Singapore,real_estate,advisor,2026-03-23T18:46,1,0.1,0,0,,0.273,normal
TXN-004896,CUST-0335,19280.48,USD,CHECK,Cyprus,Turkey,luxury_goods,mobile,2025-04-13T18:01,3,0.1,0,0,,0.435,normal
TXN-004897,CUST-0058,1386.17,USD,WIRE,France,China,real_estate,advisor,2025-09-17T03:14,3,0.15,0,0,,0.32,normal
TXN-004898,CUST-0184,256509.6,USD,CASH_PAYMENT,Turkey,Turkey,consulting,web,2026-04-27T21:57,3,59.73,0,1,R-003 customer behavior deviation|R-005 opaque merchant category,0.917,suspicious
TXN-004899,CUST-0188,969.84,USD,WIRE,Germany,Switzerland,consulting,branch,2025-06-01T00:47,2,0.24,1,0,,0.436,normal
TXN-004900,CUST-0235,16173.78,USD,INTERNATIONAL_REMITTANCE,China,India,real_estate,advisor,2025-01-07T23:09,2,0.16,0,0,,0.329,normal
TXN-004901,CUST-0223,1686.17,USD,CARD,Turkey,Brazil,investment,branch,2025-10-03T13:49,3,0.49,0,0,,0.441,normal
TXN-004902,CUST-0334,460.99,USD,CHECK,UAE,UAE,investment,api,2025-03-22T17:48,2,0.08,0,0,,0.359,normal
TXN-004903,CUST-0152,123.58,USD,INTERNATIONAL_REMITTANCE,Turkey,Turkey,investment,mobile,2025-09-28T10:49,3,0.07,0,0,,0.446,normal
TXN-004904,CUST-0353,83977.66,USD,INTERNATIONAL_REMITTANCE,Switzerland,China,electronics,web,2025-04-23T03:22,3,0.39,0,0,,0.328,normal
TXN-004905,CUST-0302,57316.94,USD,CASH_PAYMENT,UAE,British Virgin Islands,cash_services,advisor,2025-06-24T17:44,4,80.01,1,1,R-002 high-risk jurisdiction|R-003 customer behavior deviation,0.99,suspicious
TXN-004906,CUST-0184,8745.93,USD,CHECK,Singapore,Turkey,cash_services,api,2025-05-09T18:59,3,2.04,0,0,,0.389,normal
TXN-004907,CUST-0292,26455.61,USD,INTERNATIONAL_REMITTANCE,Brazil,Brazil,travel,api,2025-08-20T11:52,3,0.11,0,0,,0.392,normal
TXN-004908,CUST-0331,1989480.24,USD,CASH_PAYMENT,Germany,Russia,cash_services,api,2025-08-07T14:37,5,40.55,1,1,R-002 high-risk jurisdiction|R-003 customer behavior deviation,0.99,suspicious
TXN-004909,CUST-0008,502.14,USD,CHECK,Switzerland,Germany,investment,advisor,2025-12-26T20:19,1,0.22,0,0,,0.243,normal
TXN-004910,CUST-0030,520.58,USD,ACH,Mexico,Mexico,import_export,branch,2026-03-29T00:22,3,0.15,0,0,,0.35,normal
TXN-004911,CUST-0252,1229.75,USD,ACH,Brazil,Brazil,consulting,advisor,2025-10-28T13:55,3,0.69,0,0,,0.358,normal
TXN-004912,CUST-0365,1385.02,USD,CARD,India,India,electronics,web,2026-02-09T10:07,2,0.18,0,0,,0.366,normal
TXN-004913,CUST-0310,95.06,USD,ACH,Turkey,Turkey,real_estate,advisor,2026-01-28T09:36,3,0.15,0,0,,0.332,normal
TXN-004914,CUST-0469,13559.06,USD,ACH,Cyprus,Turkey,charity,web,2025-07-05T01:03,3,0.04,0,0,,0.351,normal
TXN-004915,CUST-0177,565.59,USD,CRYPTO_TRANSFER,Hong Kong,UAE,consulting,web,2025-03-07T19:29,2,0.11,0,1,,0.438,normal
TXN-004916,CUST-0068,11479.3,USD,CHECK,UAE,Hong Kong,luxury_goods,mobile,2026-02-22T22:12,2,0.09,0,0,,0.363,normal
TXN-004917,CUST-0269,1779.6,USD,INTERNATIONAL_REMITTANCE,Singapore,UK,investment,api,2025-11-22T12:01,1,0.2,0,1,,0.493,review
TXN-004918,CUST-0217,27301.23,USD,INTERNATIONAL_REMITTANCE,Canada,Singapore,cash_services,api,2025-11-26T15:46,1,0.17,0,0,,0.385,normal
TXN-004919,CUST-0458,49814.44,USD,INTERNATIONAL_REMITTANCE,Brazil,Cyprus,charity,advisor,2026-01-10T10:05,3,51.69,1,0,R-003 customer behavior deviation,0.799,suspicious
TXN-004920,CUST-0227,13345.67,USD,CHECK,Cyprus,Singapore,charity,web,2025-11-05T03:03,1,1.92,0,0,,0.225,normal
TXN-004921,CUST-0380,1110.23,USD,INTERNATIONAL_REMITTANCE,Canada,Canada,electronics,advisor,2025-10-25T02:49,1,1.06,0,0,,0.213,normal
TXN-004922,CUST-0294,10645.97,USD,CARD,Cyprus,Mexico,charity,web,2026-03-17T00:19,3,0.06,0,0,,0.478,review
TXN-004923,CUST-0129,407.96,USD,WIRE,Brazil,Canada,consulting,api,2025-02-05T13:23,1,0.35,0,0,,0.244,normal
TXN-004924,CUST-0065,28409.7,USD,ACH,Canada,UAE,electronics,mobile,2025-05-13T19:51,2,0.22,0,0,,0.289,normal
TXN-004925,CUST-0125,79517.8,USD,CARD,Cyprus,USA,investment,branch,2025-01-20T02:50,1,0.13,0,0,,0.353,normal
TXN-004926,CUST-0492,12026.16,USD,CARD,Hong Kong,Hong Kong,cash_services,branch,2025-09-05T09:08,2,0.28,0,0,,0.37,normal
TXN-004927,CUST-0308,158.07,USD,WIRE,India,Hong Kong,electronics,mobile,2025-04-12T00:50,2,0.16,0,0,,0.313,normal
TXN-004928,CUST-0389,35668.41,USD,CHECK,Turkey,Germany,real_estate,mobile,2026-01-03T12:28,1,0.42,0,1,,0.424,normal
TXN-004929,CUST-0397,4050.59,USD,ACH,USA,USA,consulting,advisor,2025-05-25T06:20,1,0.52,0,1,,0.222,normal
TXN-004930,CUST-0105,10982.29,USD,WIRE,Canada,Singapore,luxury_goods,api,2025-04-24T10:28,1,0.23,1,0,,0.313,normal
TXN-004931,CUST-0288,33.13,USD,CARD,Brazil,Iran,charity,advisor,2025-09-09T05:46,5,0.03,1,0,R-002 high-risk jurisdiction,0.67,review
TXN-004932,CUST-0256,1990.17,USD,CARD,Switzerland,USA,travel,web,2025-12-19T15:40,1,0.31,0,0,,0.379,normal
TXN-004933,CUST-0012,1347.09,USD,WIRE,Singapore,Cyprus,consulting,api,2025-03-10T04:33,3,0.16,1,0,,0.489,review
TXN-004934,CUST-0134,1285.02,USD,CHECK,Cyprus,Mexico,cash_services,web,2025-08-09T13:28,3,0.59,0,1,,0.458,review
TXN-004935,CUST-0179,46542.37,USD,CHECK,UAE,Hong Kong,luxury_goods,api,2025-07-23T23:49,2,0.25,0,0,,0.323,normal
TXN-004936,CUST-0209,78.36,USD,WIRE,Mexico,Hong Kong,travel,web,2025-09-10T16:57,2,0.08,0,1,,0.399,normal
TXN-004937,CUST-0247,3645.94,USD,CASH_PAYMENT,UAE,UAE,luxury_goods,api,2026-03-01T02:54,2,0.44,0,1,,0.704,suspicious
TXN-004938,CUST-0310,163.68,USD,ACH,Singapore,Panama,import_export,api,2025-11-19T06:28,4,0.25,1,0,R-002 high-risk jurisdiction,0.526,review
TXN-004939,CUST-0133,8938.38,USD,CHECK,UK,China,luxury_goods,branch,2026-05-01T15:49,3,0.14,0,0,,0.443,normal
TXN-004940,CUST-0493,130.61,USD,INTERNATIONAL_REMITTANCE,Cyprus,Canada,charity,branch,2025-09-26T10:41,1,0.04,0,0,,0.151,normal
TXN-004941,CUST-0419,37929.78,USD,CASH_PAYMENT,USA,Cayman Islands,cash_services,branch,2026-05-01T16:36,4,6.34,1,1,R-002 high-risk jurisdiction,0.833,suspicious
TXN-004942,CUST-0214,237.37,USD,CASH_PAYMENT,Mexico,Cyprus,real_estate,api,2025-06-21T11:40,3,0.09,1,1,,0.65,review
TXN-004943,CUST-0145,1189.27,USD,CARD,UK,Canada,real_estate,branch,2025-07-02T04:49,1,0.27,0,0,,0.202,normal
TXN-004944,CUST-0136,383247.61,USD,INTERNATIONAL_REMITTANCE,Turkey,Mexico,unknown,advisor,2025-12-26T03:27,3,81.04,0,1,R-003 customer behavior deviation|R-005 opaque merchant category,0.845,suspicious
TXN-004945,CUST-0200,605.58,USD,ACH,South Africa,Germany,investment,branch,2026-02-26T21:28,1,0.13,0,0,,0.247,normal
TXN-004946,CUST-0225,919.27,USD,CHECK,France,Singapore,real_estate,web,2026-04-08T10:32,1,0.15,0,0,,0.201,normal
TXN-004947,CUST-0247,492.11,USD,CARD,UAE,Switzerland,charity,branch,2025-03-25T12:26,2,0.06,0,0,,0.435,normal
TXN-004948,CUST-0001,3747.23,USD,CRYPTO_TRANSFER,France,Turkey,investment,api,2025-05-27T16:12,3,5.26,0,1,,0.621,review
TXN-004949,CUST-0281,7875.44,USD,CRYPTO_TRANSFER,China,Canada,charity,branch,2025-02-21T04:06,1,0.28,0,1,,0.47,review
TXN-004950,CUST-0276,543.09,USD,CARD,Switzerland,Switzerland,investment,advisor,2026-02-17T11:09,2,0.1,0,0,,0.314,normal
TXN-004951,CUST-0020,5546.33,USD,CHECK,South Africa,Cayman Islands,import_export,mobile,2026-02-20T03:36,4,0.09,1,0,R-002 high-risk jurisdiction,0.879,suspicious
TXN-004952,CUST-0134,158.12,USD,CARD,Cyprus,Brazil,real_estate,mobile,2025-04-12T19:30,3,0.07,0,0,,0.316,normal
TXN-004953,CUST-0213,2487.52,USD,CHECK,South Africa,Turkey,consulting,mobile,2025-11-08T11:50,3,0.4,0,0,,0.332,normal
TXN-004954,CUST-0463,10999.95,USD,WIRE,Singapore,South Africa,import_export,advisor,2025-07-31T17:29,3,0.14,0,0,,0.421,normal
TXN-004955,CUST-0440,29544.85,USD,CARD,USA,USA,import_export,api,2026-02-18T01:06,1,0.47,0,0,,0.261,normal
TXN-004956,CUST-0266,656.34,USD,CHECK,China,France,consulting,mobile,2025-10-10T12:55,1,0.37,0,0,,0.256,normal
TXN-004957,CUST-0444,2992.21,USD,INTERNATIONAL_REMITTANCE,USA,Turkey,luxury_goods,web,2026-04-18T10:23,3,0.17,0,0,,0.55,review
TXN-004958,CUST-0003,6911740.17,USD,WIRE,UK,Panama,consulting,web,2026-03-06T11:01,4,73.95,1,0,R-002 high-risk jurisdiction|R-003 customer behavior deviation|R-005 opaque merchant category,0.942,suspicious
TXN-004959,CUST-0396,20476.55,USD,INTERNATIONAL_REMITTANCE,Brazil,Singapore,electronics,api,2025-08-12T23:42,1,0.12,0,0,,0.263,normal
TXN-004960,CUST-0204,15000000,USD,CASH_PAYMENT,Cyprus,China,real_estate,advisor,2026-03-23T13:46,3,43.76,1,1,R-001 high-value cash payment|R-003 customer behavior deviation,0.99,suspicious
TXN-004961,CUST-0049,3568.4,USD,ACH,India,Germany,charity,api,2025-05-06T04:43,1,0.47,0,1,,0.325,normal
TXN-004962,CUST-0221,1013.1,USD,CARD,USA,Turkey,cash_services,branch,2025-03-03T02:22,3,0.47,0,0,,0.337,normal
TXN-004963,CUST-0088,485450.1,USD,CRYPTO_TRANSFER,Switzerland,Brazil,luxury_goods,web,2025-05-04T02:17,3,67.23,1,1,R-003 customer behavior deviation|R-004 large crypto transfer,0.982,suspicious
TXN-004964,CUST-0343,2331.81,USD,ACH,Mexico,Switzerland,charity,mobile,2026-04-10T00:32,2,0.04,0,0,,0.296,normal
TXN-004965,CUST-0172,205.26,USD,ACH,UK,UAE,luxury_goods,api,2025-03-19T19:50,2,0.1,0,0,,0.337,normal
TXN-004966,CUST-0447,1400.34,USD,CHECK,Cyprus,Germany,charity,api,2025-09-14T21:25,1,0.52,0,0,,0.227,normal
TXN-004967,CUST-0090,3460105.37,USD,CASH_PAYMENT,South Africa,Panama,charity,web,2025-01-29T21:35,4,79.58,1,1,R-002 high-risk jurisdiction|R-003 customer behavior deviation|R-005 opaque merchant category,0.99,suspicious
TXN-004968,CUST-0386,54101.21,USD,CHECK,South Africa,China,real_estate,api,2025-04-30T20:05,3,0.28,0,0,,0.425,normal
TXN-004969,CUST-0281,1554928.56,USD,WIRE,Canada,Turkey,consulting,advisor,2025-12-19T23:15,3,55.24,1,1,R-003 customer behavior deviation|R-005 opaque merchant category,0.99,suspicious
TXN-004970,CUST-0081,13923.55,USD,CARD,Germany,Germany,real_estate,api,2025-03-14T04:32,1,0.18,0,0,,0.352,normal
TXN-004971,CUST-0389,67829.21,USD,CARD,Germany,Iran,charity,branch,2026-04-21T13:21,5,0.8,1,0,R-002 high-risk jurisdiction,0.733,suspicious
TXN-004972,CUST-0469,72893.71,USD,CHECK,Turkey,Turkey,electronics,mobile,2025-01-21T20:56,3,0.23,0,0,,0.304,normal
TXN-004973,CUST-0090,2930.64,USD,INTERNATIONAL_REMITTANCE,Singapore,Singapore,investment,web,2026-03-24T23:03,1,0.07,0,0,,0.361,normal
TXN-004974,CUST-0030,664.06,USD,WIRE,Germany,India,electronics,branch,2025-07-16T11:50,2,0.19,0,0,,0.295,normal
TXN-004975,CUST-0075,427756.44,USD,INTERNATIONAL_REMITTANCE,Brazil,Nigeria,cash_services,web,2025-04-03T07:13,4,82.4,1,0,R-002 high-risk jurisdiction|R-003 customer behavior deviation,0.9,suspicious
TXN-004976,CUST-0020,21081.19,USD,CHECK,South Africa,Mexico,import_export,mobile,2025-07-19T18:45,3,0.34,0,0,,0.658,review
TXN-004977,CUST-0249,255.5,USD,ACH,Cyprus,India,charity,advisor,2025-07-23T20:39,2,0.43,0,1,,0.459,review
TXN-004978,CUST-0453,4772.65,USD,ACH,UK,UK,luxury_goods,web,2025-11-22T00:59,1,0.73,0,0,,0.195,normal
TXN-004979,CUST-0208,574.95,USD,CRYPTO_TRANSFER,Singapore,Hong Kong,import_export,mobile,2025-07-11T08:17,2,0.05,0,1,,0.523,review
TXN-004980,CUST-0476,93491.12,USD,CASH_PAYMENT,UK,Cayman Islands,consulting,branch,2026-04-26T21:35,4,21.54,1,1,R-002 high-risk jurisdiction|R-003 customer behavior deviation,0.99,suspicious
TXN-004981,CUST-0423,2586.59,USD,CARD,Canada,Switzerland,electronics,mobile,2026-03-23T14:17,2,0.04,0,0,,0.255,normal
TXN-004982,CUST-0053,5873.19,USD,CARD,UK,UK,real_estate,web,2026-03-08T16:58,1,0.12,0,0,,0.323,normal
TXN-004983,CUST-0121,212.13,USD,CARD,UK,Germany,real_estate,advisor,2026-03-16T19:50,1,0.1,0,0,,0.216,normal
TXN-004984,CUST-0315,806.22,USD,ACH,Canada,Germany,travel,api,2025-04-19T03:45,1,0.16,1,0,,0.377,normal
TXN-004985,CUST-0016,479.82,USD,WIRE,Singapore,France,consulting,advisor,2025-12-22T16:51,1,0.06,0,0,,0.273,normal
TXN-004986,CUST-0392,12685.39,USD,CHECK,Cyprus,USA,real_estate,mobile,2025-04-09T22:36,1,0.24,0,0,,0.454,review
TXN-004987,CUST-0020,5731.42,USD,ACH,South Africa,Mexico,luxury_goods,web,2025-10-21T23:43,3,0.09,0,0,,0.647,review
TXN-004988,CUST-0278,42.43,USD,WIRE,UAE,Singapore,cash_services,advisor,2025-11-29T01:15,1,0.08,0,0,,0.234,normal
TXN-004989,CUST-0037,238.44,USD,CASH_PAYMENT,France,Brazil,luxury_goods,api,2025-08-05T13:44,3,0.06,1,1,,0.718,suspicious
TXN-004990,CUST-0244,1935.51,USD,CRYPTO_TRANSFER,South Africa,Turkey,consulting,web,2025-02-05T03:06,3,0.33,0,1,,0.52,review
TXN-004991,CUST-0374,607.49,USD,INTERNATIONAL_REMITTANCE,Germany,France,cash_services,branch,2025-05-31T21:01,1,0.09,0,0,,0.334,normal
TXN-004992,CUST-0330,51047.95,USD,CARD,China,Nigeria,real_estate,web,2025-02-07T07:49,4,0.21,1,1,R-002 high-risk jurisdiction,0.62,review
TXN-004993,CUST-0430,155.01,USD,ACH,Brazil,Cyprus,travel,branch,2026-03-04T03:42,3,0.07,0,0,,0.333,normal
TXN-004994,CUST-0030,2200.49,USD,ACH,Mexico,Germany,electronics,branch,2025-01-18T01:45,1,0.62,0,0,,0.217,normal
TXN-004995,CUST-0392,23538.66,USD,CHECK,Cyprus,China,luxury_goods,advisor,2026-02-05T04:46,3,0.44,0,0,,0.588,review
TXN-004996,CUST-0407,320485.03,USD,CASH_PAYMENT,USA,South Africa,cash_services,branch,2026-02-18T09:41,3,50.5,1,1,R-003 customer behavior deviation,0.99,suspicious
TXN-004997,CUST-0306,1625.43,USD,ACH,Brazil,Germany,consulting,api,2025-11-15T03:42,1,0.28,0,0,,0.244,normal
TXN-004998,CUST-0499,104419.32,USD,CHECK,South Africa,South Africa,luxury_goods,advisor,2025-10-08T18:11,3,0.42,0,0,,0.415,normal
TXN-004999,CUST-0251,12495519.1,USD,INTERNATIONAL_REMITTANCE,Singapore,Mexico,cash_services,api,2026-01-20T20:36,3,55.24,1,0,R-003 customer behavior deviation,0.906,suspicious
TXN-005000,CUST-0094,24864.28,USD,WIRE,Switzerland,Switzerland,real_estate,web,2025-02-17T11:03,2,0.35,0,0,,0.406,normal
